time,open,high,low,close,Internal Higher High,Internal Lower High,Internal Lower Low,Internal Higher Low,Liquidity Grabs (Open),Liquidity Grabs (High,Liquidity Grabs (Low),Liquidity Grabs (Close),Premium Bottom,Equilibrium Top,Equilibrium Bottom,Discount Top,Custom Alert Condition Highlighter,Alert Scripting Condition Highlighter,@valuewhen
1782878400,7532.5,7532.75,7528.25,7529.75,,,,,,,,,7563.937499999999,7531.53125,7527.71875,7495.312499999999,,,
1782878700,7529.75,7531.25,7529.5,7530,,,,,,,,,7563.937499999999,7531.53125,7527.71875,7495.312499999999,,,
1782879000,7530,7530.75,7527.75,7528,,,,,,,,,7563.937499999999,7531.53125,7527.71875,7495.312499999999,,,
1782879300,7528,7528.75,7527.25,7528.25,,,,,,,,,7563.937499999999,7531.53125,7527.71875,7495.312499999999,,,
1782879600,7528,7529.75,7527,7528.5,,,,7527,,,,,7563.937499999999,7531.53125,7527.71875,7495.312499999999,,,
1782879900,7528.25,7530.75,7527.75,7530,,,,,,,,,7563.937499999999,7531.53125,7527.71875,7495.312499999999,,,
1782880200,7530.25,7530.5,7529.5,7530.25,,,,,,,,,7563.937499999999,7531.53125,7527.71875,7495.312499999999,,,
1782880500,7530.25,7530.25,7527.5,7528.5,,,,,,,,,7563.937499999999,7531.53125,7527.71875,7495.312499999999,,,
1782880800,7528.25,7531.5,7528,7530.75,,,,,,,,,7563.937499999999,7531.53125,7527.71875,7495.312499999999,,,
1782881100,7531.25,7534,7531.25,7533,,,,,,,,,7563.937499999999,7531.53125,7527.71875,7495.312499999999,,,
1782881400,7533,7535,7533,7534.5,7535,,,,,,,,7563.937499999999,7531.53125,7527.71875,7495.312499999999,,,
1782881700,7534.25,7534.75,7529.75,7530.5,,,,,,,,,7563.937499999999,7531.53125,7527.71875,7495.312499999999,,,
1782882000,7530.75,7531.75,7528.75,7530.25,,,,,,,,,7563.937499999999,7531.53125,7527.71875,7495.312499999999,,,
1782882300,7530.25,7532.5,7530,7531.5,,,,,,,,,7563.937499999999,7531.53125,7527.71875,7495.312499999999,,,
1782882600,7531.25,7531.25,7530,7530.5,,,,,,,,,7563.937499999999,7531.53125,7527.71875,7495.312499999999,,,
1782882900,7530.5,7531.25,7529.25,7530.5,,,,,,,,,7563.937499999999,7531.53125,7527.71875,7495.312499999999,,,
1782883200,7530.5,7530.75,7528,7529.75,,,,,,,,,7563.937499999999,7531.53125,7527.71875,7495.312499999999,,,
1782883500,7529.5,7529.5,7527.5,7528.25,,,,,,,,,7563.937499999999,7531.53125,7527.71875,7495.312499999999,,,
1782883800,7528.5,7529.5,7527.5,7528.25,,,,,,,,,7563.937499999999,7531.53125,7527.71875,7495.312499999999,,,
1782884100,7528.25,7529,7526.25,7528.5,,,,,,,,,7563.937499999999,7531.53125,7527.71875,7495.312499999999,,,
1782884400,7528.5,7530,7527.75,7528.5,,,,,,,,,7563.937499999999,7531.53125,7527.71875,7495.312499999999,,,
1782884700,7528.5,7530,7525.75,7526.25,,,,,,,,,7563.937499999999,7531.53125,7527.71875,7495.312499999999,,,
1782885000,7526.5,7528.5,7526,7527.75,,,,,,,,,7563.937499999999,7531.53125,7527.71875,7495.312499999999,,,
1782885300,7527.5,7528.5,7527,7527.5,,,,,,,,,7563.937499999999,7531.53125,7527.71875,7495.312499999999,,,
1782885600,7527.5,7530,7524.75,7525.75,,,,,,,,,7563.937499999999,7531.53125,7527.71875,7495.312499999999,,,
1782885900,7525.5,7527.75,7525.25,7527.25,,,,,,,,,7563.937499999999,7531.53125,7527.71875,7495.312499999999,,,
1782886200,7527,7529.25,7526,7526.5,,,,,,,,,7563.937499999999,7531.53125,7527.71875,7495.312499999999,,,
1782886500,7526.5,7528,7525.5,7525.75,,,,,,,,,7563.937499999999,7531.53125,7527.71875,7495.312499999999,,,
1782886800,7526,7526.75,7525.5,7525.75,,,,,,,,,7563.937499999999,7531.53125,7527.71875,7495.312499999999,,,
1782887100,7525.5,7526.5,7521.75,7525.75,,,7521.75,,,,,,7565.237499999999,7543.88125,7541.36875,7520.0125,,,
1782887400,7526,7527.25,7525,7525.25,,,,,,,,,7565.237499999999,7543.88125,7541.36875,7520.0125,,,
1782887700,7525.25,7526.5,7524.5,7526,,,,,,,,,7565.237499999999,7543.88125,7541.36875,7520.0125,,,
1782888000,7525.75,7527,7524.5,7526.75,,,,,,,,,7565.237499999999,7543.88125,7541.36875,7520.0125,,,
1782888300,7526.75,7529.25,7526,7528.75,,7529.25,,,,,,,7565.237499999999,7543.88125,7541.36875,7520.0125,,,
1782888600,7528.5,7528.75,7525.25,7525.25,,,,,,,,,7565.237499999999,7543.88125,7541.36875,7520.0125,,,
1782888900,7525.5,7525.5,7522.75,7524.25,,,,,,,,,7565.237499999999,7543.88125,7541.36875,7520.0125,,,
1782889200,7524.5,7525.25,7520.5,7522.25,,,,,,,,,7565.237499999999,7543.88125,7541.36875,7520.0125,,,
1782889500,7522.5,7522.75,7519,7519.5,,,,,,,,,7565.237499999999,7543.88125,7541.36875,7520.0125,,,
1782889800,7519.5,7519.5,7514,7515.5,,,,,,,,,7565.062499999999,7542.21875,7539.53125,7516.687499999999,,,
1782890100,7515.5,7517,7510.5,7514.75,,,7510.5,,,,,,7564.887499999999,7540.55625,7537.69375,7513.362499999999,,,
1782890400,7514.75,7519.75,7511.25,7518.75,,,,,,,,,7564.887499999999,7540.55625,7537.69375,7513.362499999999,,,
1782890700,7518.75,7520.25,7517.75,7518.75,,,,,,,,,7564.887499999999,7540.55625,7537.69375,7513.362499999999,,,
1782891000,7518.75,7521.75,7517.5,7521.25,,,,,,,,,7564.887499999999,7540.55625,7537.69375,7513.362499999999,,,
1782891300,7521.25,7522,7519.25,7521.5,,,,,,,,,7564.887499999999,7540.55625,7537.69375,7513.362499999999,,,
1782891600,7521.75,7521.75,7519,7519.5,,,,,,,,,7564.887499999999,7540.55625,7537.69375,7513.362499999999,,,
1782891900,7519.5,7522.25,7518.25,7522,,,,,,,,,7564.887499999999,7540.55625,7537.69375,7513.362499999999,,,
1782892200,7522,7522.75,7519.5,7522,,,,,,,,,7564.887499999999,7540.55625,7537.69375,7513.362499999999,,,
1782892500,7522,7524.25,7521.75,7523,,,,,,,,,7564.887499999999,7540.55625,7537.69375,7513.362499999999,,,
1782892800,7523,7523.25,7520,7520.25,,,,,,,,,7564.887499999999,7540.55625,7537.69375,7513.362499999999,,,
1782893100,7520,7524.75,7519.25,7523.75,,,,,,,,,7564.887499999999,7540.55625,7537.69375,7513.362499999999,,,
1782893400,7523.75,7525.25,7522.5,7524.25,,,,,,,,,7564.887499999999,7540.55625,7537.69375,7513.362499999999,,,
1782893700,7524.25,7526.5,7523.25,7525.5,,,,,,,,,7564.887499999999,7540.55625,7537.69375,7513.362499999999,,,
1782894000,7525.5,7526.5,7522.5,7524.25,,,,,,,,,7564.887499999999,7540.55625,7537.69375,7513.362499999999,,,
1782894300,7524.25,7525.75,7522.5,7523.75,,,,,,,,,7564.887499999999,7540.55625,7537.69375,7513.362499999999,,,
1782894600,7523.75,7526,7522,7525.25,,,,,,,,,7564.887499999999,7540.55625,7537.69375,7513.362499999999,,,
1782894900,7525,7526.25,7524.5,7526,,,,,,,,,7564.887499999999,7540.55625,7537.69375,7513.362499999999,,,
1782895200,7525.75,7528.5,7524.75,7527.5,,,,,,,,,7564.887499999999,7540.55625,7537.69375,7513.362499999999,,,
1782895500,7527.75,7527.75,7525,7525.5,,,,,,,,,7564.887499999999,7540.55625,7537.69375,7513.362499999999,,,
1782895800,7525.5,7529.25,7524.75,7528.5,,,,,,,,,7564.887499999999,7540.55625,7537.69375,7513.362499999999,,,
1782896100,7528.75,7529.25,7526.75,7529,,7529.25,,,,,,,7564.887499999999,7540.55625,7537.69375,7513.362499999999,,,
1782896400,7528.5,7529,7523.75,7524.25,,,,,,,,,7533.775,7523.362499999999,7522.137500000001,7511.724999999999,,,
1782896700,7524.5,7526.25,7523.5,7524.75,,,,,,,,,7533.775,7523.362499999999,7522.137500000001,7511.724999999999,,,
1782897000,7524.25,7526.75,7521.75,7525.75,,,,7521.75,,,,,7533.775,7523.362499999999,7522.137500000001,7511.724999999999,,,
1782897300,7525.5,7526.25,7524.75,7525.75,,,,,,,,,7533.775,7523.362499999999,7522.137500000001,7511.724999999999,,,
1782897600,7525.75,7526.5,7525.25,7525.25,,,,,,,,,7533.775,7523.362499999999,7522.137500000001,7511.724999999999,,,
1782897900,7525.25,7526,7523,7525.75,,,,,,,,,7533.775,7523.362499999999,7522.137500000001,7511.724999999999,,,
1782898200,7525.25,7527.75,7524.75,7527,,,,,,,,,7533.775,7523.362499999999,7522.137500000001,7511.724999999999,,,
1782898500,7527.25,7527.5,7526.25,7527,,,,,,,,,7533.775,7523.362499999999,7522.137500000001,7511.724999999999,,,
1782898800,7527,7527.75,7526.5,7527,,,,,,,,,7533.775,7523.362499999999,7522.137500000001,7511.724999999999,,,
1782899100,7527.25,7529.25,7527,7528.5,,,,,,,,,7533.775,7523.362499999999,7522.137500000001,7511.724999999999,,,
1782899400,7528.5,7530,7527.5,7529.75,,,,,,,,,7533.775,7523.362499999999,7522.137500000001,7511.724999999999,,,
1782899700,7529.5,7531.25,7529.25,7531,,,,,,,,,7533.775,7523.362499999999,7522.137500000001,7511.724999999999,,,
1782900000,7531,7532.25,7530,7530.5,,,,,,,,,7533.775,7523.362499999999,7522.137500000001,7511.724999999999,,,
1782900300,7530.5,7530.5,7528.25,7529.25,,,,,,,,,7533.775,7523.362499999999,7522.137500000001,7511.724999999999,,,
1782900600,7529,7529,7526,7528.25,,,,,,,,,7533.775,7523.362499999999,7522.137500000001,7511.724999999999,,,
1782900900,7528.5,7532.5,7528.5,7532,,,,,,,,,7533.775,7523.362499999999,7522.137500000001,7511.724999999999,,,
1782901200,7532.25,7534.75,7532.25,7534.25,,,,,,,,,7533.775,7523.362499999999,7522.137500000001,7511.724999999999,,,
1782901500,7534.25,7535.5,7533.5,7534.75,,,,,,,,,7534.249999999999,7523.625,7522.375,7511.749999999999,,,
1782901800,7534.5,7535.75,7533.75,7535.75,,,,,,,,,7534.487499999999,7523.75625,7522.49375,7511.7625,,,
1782902100,7535.75,7536.75,7535,7536,,,,,,,,,7535.437499999999,7524.28125,7522.96875,7511.812499999999,,,
1782902400,7536.25,7536.75,7531,7534.5,,,,,,,,,7535.437499999999,7524.28125,7522.96875,7511.812499999999,,,
1782902700,7534.25,7535,7533.5,7535,,,,,,,,,7535.437499999999,7524.28125,7522.96875,7511.812499999999,,,
1782903000,7535,7536.75,7534.5,7536,,,,,,,,,7535.437499999999,7524.28125,7522.96875,7511.812499999999,,,
1782903300,7536.25,7537.75,7535.5,7536,,,,,,,,,7536.387499999999,7524.80625,7523.44375,7511.862499999999,,,
1782903600,7536,7539.5,7536,7538.5,,,,,,,,,7538.049999999999,7525.725,7524.275,7511.95,,,
1782903900,7538.5,7539.75,7537.75,7538.75,,,,,,,,,7538.287499999999,7525.85625,7524.39375,7511.9625,,,
1782904200,7538.75,7539.75,7536.5,7537.25,7539.75,,,,,,,,7538.287499999999,7525.85625,7524.39375,7511.9625,,,
1782904500,7537.5,7539,7537.25,7537.25,,,,,,,,,7538.287499999999,7525.85625,7524.39375,7511.9625,,,
1782904800,7537.25,7537.75,7536,7536.75,,,,,,,,,7538.287499999999,7525.85625,7524.39375,7511.9625,,,
1782905100,7536.75,7538,7535.5,7536.25,,,,,,,,,7538.287499999999,7525.85625,7524.39375,7511.9625,,,
1782905400,7536,7536.5,7534.5,7535,,,,,,,,,7538.287499999999,7525.85625,7524.39375,7511.9625,,,
1782905700,7534.75,7535.5,7532.75,7534.75,,,,,,,,,7538.287499999999,7525.85625,7524.39375,7511.9625,,,
1782906000,7535,7535.75,7532.25,7535.5,,,,,,,,,7538.287499999999,7525.85625,7524.39375,7511.9625,,,
1782906300,7535.5,7536.5,7532.5,7532.75,,,,,,,,,7538.287499999999,7525.85625,7524.39375,7511.9625,,,
1782906600,7532.75,7533.25,7530,7530.75,,,,,,,,,7538.287499999999,7525.85625,7524.39375,7511.9625,,,
1782906900,7530.5,7531.75,7530,7531,,,,,,,,,7538.287499999999,7525.85625,7524.39375,7511.9625,,,
1782907200,7531,7532.75,7527.25,7528,,,,,,,,,7538.287499999999,7525.85625,7524.39375,7511.9625,,,
1782907500,7527.75,7530.5,7527.25,7530.5,,,,7527.25,,,,,7538.287499999999,7525.85625,7524.39375,7511.9625,,,
1782907800,7530.5,7533.75,7530,7532.25,,,,,,,,,7538.287499999999,7525.85625,7524.39375,7511.9625,,,
1782908100,7532.75,7537,7532.75,7536.75,,,,,,,,,7538.287499999999,7525.85625,7524.39375,7511.9625,,,
1782908400,7537,7537.75,7535.5,7537.5,,,,,,,,,7538.287499999999,7525.85625,7524.39375,7511.9625,,,
1782908700,7537.25,7537.5,7535.5,7535.5,,,,,,,,,7538.287499999999,7525.85625,7524.39375,7511.9625,,,
1782909000,7535.75,7538.75,7527.75,7528.25,,7538.75,,,,,,,7538.287499999999,7525.85625,7524.39375,7511.9625,,,
1782909300,7528.25,7531.25,7526.25,7527,,,,,,,,,7538.287499999999,7525.85625,7524.39375,7511.9625,,,
1782909600,7527,7531.25,7524.75,7528,,,,,,,,,7538.287499999999,7525.85625,7524.39375,7511.9625,,,
1782909900,7528,7529.25,7525.5,7528,,,,,,,,,7538.287499999999,7525.85625,7524.39375,7511.9625,,,
1782910200,7528,7531.5,7526.25,7527.25,,,,,,,,,7538.287499999999,7525.85625,7524.39375,7511.9625,,,
1782910500,7527.5,7532,7525.25,7528.5,,,,,,,,,7538.287499999999,7525.85625,7524.39375,7511.9625,,,
1782910800,7528.25,7535,7528.25,7530,,,,,,,,,7538.287499999999,7525.85625,7524.39375,7511.9625,,,
1782911100,7529.75,7530.25,7523.75,7525,,,,,,,,,7538.287499999999,7525.85625,7524.39375,7511.9625,,,
1782911400,7525.5,7527.75,7524,7527,,,,,,,,,7538.287499999999,7525.85625,7524.39375,7511.9625,,,
1782911700,7527.25,7539.5,7527,7535.25,,,,,,,,,7538.287499999999,7525.85625,7524.39375,7511.9625,,,
1782912000,7535,7539,7534.5,7537.75,,,,,,,,,7538.287499999999,7525.85625,7524.39375,7511.9625,,,
1782912300,7537.75,7537.75,7528.5,7532,,,,,,,,,7538.287499999999,7525.85625,7524.39375,7511.9625,,,
1782912600,7532,7534,7507.25,7508.75,,,,,,,,,7538.125,7524.3125,7522.6875,7508.875,,,
1782912900,7508.75,7517,7506,7513.75,,,7506,,,,,,7538.0625,7523.71875,7522.03125,7507.6875,,,
1782913200,7513.75,7520,7510,7514.75,,,,,,,,,7538.0625,7523.71875,7522.03125,7507.6875,,,
1782913500,7514.75,7524.25,7511.25,7519.75,,,,,,,,,7538.0625,7523.71875,7522.03125,7507.6875,,,
1782913800,7519.75,7532.5,7519,7531,,,,,,,,,7538.0625,7523.71875,7522.03125,7507.6875,,,
1782914100,7530.5,7537,7528,7536,,,,,,,,,7538.0625,7523.71875,7522.03125,7507.6875,,,
1782914400,7537,7540,7533,7537.25,,,,,,,,,7538.3,7523.85,7522.15,7507.7,,,
1782914700,7537.5,7546.5,7536.5,7544.5,,,,,,,,,7544.474999999999,7527.262500000001,7525.237499999999,7508.025,,,
1782915000,7544.25,7552.5,7543.5,7549.75,,,,,,,,,7550.175,7530.4125,7528.0875,7508.325,,,
1782915300,7550,7552,7546.75,7551,,,,,,,,,7550.175,7530.4125,7528.0875,7508.325,,,
1782915600,7550.75,7553.5,7549.75,7551.5,,,,,,,,,7551.125,7530.9375,7528.5625,7508.375,,,
1782915900,7551.5,7553.75,7550.25,7551.75,,,,,,,,,7551.3625,7531.06875,7528.68125,7508.3875,,,
1782916200,7551.75,7552.5,7543.5,7546.25,,,,,,,,,7551.3625,7531.06875,7528.68125,7508.3875,,,
1782916500,7546.5,7552.75,7543.25,7552.25,,,,,,,,,7551.3625,7531.06875,7528.68125,7508.3875,,,
1782916800,7552.5,7555.5,7548,7549.75,,,,,,,,,7553.025,7531.9875,7529.5125,7508.474999999999,,,
1782917100,7549.75,7550.25,7540,7548.25,,,,,,,,,7553.025,7531.9875,7529.5125,7508.474999999999,,,
1782917400,7548,7554,7547.5,7552.5,,,,,,,,,7553.025,7531.9875,7529.5125,7508.474999999999,,,
1782917700,7552.25,7553.5,7547,7553.5,,,,,,,,,7553.025,7531.9875,7529.5125,7508.474999999999,,,
1782918000,7553.25,7562.75,7552.25,7561.5,,,,,,,,,7559.912499999999,7535.793750000001,7532.956249999999,7508.8375,,,
1782918300,7561.25,7564.5,7557.75,7560.5,,,,,,,,,7561.575,7536.7125,7533.7875,7508.925,,,
1782918600,7560.5,7564.5,7558.5,7564.25,,,,,,,,,7561.575,7536.7125,7533.7875,7508.925,,,
1782918900,7564.5,7570.5,7563.75,7568.5,,,,,,,,,7567.275,7539.8625,7536.6375,7509.224999999999,,,
1782919200,7568.75,7574.75,7568.5,7573,,,,,,,,,7571.3125,7542.09375,7538.65625,7509.4375,,,
1782919500,7572.75,7577.75,7572.25,7577.5,,,,,,,,,7574.162499999999,7543.668750000001,7540.081249999999,7509.5875,,,
1782919800,7577.25,7578.5,7570.5,7570.75,7578.5,,,,,,,,7574.875,7544.0625,7540.4375,7509.625,,,
1782920100,7570.75,7573,7567.5,7570.75,,,,7567.5,,,,,7574.875,7544.0625,7540.4375,7509.625,,,
1782920400,7570.75,7573.75,7569.25,7572.5,,,,,,,,,7574.875,7544.0625,7540.4375,7509.625,,,
1782920700,7572.75,7573.75,7568,7569.25,,,,,,,,,7574.875,7544.0625,7540.4375,7509.625,,,
1782921000,7569.25,7573,7568,7569.75,,,,,,,,,7574.875,7544.0625,7540.4375,7509.625,,,
1782921300,7569.75,7573.25,7568,7572.5,,,,,,,,,7574.875,7544.0625,7540.4375,7509.625,,,
1782921600,7572.5,7576,7571.5,7572.5,,,,,,,,,7574.875,7544.0625,7540.4375,7509.625,,,
1782921900,7572.75,7575.5,7571,7573.25,,,,,,,,,7574.875,7544.0625,7540.4375,7509.625,,,
1782922200,7573.25,7576,7571.5,7575.75,,,,,,,,,7574.875,7544.0625,7540.4375,7509.625,,,
1782922500,7575.5,7576.5,7573,7575.75,,,,,,,,,7574.875,7544.0625,7540.4375,7509.625,,,
1782922800,7575.5,7579,7574.25,7577,7579,,,,,,,,7575.349999999999,7544.325000000001,7540.674999999999,7509.65,,,
1782923100,7577.25,7578.25,7574,7574.25,,,,,,,,,7575.349999999999,7544.325000000001,7540.674999999999,7509.65,,,
1782923400,7574.5,7576.75,7574.25,7574.75,,,,,,,,,7575.349999999999,7544.325000000001,7540.674999999999,7509.65,,,
1782923700,7574.75,7575,7569.75,7570,,,,,,,,,7575.349999999999,7544.325000000001,7540.674999999999,7509.65,,,
1782924000,7569.75,7571.5,7567.25,7570.5,,,,,,,,,7575.349999999999,7544.325000000001,7540.674999999999,7509.65,,,
1782924300,7570.75,7572.75,7567.5,7567.5,,,,,,,,,7575.349999999999,7544.325000000001,7540.674999999999,7509.65,,,
1782924600,7567.5,7570,7563,7565,,,,,,,,,7575.349999999999,7544.325000000001,7540.674999999999,7509.65,,,
1782924900,7565.25,7565.75,7557.5,7559.75,,,,,,,,,7575.349999999999,7544.325000000001,7540.674999999999,7509.65,,,
1782925200,7559.75,7564,7558.25,7559.5,,,,,,,,,7575.349999999999,7544.325000000001,7540.674999999999,7509.65,,,
1782925500,7559.25,7560.25,7554.5,7559.5,,,7554.5,,,,,,7575.349999999999,7544.325000000001,7540.674999999999,7509.65,,,
1782925800,7559.25,7563,7557,7562.75,,,,,,,,,7575.349999999999,7544.325000000001,7540.674999999999,7509.65,,,
1782926100,7562.75,7565.75,7561.5,7565,,,,,,,,,7575.349999999999,7544.325000000001,7540.674999999999,7509.65,,,
1782926400,7565.25,7567.5,7564.75,7566.75,,,,,,,,,7575.349999999999,7544.325000000001,7540.674999999999,7509.65,,,
1782926700,7566.75,7568.5,7563.5,7564,,7568.5,,,,,,,7575.349999999999,7544.325000000001,7540.674999999999,7509.65,,,
1782927000,7564,7566.5,7561,7563,,,,,,,,,7575.349999999999,7544.325000000001,7540.674999999999,7509.65,,,
1782927300,7563,7565.5,7561,7564,,,,,,,,,7575.349999999999,7544.325000000001,7540.674999999999,7509.65,,,
1782927600,7564.25,7564.75,7559.25,7559.5,,,,,,,,,7575.349999999999,7544.325000000001,7540.674999999999,7509.65,,,
1782927900,7559.25,7561,7557.25,7558.75,,,,,,,,,7575.349999999999,7544.325000000001,7540.674999999999,7509.65,,,
1782928200,7559,7562,7557,7560.5,,,,,,,,,7575.349999999999,7544.325000000001,7540.674999999999,7509.65,,,
1782928500,7560.75,7560.75,7556.25,7556.75,,,,,,,,,7575.349999999999,7544.325000000001,7540.674999999999,7509.65,,,
1782928800,7556.75,7561.5,7556,7561.5,,,,,,,,,7575.349999999999,7544.325000000001,7540.674999999999,7509.65,,,
1782929100,7561.25,7561.5,7557.25,7559.5,,,,,,,,,7575.349999999999,7544.325000000001,7540.674999999999,7509.65,,,
1782929400,7559.5,7559.75,7555.25,7555.5,,,,,,,,,7575.349999999999,7544.325000000001,7540.674999999999,7509.65,,,
1782929700,7555.5,7557.25,7551.5,7556.75,,,7551.5,,,,,,7575.349999999999,7544.325000000001,7540.674999999999,7509.65,,,
1782930000,7557,7559.5,7555.5,7559.25,,,,,,,,,7575.349999999999,7544.325000000001,7540.674999999999,7509.65,,,
1782930300,7559,7560.25,7556,7556,,7560.25,,,,,,,7575.349999999999,7544.325000000001,7540.674999999999,7509.65,,,
1782930600,7556,7557.5,7554.75,7556.75,,,,,,,,,7575.349999999999,7544.325000000001,7540.674999999999,7509.65,,,
1782930900,7556.75,7558.5,7555.5,7557.25,,,,,,,,,7575.349999999999,7544.325000000001,7540.674999999999,7509.65,,,
1782931200,7557.25,7558,7555.25,7556.5,,,,,,,,,7575.349999999999,7544.325000000001,7540.674999999999,7509.65,,,
1782931500,7556.5,7557,7551.25,7554,,,,,,,,,7575.349999999999,7544.325000000001,7540.674999999999,7509.65,,,
1782931800,7554,7555,7549.25,7549.75,,,,,,,,,7575.349999999999,7544.325000000001,7540.674999999999,7509.65,,,
1782932100,7549.5,7554.25,7549.25,7553.25,,,7549.25,,,,,,7575.349999999999,7544.325000000001,7540.674999999999,7509.65,,,
1782932400,7553.5,7558,7552.75,7557.75,,,,,,,,,7575.349999999999,7544.325000000001,7540.674999999999,7509.65,,,
1782932700,7557.75,7561.75,7557.25,7561,7561.75,,,,,,,,7575.349999999999,7544.325000000001,7540.674999999999,7509.65,,,
1782933000,7561.25,7561.25,7557,7558.5,,,,,,,,,7575.349999999999,7544.325000000001,7540.674999999999,7509.65,,,
1782933300,7558.5,7561,7557.75,7559,,,,,,,,,7575.349999999999,7544.325000000001,7540.674999999999,7509.65,,,
1782933600,7559,7560,7557.5,7559.5,,,,,,,,,7575.349999999999,7544.325000000001,7540.674999999999,7509.65,,,
1782933900,7559.75,7559.75,7553.75,7553.75,,,,,,,,,7575.349999999999,7544.325000000001,7540.674999999999,7509.65,,,
1782934200,7553.75,7557.5,7553.75,7555.5,,,,,,,,,7575.349999999999,7544.325000000001,7540.674999999999,7509.65,,,
1782934500,7555.5,7555.75,7551.75,7552.75,,,,,,,,,7575.349999999999,7544.325000000001,7540.674999999999,7509.65,,,
1782934800,7552.5,7553,7548.75,7550.5,,,,,,,,,7575.349999999999,7544.325000000001,7540.674999999999,7509.65,,,
1782935100,7550.5,7551,7547,7549.25,,,,,,,,,7575.349999999999,7544.325000000001,7540.674999999999,7509.65,,,
1782935400,7549,7552.5,7543,7546.75,,,,,,,,,7575.349999999999,7544.325000000001,7540.674999999999,7509.65,,,
1782935700,7546.5,7547.5,7536.5,7541.75,,,,,,,,,7575.349999999999,7544.325000000001,7540.674999999999,7509.65,,,
1782936000,7542,7543,7529,7532,,,,,,,,,7575.349999999999,7544.325000000001,7540.674999999999,7509.65,,,
1782936300,7532,7535,7529.75,7533.25,,,,,,,,,7575.349999999999,7544.325000000001,7540.674999999999,7509.65,,,
1782936600,7533.25,7537,7532.5,7535.25,,,,,,,,,7575.349999999999,7544.325000000001,7540.674999999999,7509.65,,,
1782936900,7535,7535.5,7531.25,7532,,,,,,,,,7575.349999999999,7544.325000000001,7540.674999999999,7509.65,,,
1782937200,7532.25,7534.75,7531,7534.5,,,,,,,,,7575.349999999999,7544.325000000001,7540.674999999999,7509.65,,,
1782937500,7534.5,7535.5,7531.5,7532.25,,,,,,,,,7575.349999999999,7544.325000000001,7540.674999999999,7509.65,,,
1782937800,7532,7533,7529,7529.25,,,,,,,,,7575.349999999999,7544.325000000001,7540.674999999999,7509.65,,,
1782938100,7529.5,7529.75,7525.5,7529.5,,,7525.5,,,,,,7575.349999999999,7544.325000000001,7540.674999999999,7509.65,,,
1782938400,7529.5,7530.5,7529.25,7530.25,,,,,,,,,7575.349999999999,7544.325000000001,7540.674999999999,7509.65,,,
1782938700,7530.5,7531.5,7529.75,7530.75,,,,,,,,,7575.349999999999,7544.325000000001,7540.674999999999,7509.65,,,
1782939000,7530.75,7531.75,7528.5,7529.75,,,,,,,,,7575.349999999999,7544.325000000001,7540.674999999999,7509.65,,,
1782939300,7530,7534,7529.25,7533,,,,,,,,,7575.349999999999,7544.325000000001,7540.674999999999,7509.65,,,
1782943200,7535.5,7539,7531.75,7533.75,,7539,,,,,,,7575.349999999999,7544.325000000001,7540.674999999999,7509.65,,,
1782943500,7533.75,7538.25,7532.5,7535.75,,,,,,,,,7575.349999999999,7544.325000000001,7540.674999999999,7509.65,,,
1782943800,7535.75,7536,7532,7532,,,,,,,,,7575.349999999999,7544.325000000001,7540.674999999999,7509.65,,,
1782944100,7532,7534.25,7532,7534.25,,,,7532,,,,,7575.349999999999,7544.325000000001,7540.674999999999,7509.65,,,
1782944400,7534,7538.5,7534,7537.5,,,,,,,,,7575.349999999999,7544.325000000001,7540.674999999999,7509.65,,,
1782944700,7538,7538.75,7537,7538.25,,,,,,,,,7575.349999999999,7544.325000000001,7540.674999999999,7509.65,,,
1782945000,7538,7539.75,7537.25,7539.5,,,,,,,,,7575.349999999999,7544.325000000001,7540.674999999999,7509.65,,,
1782945300,7539.5,7540.25,7538.25,7539,,,,,,,,,7575.349999999999,7544.325000000001,7540.674999999999,7509.65,,,
1782945600,7539.25,7540.25,7538.5,7538.5,,,,,,,,,7575.349999999999,7544.325000000001,7540.674999999999,7509.65,,,
1782945900,7539,7539.25,7536.25,7536.75,,,,,,,,,7575.349999999999,7544.325000000001,7540.674999999999,7509.65,,,
1782946200,7537,7537.75,7535.75,7536.75,,,,,,,,,7575.349999999999,7544.325000000001,7540.674999999999,7509.65,,,
1782946500,7536.5,7541.25,7536.5,7539.75,7541.25,,,,,,,,7575.349999999999,7544.325000000001,7540.674999999999,7509.65,,,
1782946800,7540.25,7540.5,7538,7538.25,,,,,,,,,7575.349999999999,7544.325000000001,7540.674999999999,7509.65,,,
1782947100,7538.25,7538.75,7536.5,7537.25,,,,,,,,,7575.349999999999,7544.325000000001,7540.674999999999,7509.65,,,
1782947400,7537.25,7538,7535.75,7536.25,,,,,,,,,7575.349999999999,7544.325000000001,7540.674999999999,7509.65,,,
1782947700,7536,7537,7535.25,7536.25,,,,,,,,,7575.349999999999,7544.325000000001,7540.674999999999,7509.65,,,
1782948000,7536.5,7537.5,7535.75,7536,,,,,,,,,7575.349999999999,7544.325000000001,7540.674999999999,7509.65,,,
1782948300,7536.25,7537.75,7536,7537.25,,,,,,,,,7575.349999999999,7544.325000000001,7540.674999999999,7509.65,,,
1782948600,7537.5,7537.75,7535.5,7535.5,,,,,,,,,7575.349999999999,7544.325000000001,7540.674999999999,7509.65,,,
1782948900,7535.5,7538,7534.25,7537.25,,,,,,,,,7575.349999999999,7544.325000000001,7540.674999999999,7509.65,,,
1782949200,7537.25,7538,7536,7537.75,,,,,,,,,7575.349999999999,7544.325000000001,7540.674999999999,7509.65,,,
1782949500,7537.5,7537.5,7530,7530.25,,,,,,,,,7575.349999999999,7544.325000000001,7540.674999999999,7509.65,,,
1782949800,7530.5,7535.5,7528.75,7534.25,,,,,,,,,7575.349999999999,7544.325000000001,7540.674999999999,7509.65,,,
1782950100,7534.25,7535.75,7533,7534.75,,,,,,,,,7575.349999999999,7544.325000000001,7540.674999999999,7509.65,,,
1782950400,7534.75,7534.75,7522.75,7523,,,,,,,,,7575.349999999999,7544.325000000001,7540.674999999999,7509.65,,,
1782950700,7523,7529,7522.75,7528.75,,,7522.75,,,,,,7575.349999999999,7544.325000000001,7540.674999999999,7509.65,,,
1782951000,7528.75,7533,7527.75,7529,,,,,,,,,7575.349999999999,7544.325000000001,7540.674999999999,7509.65,,,
1782951300,7529,7531,7526.75,7527.25,,,,,,,,,7575.349999999999,7544.325000000001,7540.674999999999,7509.65,,,
1782951600,7527.5,7535.25,7526.75,7534.75,,,,,,,,,7575.349999999999,7544.325000000001,7540.674999999999,7509.65,,,
1782951900,7534.5,7537,7532.25,7536.5,,,,,,,,,7575.349999999999,7544.325000000001,7540.674999999999,7509.65,,,
1782952200,7536.5,7537,7533.75,7535.25,,,,,,,,,7575.349999999999,7544.325000000001,7540.674999999999,7509.65,,,
1782952500,7535.5,7538.75,7535,7535.75,,,,,,,,,7575.349999999999,7544.325000000001,7540.674999999999,7509.65,,,
1782952800,7536,7536.5,7529.75,7530.25,,,,,,,,,7575.349999999999,7544.325000000001,7540.674999999999,7509.65,,,
1782953100,7530.25,7536.25,7529.5,7535.5,,,,,,,,,7575.349999999999,7544.325000000001,7540.674999999999,7509.65,,,
1782953400,7535.75,7541,7534,7540.75,,,,,,,,,7575.349999999999,7544.325000000001,7540.674999999999,7509.65,,,
1782953700,7540.5,7542,7539.25,7541,,,,,,,,,7575.349999999999,7544.325000000001,7540.674999999999,7509.65,,,
1782954000,7541.25,7545.25,7539.75,7545.25,,,,,,,,,7575.349999999999,7544.325000000001,7540.674999999999,7509.65,,,
1782954300,7545.25,7549.25,7544.25,7548.5,,,,,,,,,7575.349999999999,7544.325000000001,7540.674999999999,7509.65,,,
1782954600,7548.5,7549.75,7547.5,7549.5,,,,,,,,,7575.349999999999,7544.325000000001,7540.674999999999,7509.65,,,
1782954900,7549.25,7549.75,7546.25,7549.25,,,,,,,,,7575.349999999999,7544.325000000001,7540.674999999999,7509.65,,,
1782955200,7549.25,7550,7548.5,7549.75,,,,,,,,,7575.349999999999,7544.325000000001,7540.674999999999,7509.65,,,
1782955500,7549.75,7550.75,7547.5,7550,,,,,,,,,7575.349999999999,7544.325000000001,7540.674999999999,7509.65,,,
1782955800,7550,7553.25,7549.25,7550.75,,,,,,,,,7575.349999999999,7544.325000000001,7540.674999999999,7509.65,,,
1782956100,7550.5,7554.5,7550.25,7554.5,,,,,,,,,7575.349999999999,7544.325000000001,7540.674999999999,7509.65,,,
1782956400,7554.5,7555.25,7553.25,7554,,,,,,,,,7575.349999999999,7544.325000000001,7540.674999999999,7509.65,,,
1782956700,7553.75,7556.5,7552.25,7554.5,,,,,,,,,7575.349999999999,7544.325000000001,7540.674999999999,7509.65,,,
1782957000,7554.5,7555.25,7552.75,7553.25,,,,,,,,,7575.349999999999,7544.325000000001,7540.674999999999,7509.65,,,
1782957300,7553.25,7553.75,7552,7552.75,,,,,,,,,7575.349999999999,7544.325000000001,7540.674999999999,7509.65,,,
1782957600,7553,7553.75,7551.25,7553.25,,,,,,,,,7575.349999999999,7544.325000000001,7540.674999999999,7509.65,,,
1782957900,7553.25,7555.25,7552.75,7555,,,,,,,,,7575.349999999999,7544.325000000001,7540.674999999999,7509.65,,,
1782958200,7555,7557,7553.5,7556.75,,,,,,,,,7575.349999999999,7544.325000000001,7540.674999999999,7509.65,,,
1782958500,7557,7558.25,7555.75,7556,7558.25,,,,,,,,7575.349999999999,7544.325000000001,7540.674999999999,7509.65,,,
1782958800,7556.25,7556.75,7553.5,7553.5,,,,,,,,,7575.349999999999,7544.325000000001,7540.674999999999,7509.65,,,
1782959100,7553.75,7556.25,7553.5,7554.5,,,,,,,,,7575.349999999999,7544.325000000001,7540.674999999999,7509.65,,,
1782959400,7554.75,7557,7553,7556.75,,,,7553,,,,,7575.349999999999,7544.325000000001,7540.674999999999,7509.65,,,
1782959700,7556.5,7556.75,7555,7555.25,,,,,,,,,7575.349999999999,7544.325000000001,7540.674999999999,7509.65,,,
1782960000,7555.5,7556.5,7555,7556,,,,,,,,,7575.349999999999,7544.325000000001,7540.674999999999,7509.65,,,
1782960300,7556,7557.75,7556,7556,,,,,,,,,7575.349999999999,7544.325000000001,7540.674999999999,7509.65,,,
1782960600,7556,7556.75,7555,7555.5,,,,,,,,,7575.349999999999,7544.325000000001,7540.674999999999,7509.65,,,
1782960900,7555.75,7557.5,7555.75,7557,,,,,,,,,7575.349999999999,7544.325000000001,7540.674999999999,7509.65,,,
1782961200,7557.25,7558,7555.25,7555.25,,7558,,,,,,,7575.349999999999,7544.325000000001,7540.674999999999,7509.65,,,
1782961500,7555.5,7555.75,7552.5,7552.75,,,,,,,,,7575.349999999999,7544.325000000001,7540.674999999999,7509.65,,,
1782961800,7552.75,7554.75,7552,7554.25,,,,,,,,,7575.349999999999,7544.325000000001,7540.674999999999,7509.65,,,
1782962100,7554.25,7555,7552.75,7553.25,,,,,,,,,7575.349999999999,7544.325000000001,7540.674999999999,7509.65,,,
1782962400,7553.25,7554,7550.25,7551.25,,,,,,,,,7575.349999999999,7544.325000000001,7540.674999999999,7509.65,,,
1782962700,7551.25,7553,7549.75,7552,,,7549.75,,,,,,7575.349999999999,7544.325000000001,7540.674999999999,7509.65,,,
1782963000,7552,7557.5,7551.5,7556.5,,7557.5,,,,,,,7575.349999999999,7544.325000000001,7540.674999999999,7509.65,,,
1782963300,7556.25,7557.25,7553.25,7554.25,,,,,,,,,7575.349999999999,7544.325000000001,7540.674999999999,7509.65,,,
1782963600,7554.25,7554.75,7551.5,7553,,,,,,,,,7575.349999999999,7544.325000000001,7540.674999999999,7509.65,,,
1782963900,7553,7553.25,7551,7553,,,,,,,,,7575.349999999999,7544.325000000001,7540.674999999999,7509.65,,,
1782964200,7553.25,7555.75,7552.5,7555,,,,,,,,,7575.349999999999,7544.325000000001,7540.674999999999,7509.65,,,
1782964500,7554.25,7556.5,7554,7554.5,,,,,,,,,7575.349999999999,7544.325000000001,7540.674999999999,7509.65,,,
1782964800,7555,7556.25,7553.25,7553.75,,,,,,,,,7575.349999999999,7544.325000000001,7540.674999999999,7509.65,,,
1782965100,7553.75,7553.75,7551.5,7551.75,,,,,,,,,7575.349999999999,7544.325000000001,7540.674999999999,7509.65,,,
1782965400,7552,7552.25,7549,7549,,,,,,,,,7575.349999999999,7544.325000000001,7540.674999999999,7509.65,,,
1782965700,7549.25,7550.25,7548,7548.25,,,,,,,,,7576.187499999999,7552.28125,7549.46875,7525.562499999999,,,
1782966000,7548.25,7549.25,7546.75,7549,,,,,,,,,7576.187499999999,7552.28125,7549.46875,7525.562499999999,,,
1782966300,7549.25,7551,7548.25,7549.75,,,,,,,,,7576.187499999999,7552.28125,7549.46875,7525.562499999999,,,
1782966600,7549.5,7550,7544.75,7545.5,,,,,,,,,7576.187499999999,7552.28125,7549.46875,7525.562499999999,,,
1782966900,7545.25,7545.75,7543.5,7544,,,,,,,,,7576.187499999999,7552.28125,7549.46875,7525.562499999999,,,
1782967200,7544,7544.25,7542,7542.75,,,,,,,,,7576.187499999999,7552.28125,7549.46875,7525.562499999999,,,
1782967500,7542.5,7544.75,7541.25,7543.5,,,7541.25,,,,,,7576.187499999999,7552.28125,7549.46875,7525.562499999999,,,
1782967800,7543.5,7547,7543,7546.75,,,,,,,,,7576.187499999999,7552.28125,7549.46875,7525.562499999999,,,
1782968100,7547,7549.5,7546.75,7548.25,,,,,,,,,7576.187499999999,7552.28125,7549.46875,7525.562499999999,,,
1782968400,7548.75,7550.5,7546.25,7550,,,,,,,,,7576.187499999999,7552.28125,7549.46875,7525.562499999999,,,
1782968700,7550.25,7553.25,7550,7553,,,,,,,,,7576.187499999999,7552.28125,7549.46875,7525.562499999999,,,
1782969000,7553,7553.5,7551.5,7552.5,,,,,,,,,7576.187499999999,7552.28125,7549.46875,7525.562499999999,,,
1782969300,7552.25,7554.25,7552,7554,,,,,,,,,7576.187499999999,7552.28125,7549.46875,7525.562499999999,,,
1782969600,7553.75,7554.75,7553,7553.75,,7554.75,,,,,,,7576.187499999999,7552.28125,7549.46875,7525.562499999999,,,
1782969900,7553.25,7553.5,7549.5,7549.5,,,,,,,,,7576.187499999999,7552.28125,7549.46875,7525.562499999999,,,
1782970200,7549.75,7549.75,7546.5,7546.75,,,,,,,,,7576.187499999999,7552.28125,7549.46875,7525.562499999999,,,
1782970500,7547,7547.5,7542.75,7543,,,,,,,,,7576.187499999999,7552.28125,7549.46875,7525.562499999999,,,
1782970800,7543.25,7545,7541.75,7542.75,,,,,,,,,7576.187499999999,7552.28125,7549.46875,7525.562499999999,,,
1782971100,7543,7544,7541.25,7542,,,,,,,,,7576.187499999999,7552.28125,7549.46875,7525.562499999999,,,
1782971400,7542.25,7544.75,7542.25,7543,,,,,,,,,7576.187499999999,7552.28125,7549.46875,7525.562499999999,,,
1782971700,7543,7545,7542.25,7542.5,,,,,,,,,7576.187499999999,7552.28125,7549.46875,7525.562499999999,,,
1782972000,7542.75,7544.75,7539.5,7539.75,,,,,,,,,7576.187499999999,7552.28125,7549.46875,7525.562499999999,,,
1782972300,7540,7541,7536.5,7536.5,,,,,,,,,7576.187499999999,7552.28125,7549.46875,7525.562499999999,,,
1782972600,7536.75,7537.25,7533.25,7533.75,,,,,,,,,7576.187499999999,7552.28125,7549.46875,7525.562499999999,,,
1782972900,7533.5,7537.5,7533.25,7536.5,,,7533.25,,,,,,7576.187499999999,7552.28125,7549.46875,7525.562499999999,,,
1782973200,7536.75,7538.5,7535.75,7536.5,,,,,,,,,7576.187499999999,7552.28125,7549.46875,7525.562499999999,,,
1782973500,7536.5,7538.5,7533.5,7534,,,,,,,,,7556.474999999999,7541.3875,7539.6125,7524.525,,,
1782973800,7534,7540,7533.5,7538.5,,7540,,,,,,,7556.474999999999,7541.3875,7539.6125,7524.525,,,
1782974100,7538.75,7539.75,7537,7537.75,,,,,,,,,7556.474999999999,7541.3875,7539.6125,7524.525,,,
1782974400,7537.25,7538,7534,7535.5,,,,,,,,,7556.474999999999,7541.3875,7539.6125,7524.525,,,
1782974700,7535.25,7536,7529,7529.25,,,,,,,,,7556.474999999999,7541.3875,7539.6125,7524.525,,,
1782975000,7529.25,7530.5,7526.5,7529,,,,,,,,,7556.474999999999,7541.3875,7539.6125,7524.525,,,
1782975300,7529,7533.75,7529,7530.5,,,,,,,,,7556.474999999999,7541.3875,7539.6125,7524.525,,,
1782975600,7530.5,7532.25,7527.5,7528.5,,,,,,,,,7556.474999999999,7541.3875,7539.6125,7524.525,,,
1782975900,7528.5,7528.75,7524.25,7525,,,,,,,,,7556.474999999999,7541.3875,7539.6125,7524.525,,,
1782976200,7525,7527.25,7520,7521,,,,,,,,,7556.3375,7540.08125,7538.16875,7521.9125,,,
1782976500,7521.25,7525.75,7520,7524,,,7520,,,,,,7556.3375,7540.08125,7538.16875,7521.9125,,,
1782976800,7524,7525.5,7522,7523,,,,,,,,,7556.3375,7540.08125,7538.16875,7521.9125,,,
1782977100,7522.75,7525.75,7520.5,7525.25,,,,,,,,,7556.3375,7540.08125,7538.16875,7521.9125,,,
1782977400,7525,7527.25,7524.25,7526.5,,,,,,,,,7556.3375,7540.08125,7538.16875,7521.9125,,,
1782977700,7526.75,7529,7525.25,7528.75,,,,,,,,,7556.3375,7540.08125,7538.16875,7521.9125,,,
1782978000,7528.75,7536.75,7528.25,7536,,7536.75,,,,,,,7556.3375,7540.08125,7538.16875,7521.9125,,,
1782978300,7536,7536.25,7533.25,7535.5,,,,,,,,,7556.3375,7540.08125,7538.16875,7521.9125,,,
1782978600,7535.5,7536.25,7532.75,7533.75,,,,,,,,,7556.3375,7540.08125,7538.16875,7521.9125,,,
1782978900,7533.5,7533.75,7530.5,7531,,,,,,,,,7556.3375,7540.08125,7538.16875,7521.9125,,,
1782979200,7531,7532,7527.5,7531,,,,,,,,,7556.3375,7540.08125,7538.16875,7521.9125,,,
1782979500,7531.25,7534.25,7526.25,7528.25,,,,,,,,,7556.3375,7540.08125,7538.16875,7521.9125,,,
1782979800,7528.5,7528.5,7522.25,7524.5,,,,7522.25,,,,,7556.3375,7540.08125,7538.16875,7521.9125,,,
1782980100,7524.5,7530,7523.75,7529.5,,,,,,,,,7556.3375,7540.08125,7538.16875,7521.9125,,,
1782980400,7529.75,7535.25,7528.5,7534.5,,,,,,,,,7556.3375,7540.08125,7538.16875,7521.9125,,,
1782980700,7534.25,7538,7534,7536,,,,,,,,,7556.3375,7540.08125,7538.16875,7521.9125,,,
1782981000,7535.75,7541,7533.75,7540.75,,,,,,,,,7556.3375,7540.08125,7538.16875,7521.9125,,,
1782981300,7540.75,7543,7540.25,7541.25,,,,,,,,,7556.3375,7540.08125,7538.16875,7521.9125,,,
1782981600,7541,7541.75,7538.5,7539.5,,,,,,,,,7556.3375,7540.08125,7538.16875,7521.9125,,,
1782981900,7539.5,7542.25,7538.75,7542.25,,,,,,,,,7556.3375,7540.08125,7538.16875,7521.9125,,,
1782982200,7542,7545,7541.75,7542.75,7545,,,,,,,,7556.3375,7540.08125,7538.16875,7521.9125,,,
1782982500,7542.75,7543.25,7540.5,7542.5,,,,,,,,,7556.3375,7540.08125,7538.16875,7521.9125,,,
1782982800,7542,7542.5,7537.75,7537.75,,,,,,,,,7556.3375,7540.08125,7538.16875,7521.9125,,,
1782983100,7538.25,7538.25,7534.5,7536,,,,7534.5,,,,,7556.3375,7540.08125,7538.16875,7521.9125,,,
1782983400,7536,7538,7535.5,7537.5,,,,,,,,,7556.3375,7540.08125,7538.16875,7521.9125,,,
1782983700,7537.5,7538.25,7535.5,7536,,,,,,,,,7556.3375,7540.08125,7538.16875,7521.9125,,,
1782984000,7536,7538.25,7535.75,7537,,,,,,,,,7556.3375,7540.08125,7538.16875,7521.9125,,,
1782984300,7536.75,7538.25,7535,7537.5,,,,,,,,,7556.3375,7540.08125,7538.16875,7521.9125,,,
1782984600,7537.75,7541.5,7537.5,7539.25,,,,,,,,,7556.3375,7540.08125,7538.16875,7521.9125,,,
1782984900,7539.5,7542.25,7538.75,7541.25,,,,,,,,,7556.3375,7540.08125,7538.16875,7521.9125,,,
1782985200,7541,7542.25,7540,7540.75,,7542.25,,,,,,,7556.3375,7540.08125,7538.16875,7521.9125,,,
1782985500,7540.75,7540.75,7536.5,7539,,,,,,,,,7556.3375,7540.08125,7538.16875,7521.9125,,,
1782985800,7539,7540.5,7538,7538.75,,,,,,,,,7556.3375,7540.08125,7538.16875,7521.9125,,,
1782986100,7538.5,7538.5,7536,7537.25,,,,,,,,,7556.3375,7540.08125,7538.16875,7521.9125,,,
1782986400,7537.25,7537.25,7532,7532.25,,,,,,,,,7556.3375,7540.08125,7538.16875,7521.9125,,,
1782986700,7532.25,7536,7531.75,7534.5,,,7531.75,,,,,,7556.3375,7540.08125,7538.16875,7521.9125,,,
1782987000,7534.25,7535.75,7533.25,7534,,,,,,,,,7556.3375,7540.08125,7538.16875,7521.9125,,,
1782987300,7534,7537,7533,7537,,,,,,,,,7556.3375,7540.08125,7538.16875,7521.9125,,,
1782987600,7536.75,7537,7534.75,7535.75,,,,,,,,,7556.3375,7540.08125,7538.16875,7521.9125,,,
1782987900,7535.75,7538.5,7535.75,7537.5,,,,,,,,,7556.3375,7540.08125,7538.16875,7521.9125,,,
1782988200,7537.5,7542.75,7537.5,7541.5,,,,,,,,,7556.3375,7540.08125,7538.16875,7521.9125,,,
1782988500,7541.5,7544,7540.75,7543.25,,,,,,,,,7556.3375,7540.08125,7538.16875,7521.9125,,,
1782988800,7543.5,7544,7540.75,7541.25,,,,,,,,,7556.3375,7540.08125,7538.16875,7521.9125,,,
1782989100,7541.25,7541.75,7539.25,7540.25,,,,,,,,,7556.3375,7540.08125,7538.16875,7521.9125,,,
1782989400,7540.25,7542,7539.25,7541.75,,,,,,,,,7556.3375,7540.08125,7538.16875,7521.9125,,,
1782989700,7541.5,7544,7540.5,7542.75,,,,,,,,,7556.3375,7540.08125,7538.16875,7521.9125,,,
1782990000,7543,7544.25,7540,7540.25,,,,,,,,,7556.3375,7540.08125,7538.16875,7521.9125,,,
1782990300,7540.25,7540.75,7538.25,7540.25,,,,,,,,,7556.3375,7540.08125,7538.16875,7521.9125,,,
1782990600,7540.25,7543.5,7539.75,7543.25,,,,,,,,,7556.3375,7540.08125,7538.16875,7521.9125,,,
1782990900,7543.25,7543.75,7539,7541.25,,,,,,,,,7556.3375,7540.08125,7538.16875,7521.9125,,,
1782991200,7541,7543.75,7539.5,7542.5,,,,,,,,,7556.3375,7540.08125,7538.16875,7521.9125,,,
1782991500,7542.5,7544.25,7542.5,7542.75,,,,,,,,,7556.3375,7540.08125,7538.16875,7521.9125,,,
1782991800,7542.5,7544,7541.5,7542,,,,,,,,,7556.3375,7540.08125,7538.16875,7521.9125,,,
1782992100,7541.75,7546.75,7541.5,7546.5,,,,,,,,,7556.3375,7540.08125,7538.16875,7521.9125,,,
1782992400,7546.5,7548,7543.25,7547.25,,,,,,,,,7556.3375,7540.08125,7538.16875,7521.9125,,,
1782992700,7547.25,7549.5,7546.75,7547.25,,,,,,,,,7556.3375,7540.08125,7538.16875,7521.9125,,,
1782993000,7547,7548.75,7543.75,7543.75,,,,,,,,,7556.3375,7540.08125,7538.16875,7521.9125,,,
1782993300,7543.75,7546,7543.5,7543.5,,,,,,,,,7556.3375,7540.08125,7538.16875,7521.9125,,,
1782993600,7543.25,7548.75,7541,7547.75,,,,,,,,,7556.3375,7540.08125,7538.16875,7521.9125,,,
1782993900,7547.75,7549.5,7546.5,7548.75,,,,,,,,,7556.3375,7540.08125,7538.16875,7521.9125,,,
1782994200,7548.75,7551.75,7547.25,7550.5,,,,,,,,,7556.3375,7540.08125,7538.16875,7521.9125,,,
1782994500,7550.5,7553.5,7550.25,7551.5,,,,,,,,,7556.3375,7540.08125,7538.16875,7521.9125,,,
1782994800,7551.5,7554.75,7551,7554.75,,,,,,,,,7556.3375,7540.08125,7538.16875,7521.9125,,,
1782995100,7554.75,7558,7549.5,7558,,,,,,,,,7556.3375,7540.08125,7538.16875,7521.9125,,,
1782995400,7555.75,7575.25,7554.75,7570.5,,,,,,,,,7572.487499999999,7549.00625,7546.24375,7522.7625,,,
1782995700,7570.75,7576.75,7568.75,7572.25,7576.75,,,,,,,,7573.912499999999,7549.793750000001,7546.956249999999,7522.8375,,,
1782996000,7572.25,7574,7568,7569.75,,,,,,,,,7573.912499999999,7549.793750000001,7546.956249999999,7522.8375,,,
1782996300,7570,7573.75,7569.25,7571.25,,,,,,,,,7573.912499999999,7549.793750000001,7546.956249999999,7522.8375,,,
1782996600,7571,7572.75,7565.25,7565.75,,,,,,,,,7573.912499999999,7549.793750000001,7546.956249999999,7522.8375,,,
1782996900,7565.75,7566.25,7557.5,7561.75,,,,,,,,,7573.912499999999,7549.793750000001,7546.956249999999,7522.8375,,,
1782997200,7561.75,7565.5,7552.5,7561.5,,,,,,,,,7573.912499999999,7549.793750000001,7546.956249999999,7522.8375,,,
1782997500,7561.5,7561.75,7553.25,7554.25,,,,,,,,,7573.912499999999,7549.793750000001,7546.956249999999,7522.8375,,,
1782997800,7554.25,7557.5,7553,7554.5,,,,,,,,,7573.912499999999,7549.793750000001,7546.956249999999,7522.8375,,,
1782998100,7554.5,7559.5,7552.5,7559,,,,,,,,,7573.912499999999,7549.793750000001,7546.956249999999,7522.8375,,,
1782998400,7559,7560.5,7557.75,7558.75,,,,,,,,,7573.912499999999,7549.793750000001,7546.956249999999,7522.8375,,,
1782998700,7559,7561.5,7553.25,7555,,,,,,,,,7573.912499999999,7549.793750000001,7546.956249999999,7522.8375,,,
1782999000,7555,7568,7551.75,7566.25,,,,7551.75,,,,,7573.912499999999,7549.793750000001,7546.956249999999,7522.8375,,,
1782999300,7566,7573,7560.5,7568.75,,,,,,,,,7573.912499999999,7549.793750000001,7546.956249999999,7522.8375,,,
1782999600,7568.75,7583.5,7567,7578.5,,,,,,,,,7580.325,7553.3375,7550.1625,7523.175,,,
1782999900,7578.5,7588.5,7575.75,7585.25,,,,,,,,,7585.075,7555.9625,7552.5375,7523.425,,,
1783000200,7585.25,7594,7582.75,7586,7594,,,,,,,,7590.299999999999,7558.85,7555.15,7523.7,,,
1783000500,7586,7589,7581,7588.75,,,,,,,,,7590.299999999999,7558.85,7555.15,7523.7,,,
1783000800,7589,7592,7584.75,7588.75,,,,,,,,,7590.299999999999,7558.85,7555.15,7523.7,,,
1783001100,7588.75,7591,7582.25,7583.75,,,,,,,,,7590.299999999999,7558.85,7555.15,7523.7,,,
1783001400,7583.75,7593.75,7577.5,7591,,,,,,,,,7590.299999999999,7558.85,7555.15,7523.7,,,
1783001700,7590.75,7593.25,7582.25,7587.75,,,,,,,,,7590.299999999999,7558.85,7555.15,7523.7,,,
1783002000,7587.5,7588.75,7575.75,7577.25,,,,,,,,,7590.299999999999,7558.85,7555.15,7523.7,,,
1783002300,7577.25,7579,7556.5,7559.75,,,,,,,,,7590.299999999999,7558.85,7555.15,7523.7,,,
1783002600,7559.75,7574.5,7555.25,7563.25,,,,,,,,,7590.299999999999,7558.85,7555.15,7523.7,,,
1783002900,7563.25,7572.25,7558.25,7565.25,,,,,,,,,7590.299999999999,7558.85,7555.15,7523.7,,,
1783003200,7565.25,7567,7543.75,7549,,,,,,,,,7590.299999999999,7558.85,7555.15,7523.7,,,
1783003500,7549.5,7557.5,7543.5,7553.25,,,,,,,,,7590.299999999999,7558.85,7555.15,7523.7,,,
1783003800,7553.25,7558,7540.25,7545.25,,,,,,,,,7590.299999999999,7558.85,7555.15,7523.7,,,
1783004100,7545.25,7557.5,7544.75,7557.25,,,,,,,,,7590.299999999999,7558.85,7555.15,7523.7,,,
1783004400,7557.25,7559.25,7541,7541.5,,,,,,,,,7590.299999999999,7558.85,7555.15,7523.7,,,
1783004700,7541.5,7544.5,7522.25,7534.25,,,7522.25,,,,,,7590.299999999999,7558.85,7555.15,7523.7,,,
1783005000,7534.5,7546.5,7530.5,7541.25,,,,,,,,,7590.299999999999,7558.85,7555.15,7523.7,,,
1783005300,7541.25,7544.5,7525,7526.75,,,,,,,,,7590.299999999999,7558.85,7555.15,7523.7,,,
1783005600,7527,7540.25,7523.75,7539.75,,,,,,,,,7590.299999999999,7558.85,7555.15,7523.7,,,
1783005900,7539.75,7541,7529,7529.25,,,,,,,,,7590.299999999999,7558.85,7555.15,7523.7,,,
1783006200,7529,7543.25,7528.75,7541.25,,,,,,,,,7590.299999999999,7558.85,7555.15,7523.7,,,
1783006500,7541.25,7547.75,7539.75,7542.5,,7547.75,,,,,,,7590.299999999999,7558.85,7555.15,7523.7,,,
1783006800,7542.75,7546,7533.25,7533.25,,,,,,,,,7590.299999999999,7558.85,7555.15,7523.7,,,
1783007100,7533.25,7537.75,7527.75,7529,,,,,,,,,7590.299999999999,7558.85,7555.15,7523.7,,,
1783007400,7529,7529.25,7520.5,7526.5,,,,,,,,,7590.299999999999,7558.85,7555.15,7523.7,,,
1783007700,7526.5,7530,7520.75,7526.75,,,,,,,,,7590.299999999999,7558.85,7555.15,7523.7,,,
1783008000,7527,7529.5,7517,7523.75,,,,,,,,,7590.15,7557.425,7553.575,7520.849999999999,,,
1783008300,7523.5,7526.5,7518,7519.75,,,,,,,,,7590.15,7557.425,7553.575,7520.849999999999,,,
1783008600,7519.75,7527,7518,7525.25,,,,,,,,,7590.15,7557.425,7553.575,7520.849999999999,,,
1783008900,7525.25,7526.5,7519.75,7520.75,,,,,,,,,7590.15,7557.425,7553.575,7520.849999999999,,,
1783009200,7520.5,7521.25,7513.5,7514.5,,,,,,,,,7589.974999999999,7555.762500000001,7551.737499999999,7517.525,,,
1783009500,7514.5,7520.5,7514.25,7515.5,,,,,,,,,7589.974999999999,7555.762500000001,7551.737499999999,7517.525,,,
1783009800,7516,7516.25,7508.5,7508.75,,,,,,,,,7589.724999999999,7553.387500000001,7549.112499999999,7512.775,,,
1783010100,7508.75,7511.75,7501.25,7506.75,,,,,,,,,7589.362499999999,7549.94375,7545.30625,7505.8875,,,
1783010400,7507,7513.75,7506,7512.25,,,,,,,,,7589.362499999999,7549.94375,7545.30625,7505.8875,,,
1783010700,7512.25,7513,7507.5,7509.75,,,,,,,,,7589.362499999999,7549.94375,7545.30625,7505.8875,,,
1783011000,7509.75,7513.75,7505.75,7509,,,,,,,,,7589.362499999999,7549.94375,7545.30625,7505.8875,,,
1783011300,7509.25,7509.25,7497.75,7501.5,,,,,,,,,7589.187499999999,7548.28125,7543.46875,7502.562499999999,,,
1783011600,7501.75,7503,7485,7488.5,,,,,,,,,7588.549999999999,7542.225,7536.775,7490.45,,,
1783011900,7488.5,7499.5,7483.25,7495,,,7483.25,,,,,,7588.4625,7541.39375,7535.85625,7488.787499999999,,,
1783012200,7495,7499.5,7492,7497.5,,,,,,,,,7588.4625,7541.39375,7535.85625,7488.787499999999,,,
1783012500,7497,7502,7493.5,7494,,7502,,,,,,,7588.4625,7541.39375,7535.85625,7488.787499999999,,,
1783012800,7494.5,7499,7492.5,7493.5,,,,,,,,,7588.4625,7541.39375,7535.85625,7488.787499999999,,,
1783013100,7493.25,7496.25,7491.25,7495.25,,,,,,,,,7588.4625,7541.39375,7535.85625,7488.787499999999,,,
1783013400,7495,7500.75,7493.75,7494,,,,,,,,,7588.4625,7541.39375,7535.85625,7488.787499999999,,,
1783013700,7493.75,7495.25,7485.75,7486.75,,,,,,,,,7588.4625,7541.39375,7535.85625,7488.787499999999,,,
1783014000,7487,7491.75,7483.75,7490.75,,,,,,,,,7588.4625,7541.39375,7535.85625,7488.787499999999,,,
1783014300,7490.5,7491,7481.5,7485.75,,,,,,,,,7588.374999999999,7540.5625,7534.9375,7487.124999999999,,,
1783014600,7485.75,7490.5,7483,7489,,,,,,,,,7588.374999999999,7540.5625,7534.9375,7487.124999999999,,,
1783014900,7489,7490,7479.75,7482,,,7479.75,,,,,,7588.287499999999,7539.731250000001,7534.018749999999,7485.4625,,,
1783015200,7482.25,7489.25,7480,7489,,,,,,,,,7588.287499999999,7539.731250000001,7534.018749999999,7485.4625,,,
1783015500,7489.25,7504.5,7488.5,7504.25,,,,,,,,,7588.287499999999,7539.731250000001,7534.018749999999,7485.4625,,,
1783015800,7504,7508.75,7500.75,7501.75,,,,,,,,,7588.287499999999,7539.731250000001,7534.018749999999,7485.4625,,,
1783016100,7502,7503.5,7493,7496.25,,,,,,,,,7588.287499999999,7539.731250000001,7534.018749999999,7485.4625,,,
1783016400,7496.25,7502.75,7496,7501.25,,,,,,,,,7588.287499999999,7539.731250000001,7534.018749999999,7485.4625,,,
1783016700,7501,7506.75,7499,7506.75,,,,,,,,,7588.287499999999,7539.731250000001,7534.018749999999,7485.4625,,,
1783017000,7506.5,7513,7505.75,7509,,,,,,,,,7588.287499999999,7539.731250000001,7534.018749999999,7485.4625,,,
1783017300,7509,7512.5,7508,7511.25,,,,,,,,,7588.287499999999,7539.731250000001,7534.018749999999,7485.4625,,,
1783017600,7511.5,7513,7509.25,7510.25,,,,,,,,,7588.287499999999,7539.731250000001,7534.018749999999,7485.4625,,,
1783017900,7510.25,7512.5,7504.5,7511.75,,,,,,,,,7588.287499999999,7539.731250000001,7534.018749999999,7485.4625,,,
1783018200,7511.75,7514.75,7508,7508.25,7514.75,,,,,,,,7588.287499999999,7539.731250000001,7534.018749999999,7485.4625,,,
1783018500,7508.5,7510.5,7504.75,7509,,,,,,,,,7588.287499999999,7539.731250000001,7534.018749999999,7485.4625,,,
1783018800,7509.25,7510.75,7494.25,7495.75,,,,,,,,,7588.287499999999,7539.731250000001,7534.018749999999,7485.4625,,,
1783019100,7495.75,7500.25,7491.75,7497.5,,,,7491.75,,,,,7588.287499999999,7539.731250000001,7534.018749999999,7485.4625,,,
1783019400,7497.75,7501.75,7494.25,7499.75,,,,,,,,,7588.287499999999,7539.731250000001,7534.018749999999,7485.4625,,,
1783019700,7499.5,7500.75,7494,7496.75,,,,,,,,,7588.287499999999,7539.731250000001,7534.018749999999,7485.4625,,,
1783020000,7497,7497.75,7494.25,7495,,,,,,,,,7588.287499999999,7539.731250000001,7534.018749999999,7485.4625,,,
1783020300,7495,7505.5,7493.25,7502.5,,,,,,,,,7588.287499999999,7539.731250000001,7534.018749999999,7485.4625,,,
1783020600,7502.25,7508,7500.75,7507.5,,,,,,,,,7588.287499999999,7539.731250000001,7534.018749999999,7485.4625,,,
1783020900,7507.75,7510.75,7505,7510,,,,,,,,,7588.287499999999,7539.731250000001,7534.018749999999,7485.4625,,,
1783021200,7510,7513,7507,7511.75,,,,,,,,,7588.287499999999,7539.731250000001,7534.018749999999,7485.4625,,,
1783021500,7511.75,7513,7509,7511.75,,,,,,,,,7588.287499999999,7539.731250000001,7534.018749999999,7485.4625,,,
1783021800,7511.75,7523.5,7511.75,7523,,,,,,,,,7588.287499999999,7539.731250000001,7534.018749999999,7485.4625,,,
1783022100,7523.25,7534,7521,7526.5,7534,,,,,,,,7588.287499999999,7539.731250000001,7534.018749999999,7485.4625,,,
1783022400,7526.25,7527.25,7520.25,7520.5,,,,,,,,,7588.287499999999,7539.731250000001,7534.018749999999,7485.4625,,,
1783022700,7520.75,7523,7517.75,7522.25,,,,7517.75,,,,,7588.287499999999,7539.731250000001,7534.018749999999,7485.4625,,,
1783023000,7522.5,7525.5,7520.25,7524.25,,7525.5,,,,,,,7588.287499999999,7539.731250000001,7534.018749999999,7485.4625,,,
1783023300,7524.5,7525,7522.5,7522.75,,,,,,,,,7588.287499999999,7539.731250000001,7534.018749999999,7485.4625,,,
1783023600,7522.75,7524,7520,7520.25,,,,,,,,,7588.287499999999,7539.731250000001,7534.018749999999,7485.4625,,,
1783023900,7520.25,7523.25,7519.75,7521.25,,,,,,,,,7588.287499999999,7539.731250000001,7534.018749999999,7485.4625,,,
1783024200,7521,7523.25,7519.75,7523.25,,,,,,,,,7588.287499999999,7539.731250000001,7534.018749999999,7485.4625,,,
1783024500,7523,7524.75,7521.5,7522.25,,,,,,,,,7588.287499999999,7539.731250000001,7534.018749999999,7485.4625,,,
1783024800,7522.25,7522.5,7519.25,7519.75,,,,,,,,,7588.287499999999,7539.731250000001,7534.018749999999,7485.4625,,,
1783025100,7519.75,7522,7519.25,7521.5,,,,7519.25,,,,,7588.287499999999,7539.731250000001,7534.018749999999,7485.4625,,,
1783025400,7521.5,7522.25,7520.75,7521.25,,,,,,,,,7588.287499999999,7539.731250000001,7534.018749999999,7485.4625,,,
1783025700,7521.25,7524.5,7520.5,7522.75,,,,,,,,,7588.287499999999,7539.731250000001,7534.018749999999,7485.4625,,,
1783029600,7523.5,7528.5,7523.5,7527.25,,,,,,,,,7588.287499999999,7539.731250000001,7534.018749999999,7485.4625,,,
1783029900,7527,7529.5,7524.25,7528.5,,,,,,,,,7588.287499999999,7539.731250000001,7534.018749999999,7485.4625,,,
1783030200,7528.5,7529,7527.5,7528.5,,,,,,,,,7588.287499999999,7539.731250000001,7534.018749999999,7485.4625,,,
1783030500,7528.75,7530.5,7528.5,7530,,,,,,,,,7588.287499999999,7539.731250000001,7534.018749999999,7485.4625,,,
1783030800,7530,7531.5,7529.25,7531,,,,,,,,,7588.287499999999,7539.731250000001,7534.018749999999,7485.4625,,,
1783031100,7530.75,7531.25,7528.5,7529,,,,,,,,,7588.287499999999,7539.731250000001,7534.018749999999,7485.4625,,,
1783031400,7528.75,7531.5,7527.25,7531,,,,,,,,,7588.287499999999,7539.731250000001,7534.018749999999,7485.4625,,,
1783031700,7531.25,7534.5,7530.5,7534,,,,,,,,,7588.287499999999,7539.731250000001,7534.018749999999,7485.4625,,,
1783032000,7534,7535.75,7533.5,7535,,,,,,,,,7588.287499999999,7539.731250000001,7534.018749999999,7485.4625,,,
1783032300,7535.25,7535.5,7533.75,7534,,,,,,,,,7588.287499999999,7539.731250000001,7534.018749999999,7485.4625,,,
1783032600,7533.75,7534,7532.75,7534,,,,,,,,,7588.287499999999,7539.731250000001,7534.018749999999,7485.4625,,,
1783032900,7534,7535.75,7533.75,7535.5,,,,,,,,,7588.287499999999,7539.731250000001,7534.018749999999,7485.4625,,,
1783033200,7535.25,7535.75,7533.5,7533.5,,,,,,,,,7588.287499999999,7539.731250000001,7534.018749999999,7485.4625,,,
1783033500,7533.75,7534.25,7531.5,7532,,,,,,,,,7588.287499999999,7539.731250000001,7534.018749999999,7485.4625,,,
1783033800,7532.25,7533,7529.5,7529.75,,,,,,,,,7588.287499999999,7539.731250000001,7534.018749999999,7485.4625,,,
1783034100,7529.75,7532.5,7529.75,7530.5,,,,,,,,,7588.287499999999,7539.731250000001,7534.018749999999,7485.4625,,,
1783034400,7530.5,7536,7530,7535.5,,,,,,,,,7588.287499999999,7539.731250000001,7534.018749999999,7485.4625,,,
1783034700,7535.75,7537,7535,7536,,,,,,,,,7588.287499999999,7539.731250000001,7534.018749999999,7485.4625,,,
1783035000,7536,7537.75,7534.25,7537,,,,,,,,,7588.287499999999,7539.731250000001,7534.018749999999,7485.4625,,,
1783035300,7537.25,7537.75,7533.75,7535,,,,,,,,,7588.287499999999,7539.731250000001,7534.018749999999,7485.4625,,,
1783035600,7535,7536,7533,7533.25,,,,,,,,,7588.287499999999,7539.731250000001,7534.018749999999,7485.4625,,,
1783035900,7533.5,7537.25,7532.5,7536.75,,,,,,,,,7588.287499999999,7539.731250000001,7534.018749999999,7485.4625,,,
1783036200,7536.5,7537.25,7534,7536.5,,,,,,,,,7588.287499999999,7539.731250000001,7534.018749999999,7485.4625,,,
1783036500,7536.5,7536.5,7535,7536.25,,,,,,,,,7588.287499999999,7539.731250000001,7534.018749999999,7485.4625,,,
1783036800,7536,7540.25,7530.75,7534.5,7540.25,,,,,,,,7588.287499999999,7539.731250000001,7534.018749999999,7485.4625,,,
1783037100,7534.25,7535.75,7529,7529,,,,,,,,,7588.287499999999,7539.731250000001,7534.018749999999,7485.4625,,,
1783037400,7529.25,7538,7527.25,7537.25,,,,,,,,,7588.287499999999,7539.731250000001,7534.018749999999,7485.4625,,,
1783037700,7537.25,7537.5,7531.5,7534.25,,,,,,,,,7588.287499999999,7539.731250000001,7534.018749999999,7485.4625,,,
1783038000,7534.25,7536.75,7532,7533.5,,,,,,,,,7588.287499999999,7539.731250000001,7534.018749999999,7485.4625,,,
1783038300,7533.5,7534.75,7530,7531,,,,,,,,,7588.287499999999,7539.731250000001,7534.018749999999,7485.4625,,,
1783038600,7531,7531.75,7527.5,7529,,,,7527.5,,,,,7588.287499999999,7539.731250000001,7534.018749999999,7485.4625,,,
1783038900,7528.75,7537,7528,7533.75,,,,,,,,,7588.287499999999,7539.731250000001,7534.018749999999,7485.4625,,,
1783039200,7533,7534.5,7530,7531.25,,,,,,,,,7588.287499999999,7539.731250000001,7534.018749999999,7485.4625,,,
1783039500,7531.25,7533,7528.75,7532.25,,,,,,,,,7588.287499999999,7539.731250000001,7534.018749999999,7485.4625,,,
1783039800,7532.25,7533.5,7528.5,7530.75,,,,,,,,,7588.287499999999,7539.731250000001,7534.018749999999,7485.4625,,,
1783040100,7530.75,7531.5,7527.75,7530,,,,,,,,,7588.287499999999,7539.731250000001,7534.018749999999,7485.4625,,,
1783040400,7530.25,7540.75,7529.5,7540.5,,,,,,,,,7588.287499999999,7539.731250000001,7534.018749999999,7485.4625,,,
1783040700,7540.25,7550,7539.75,7548,,,,,,,,,7588.287499999999,7539.731250000001,7534.018749999999,7485.4625,,,
1783041000,7548,7548.75,7545,7547.5,,,,,,,,,7588.287499999999,7539.731250000001,7534.018749999999,7485.4625,,,
1783041300,7547.5,7549.25,7544.75,7546,,,,,,,,,7588.287499999999,7539.731250000001,7534.018749999999,7485.4625,,,
1783041600,7546.5,7550,7546.5,7549.25,,,,,,,,,7588.287499999999,7539.731250000001,7534.018749999999,7485.4625,,,
1783041900,7549.25,7549.75,7547.5,7547.75,,,,,,,,,7588.287499999999,7539.731250000001,7534.018749999999,7485.4625,,,
1783042200,7547.5,7550.25,7546,7549.75,,,,,,,,,7588.287499999999,7539.731250000001,7534.018749999999,7485.4625,,,
1783042500,7550,7551,7546.75,7549,,,,,,,,,7588.287499999999,7539.731250000001,7534.018749999999,7485.4625,,,
1783042800,7548.75,7551,7548.5,7549.75,,,,,,,,,7588.287499999999,7539.731250000001,7534.018749999999,7485.4625,,,
1783043100,7550,7550.75,7548,7549.75,,,,,,,,,7588.287499999999,7539.731250000001,7534.018749999999,7485.4625,,,
1783043400,7549.75,7550.5,7547.5,7550,,,,,,,,,7588.287499999999,7539.731250000001,7534.018749999999,7485.4625,,,
1783043700,7550.25,7550.75,7548.75,7549.25,,,,,,,,,7588.287499999999,7539.731250000001,7534.018749999999,7485.4625,,,
1783044000,7549.5,7551,7549,7550,,,,,,,,,7588.287499999999,7539.731250000001,7534.018749999999,7485.4625,,,
1783044300,7549.75,7552.75,7549.75,7552.5,,,,,,,,,7588.287499999999,7539.731250000001,7534.018749999999,7485.4625,,,
1783044600,7552.5,7552.75,7549,7549.25,,,,,,,,,7588.287499999999,7539.731250000001,7534.018749999999,7485.4625,,,
1783044900,7549.25,7551.5,7548.75,7549.25,,,,,,,,,7588.287499999999,7539.731250000001,7534.018749999999,7485.4625,,,
1783045200,7549.25,7551.5,7549.25,7551.25,,,,,,,,,7588.287499999999,7539.731250000001,7534.018749999999,7485.4625,,,
1783045500,7551.25,7553.25,7551,7552.5,7553.25,,,,,,,,7588.287499999999,7539.731250000001,7534.018749999999,7485.4625,,,
1783045800,7552.5,7552.75,7551,7551,,,,,,,,,7588.287499999999,7539.731250000001,7534.018749999999,7485.4625,,,
1783046100,7551,7551,7548.75,7550,,,,,,,,,7588.287499999999,7539.731250000001,7534.018749999999,7485.4625,,,
1783046400,7550,7550.5,7548.25,7550,,,,7548.25,,,,,7588.287499999999,7539.731250000001,7534.018749999999,7485.4625,,,
1783046700,7550.25,7552.25,7550,7552,,,,,,,,,7588.287499999999,7539.731250000001,7534.018749999999,7485.4625,,,
1783047000,7552,7552.5,7550.75,7551.5,,,,,,,,,7588.287499999999,7539.731250000001,7534.018749999999,7485.4625,,,
1783047300,7551.75,7553.5,7551,7552.75,7553.5,,,,,,,,7588.287499999999,7539.731250000001,7534.018749999999,7485.4625,,,
1783047600,7552.5,7552.5,7551,7551.5,,,,,,,,,7588.287499999999,7539.731250000001,7534.018749999999,7485.4625,,,
1783047900,7551.5,7552.75,7550.25,7551,,,,,,,,,7588.287499999999,7539.731250000001,7534.018749999999,7485.4625,,,
1783048200,7550.75,7551.75,7549.75,7551.75,,,,,,,,,7588.287499999999,7539.731250000001,7534.018749999999,7485.4625,,,
1783048500,7551.75,7552.5,7551.25,7552,,,,,,,,,7588.287499999999,7539.731250000001,7534.018749999999,7485.4625,,,
1783048800,7552,7553.25,7551.5,7552,,,,,,,,,7588.287499999999,7539.731250000001,7534.018749999999,7485.4625,,,
1783049100,7552,7554.25,7551.25,7554,,,,,,,,,7588.287499999999,7539.731250000001,7534.018749999999,7485.4625,,,
1783049400,7554,7555.5,7552.25,7552.75,,,,,,,,,7588.287499999999,7539.731250000001,7534.018749999999,7485.4625,,,
1783049700,7552.5,7553,7549.75,7549.75,,,,,,,,,7588.287499999999,7539.731250000001,7534.018749999999,7485.4625,,,
1783050000,7549.75,7550.25,7548.25,7548.5,,,,,,,,,7588.287499999999,7539.731250000001,7534.018749999999,7485.4625,,,
1783050300,7548.5,7552.25,7547.75,7551.75,,,7547.75,,,,,,7588.287499999999,7539.731250000001,7534.018749999999,7485.4625,,,
1783050600,7552,7552.5,7551,7551.75,,,,,,,,,7588.287499999999,7539.731250000001,7534.018749999999,7485.4625,,,
1783050900,7551.75,7554.5,7551.75,7554,,,,,,,,,7588.287499999999,7539.731250000001,7534.018749999999,7485.4625,,,
1783310400,7542.5,7543.5,7539.75,7543.25,,,,,,,,,7572.199999999999,7556.9,7555.1,7539.799999999999,,,
1783310700,7543.25,7544,7540.5,7541.5,,,,,,,,,7572.199999999999,7556.9,7555.1,7539.799999999999,,,
1783311000,7541.5,7547,7541.5,7546.5,,,,,,,,,7572.199999999999,7556.9,7555.1,7539.799999999999,,,
1783311300,7546.5,7547.5,7545.5,7547,,,,,,,,,7572.199999999999,7556.9,7555.1,7539.799999999999,,,
1783311600,7547,7547.75,7546,7547.5,,,,,,,,,7572.199999999999,7556.9,7555.1,7539.799999999999,,,
1783311900,7547.75,7548.75,7546.5,7547.75,,,,,,,,,7572.199999999999,7556.9,7555.1,7539.799999999999,,,
1783312200,7547.75,7550,7547,7547.25,,,,,,,,,7572.199999999999,7556.9,7555.1,7539.799999999999,,,
1783312500,7547.25,7549.75,7547,7549.5,,,,,,,,,7572.199999999999,7556.9,7555.1,7539.799999999999,,,
1783312800,7549.5,7551.75,7548.5,7551,,,,,,,,,7572.199999999999,7556.9,7555.1,7539.799999999999,,,
1783313100,7550.75,7551.5,7549.25,7550.25,,,,,,,,,7572.199999999999,7556.9,7555.1,7539.799999999999,,,
1783313400,7550,7551.25,7549.5,7551.25,,,,,,,,,7572.199999999999,7556.9,7555.1,7539.799999999999,,,
1783313700,7551.25,7553,7551,7552,,,,,,,,,7572.199999999999,7556.9,7555.1,7539.799999999999,,,
1783314000,7552.5,7552.75,7549.25,7549.75,,,,,,,,,7572.199999999999,7556.9,7555.1,7539.799999999999,,,
1783314300,7549.5,7554,7549.5,7551.25,,,,,,,,,7572.199999999999,7556.9,7555.1,7539.799999999999,,,
1783314600,7551.5,7554,7551,7552.75,,,,,,,,,7572.199999999999,7556.9,7555.1,7539.799999999999,,,
1783314900,7552.75,7554.5,7552.5,7554.25,,,,,,,,,7572.199999999999,7556.9,7555.1,7539.799999999999,,,
1783315200,7554.25,7554.75,7549.25,7550.5,7554.75,,,,,,,,7572.199999999999,7556.9,7555.1,7539.799999999999,,,
1783315500,7550,7551.75,7548.5,7549,,,,,,,,,7572.199999999999,7556.9,7555.1,7539.799999999999,,,
1783315800,7549,7549,7544.75,7545.75,,,,7544.75,,,,,7572.199999999999,7556.9,7555.1,7539.799999999999,,,
1783316100,7545.5,7548.5,7545.5,7547.75,,,,,,,,,7572.199999999999,7556.9,7555.1,7539.799999999999,,,
1783316400,7547.5,7552,7547.5,7550.5,,,,,,,,,7572.199999999999,7556.9,7555.1,7539.799999999999,,,
1783316700,7550.5,7551,7548.25,7548.5,,,,,,,,,7572.199999999999,7556.9,7555.1,7539.799999999999,,,
1783317000,7548.75,7552.5,7548.25,7551.75,,7552.5,,,,,,,7572.199999999999,7556.9,7555.1,7539.799999999999,,,
1783317300,7551.75,7552.25,7549.5,7549.75,,,,,,,,,7572.199999999999,7556.9,7555.1,7539.799999999999,,,
1783317600,7550,7552.25,7549.25,7550.5,,,,,,,,,7572.199999999999,7556.9,7555.1,7539.799999999999,,,
1783317900,7551,7551.5,7548.5,7549,,,,,,,,,7572.199999999999,7556.9,7555.1,7539.799999999999,,,
1783318200,7548.75,7549.25,7546.25,7547,,,,,,,,,7572.199999999999,7556.9,7555.1,7539.799999999999,,,
1783318500,7546.75,7549,7546.25,7547.75,,,,7546.25,,,,,7572.199999999999,7556.9,7555.1,7539.799999999999,,,
1783318800,7547.5,7549.75,7547,7549,,,,,,,,,7572.199999999999,7556.9,7555.1,7539.799999999999,,,
1783319100,7549.25,7551.75,7548.5,7551,,,,,,,,,7572.199999999999,7556.9,7555.1,7539.799999999999,,,
1783319400,7550.75,7553.75,7550,7553,,,,,,,,,7572.199999999999,7556.9,7555.1,7539.799999999999,,,
1783319700,7553.25,7554.5,7553,7553.75,,,,,,,,,7572.199999999999,7556.9,7555.1,7539.799999999999,,,
1783320000,7554,7555.75,7553.75,7555,,,,,,,,,7572.199999999999,7556.9,7555.1,7539.799999999999,,,
1783320300,7554.75,7555,7552.5,7553.75,,,,,,,,,7572.199999999999,7556.9,7555.1,7539.799999999999,,,
1783320600,7553.75,7555,7552.75,7553.75,,,,,,,,,7572.199999999999,7556.9,7555.1,7539.799999999999,,,
1783320900,7553.5,7554.75,7553,7554.5,,,,,,,,,7572.199999999999,7556.9,7555.1,7539.799999999999,,,
1783321200,7554.25,7555.75,7552.5,7555.5,,,,,,,,,7572.199999999999,7556.9,7555.1,7539.799999999999,,,
1783321500,7555.75,7558,7555.5,7556.25,,,,,,,,,7572.199999999999,7556.9,7555.1,7539.799999999999,,,
1783321800,7556.5,7557.75,7555.25,7556.25,,,,,,,,,7572.199999999999,7556.9,7555.1,7539.799999999999,,,
1783322100,7556.5,7558.75,7556.5,7558.5,,,,,,,,,7572.199999999999,7556.9,7555.1,7539.799999999999,,,
1783322400,7558.75,7558.75,7555.75,7556.75,,,,,,,,,7572.199999999999,7556.9,7555.1,7539.799999999999,,,
1783322700,7556.75,7556.75,7554.5,7555.25,,,,,,,,,7572.199999999999,7556.9,7555.1,7539.799999999999,,,
1783323000,7555.5,7558.5,7554.5,7558,,,,,,,,,7572.199999999999,7556.9,7555.1,7539.799999999999,,,
1783323300,7558,7559,7556.5,7557.25,,,,,,,,,7572.199999999999,7556.9,7555.1,7539.799999999999,,,
1783323600,7558,7563,7558,7562.5,,,,,,,,,7572.199999999999,7556.9,7555.1,7539.799999999999,,,
1783323900,7562.5,7562.75,7561.25,7562.25,,,,,,,,,7572.199999999999,7556.9,7555.1,7539.799999999999,,,
1783324200,7562.25,7563,7561.5,7562.25,,,,,,,,,7572.199999999999,7556.9,7555.1,7539.799999999999,,,
1783324500,7562.25,7563.5,7561.5,7563,,,,,,,,,7572.199999999999,7556.9,7555.1,7539.799999999999,,,
1783324800,7563,7566,7562,7564.25,,,,,,,,,7572.199999999999,7556.9,7555.1,7539.799999999999,,,
1783325100,7564.25,7566.75,7563.75,7565.5,7566.75,,,,,,,,7572.199999999999,7556.9,7555.1,7539.799999999999,,,
1783325400,7565.25,7565.75,7558.5,7560.5,,,,,,,,,7572.199999999999,7556.9,7555.1,7539.799999999999,,,
1783325700,7560.75,7561,7556.5,7561,,,,7556.5,,,,,7572.199999999999,7556.9,7555.1,7539.799999999999,,,
1783326000,7561,7562,7559.75,7561.5,,,,,,,,,7572.199999999999,7556.9,7555.1,7539.799999999999,,,
1783326300,7561.75,7562.5,7561,7562.25,,,,,,,,,7572.199999999999,7556.9,7555.1,7539.799999999999,,,
1783326600,7562,7562.25,7559.25,7559.25,,,,,,,,,7572.199999999999,7556.9,7555.1,7539.799999999999,,,
1783326900,7559.5,7560.25,7557.75,7559.5,,,,,,,,,7572.199999999999,7556.9,7555.1,7539.799999999999,,,
1783327200,7559.5,7562.5,7559.5,7561.5,,,,,,,,,7572.199999999999,7556.9,7555.1,7539.799999999999,,,
1783327500,7561.75,7561.75,7560,7561.25,,,,,,,,,7572.199999999999,7556.9,7555.1,7539.799999999999,,,
1783327800,7561.5,7562.25,7560.5,7561.25,,,,,,,,,7572.199999999999,7556.9,7555.1,7539.799999999999,,,
1783328100,7561.25,7563.5,7560.75,7562.75,,7563.5,,,,,,,7572.199999999999,7556.9,7555.1,7539.799999999999,,,
1783328400,7562.75,7563,7560.25,7561.25,,,,,,,,,7572.199999999999,7556.9,7555.1,7539.799999999999,,,
1783328700,7561,7563,7560.5,7561.5,,,,,,,,,7572.199999999999,7556.9,7555.1,7539.799999999999,,,
1783329000,7561.5,7561.5,7558.75,7560,,,,,,,,,7572.199999999999,7556.9,7555.1,7539.799999999999,,,
1783329300,7560.25,7561.5,7559.5,7559.75,,,,,,,,,7572.199999999999,7556.9,7555.1,7539.799999999999,,,
1783329600,7559.75,7562,7558.75,7561.25,,,,,,,,,7572.199999999999,7556.9,7555.1,7539.799999999999,,,
1783329900,7561,7562.75,7561,7562.25,,,,,,,,,7572.199999999999,7556.9,7555.1,7539.799999999999,,,
1783330200,7562.5,7562.5,7559,7560.25,,,,,,,,,7572.199999999999,7556.9,7555.1,7539.799999999999,,,
1783330500,7560.25,7562.5,7560.25,7561.75,,,,,,,,,7572.199999999999,7556.9,7555.1,7539.799999999999,,,
1783330800,7561.75,7562.5,7560,7560,,,,,,,,,7572.199999999999,7556.9,7555.1,7539.799999999999,,,
1783331100,7560,7560.5,7557,7557.75,,,,7557,,,,,7572.199999999999,7556.9,7555.1,7539.799999999999,,,
1783331400,7557.75,7565,7557.75,7564.75,,,,,,,,,7572.199999999999,7556.9,7555.1,7539.799999999999,,,
1783331700,7564.75,7565.5,7563.75,7565,,,,,,,,,7572.199999999999,7556.9,7555.1,7539.799999999999,,,
1783332000,7565,7566.5,7562,7562.5,7566.5,,,,,,,,7572.199999999999,7556.9,7555.1,7539.799999999999,,,
1783332300,7562.25,7562.5,7560.5,7560.75,,,,,,,,,7572.199999999999,7556.9,7555.1,7539.799999999999,,,
1783332600,7561,7565,7560.5,7564.75,,,,7560.5,,,,,7572.199999999999,7556.9,7555.1,7539.799999999999,,,
1783332900,7564.75,7565.75,7564,7565,,,,,,,,,7572.199999999999,7556.9,7555.1,7539.799999999999,,,
1783333200,7565,7565.75,7563.25,7563.25,,,,,,,,,7572.199999999999,7556.9,7555.1,7539.799999999999,,,
1783333500,7563.25,7564,7562.25,7562.5,,,,,,,,,7572.199999999999,7556.9,7555.1,7539.799999999999,,,
1783333800,7562.75,7565.5,7562.5,7565.25,,,,,,,,,7572.199999999999,7556.9,7555.1,7539.799999999999,,,
1783334100,7564.75,7565.75,7563.75,7564.75,,7565.75,,,,,,,7572.199999999999,7556.9,7555.1,7539.799999999999,,,
1783334400,7564.75,7565,7561,7561,,,,,,,,,7572.199999999999,7556.9,7555.1,7539.799999999999,,,
1783334700,7560.75,7561.75,7559.25,7561,,,,,,,,,7572.199999999999,7556.9,7555.1,7539.799999999999,,,
1783335000,7561,7562.25,7560.5,7561.5,,,,,,,,,7572.199999999999,7556.9,7555.1,7539.799999999999,,,
1783335300,7562,7563.25,7561.5,7563,,,,,,,,,7572.199999999999,7556.9,7555.1,7539.799999999999,,,
1783335600,7563.25,7565.25,7559.75,7560,,,,,,,,,7572.199999999999,7556.9,7555.1,7539.799999999999,,,
1783335900,7560,7560.75,7558.25,7558.5,,,7558.25,,,,,,7572.199999999999,7556.9,7555.1,7539.799999999999,,,
1783336200,7559,7560.25,7558.5,7559.75,,,,,,,,,7572.199999999999,7556.9,7555.1,7539.799999999999,,,
1783336500,7560.25,7561.25,7559.5,7560.75,,,,,,,,,7572.199999999999,7556.9,7555.1,7539.799999999999,,,
1783336800,7561.25,7563.25,7559.75,7560.25,,7563.25,,,,,,,7572.199999999999,7556.9,7555.1,7539.799999999999,,,
1783337100,7560,7562,7559.5,7560,,,,,,,,,7572.199999999999,7556.9,7555.1,7539.799999999999,,,
1783337400,7559.5,7562.5,7559.5,7562.25,,,,,,,,,7572.199999999999,7556.9,7555.1,7539.799999999999,,,
1783337700,7562.5,7562.5,7560,7560.5,,,,,,,,,7572.199999999999,7556.9,7555.1,7539.799999999999,,,
1783338000,7560.75,7561,7559.5,7561,,,,,,,,,7572.199999999999,7556.9,7555.1,7539.799999999999,,,
1783338300,7561,7563,7560.25,7561.25,,,,,,,,,7572.199999999999,7556.9,7555.1,7539.799999999999,,,
1783338600,7561.25,7561.5,7557.5,7558.25,,,,,,,,,7572.199999999999,7556.9,7555.1,7539.799999999999,,,
1783338900,7558,7560.75,7556,7556.5,,,,,,,,,7572.199999999999,7556.9,7555.1,7539.799999999999,,,
1783339200,7556.5,7563.75,7555.25,7562.5,,,7555.25,,,,,,7572.199999999999,7556.9,7555.1,7539.799999999999,,,
1783339500,7562.5,7563.5,7560.25,7562.75,,,,,,,,,7572.199999999999,7556.9,7555.1,7539.799999999999,,,
1783339800,7562.75,7563.25,7561.25,7562.5,,,,,,,,,7572.199999999999,7556.9,7555.1,7539.799999999999,,,
1783340100,7562.75,7564.75,7562.25,7563.75,7564.75,,,,,,,,7565.312499999999,7553.09375,7551.65625,7539.437499999999,,,
1783340400,7563.75,7564,7556.25,7556.5,,,,,,,,,7565.312499999999,7553.09375,7551.65625,7539.437499999999,,,
1783340700,7556.25,7558.75,7556.25,7558.25,,,,7556.25,,,,,7565.312499999999,7553.09375,7551.65625,7539.437499999999,,,
1783341000,7558,7559.75,7556.5,7557.25,,,,,,,,,7565.312499999999,7553.09375,7551.65625,7539.437499999999,,,
1783341300,7557.25,7563.5,7557,7562,,,,,,,,,7565.312499999999,7553.09375,7551.65625,7539.437499999999,,,
1783341600,7561.75,7562,7558.25,7559,,,,,,,,,7565.312499999999,7553.09375,7551.65625,7539.437499999999,,,
1783341900,7559.25,7560.5,7559,7560,,,,,,,,,7565.312499999999,7553.09375,7551.65625,7539.437499999999,,,
1783342200,7560,7562.75,7559.25,7562.5,,,,,,,,,7565.312499999999,7553.09375,7551.65625,7539.437499999999,,,
1783342500,7562.5,7562.75,7561,7562.5,,,,,,,,,7565.312499999999,7553.09375,7551.65625,7539.437499999999,,,
1783342800,7562.75,7563.5,7556.5,7558,,,,,,,,,7565.312499999999,7553.09375,7551.65625,7539.437499999999,,,
1783343100,7558,7558.25,7556,7556.5,,,,,,,,,7565.312499999999,7553.09375,7551.65625,7539.437499999999,,,
1783343400,7556.5,7558.25,7555,7555.25,,,,,,,,,7565.312499999999,7553.09375,7551.65625,7539.437499999999,,,
1783343700,7555.25,7556.25,7552.5,7553.75,,,,,,,,,7565.312499999999,7553.09375,7551.65625,7539.437499999999,,,
1783344000,7554,7555.75,7552,7553.75,,,,,,,,,7565.312499999999,7553.09375,7551.65625,7539.437499999999,,,
1783344300,7553.75,7565.5,7553.75,7565,,,,,,,,,7565.312499999999,7553.09375,7551.65625,7539.437499999999,,,
1783344600,7564.75,7573.25,7559.25,7570.25,,,,,,,,,7571.487499999999,7556.50625,7554.74375,7539.7625,,,
1783344900,7570,7570.25,7552.25,7561.5,,,,,,,,,7571.487499999999,7556.50625,7554.74375,7539.7625,,,
1783345200,7561.75,7565.5,7555.25,7565.25,,,,,,,,,7571.487499999999,7556.50625,7554.74375,7539.7625,,,
1783345500,7565,7569.5,7561.25,7568,,,,,,,,,7571.487499999999,7556.50625,7554.74375,7539.7625,,,
1783345800,7568,7574,7560.75,7567.25,7574,,,,,,,,7572.199999999999,7556.9,7555.1,7539.799999999999,,,
1783346100,7567.25,7568.5,7561.75,7564.5,,,,,,,,,7572.199999999999,7556.9,7555.1,7539.799999999999,,,
1783346400,7564.25,7569.25,7556.25,7562.75,,,,7556.25,,,,,7572.199999999999,7556.9,7555.1,7539.799999999999,,,
1783346700,7562.25,7570,7559,7566.75,,,,,,,,,7572.199999999999,7556.9,7555.1,7539.799999999999,,,
1783347000,7567,7573.5,7564.5,7573,,,,,,,,,7572.199999999999,7556.9,7555.1,7539.799999999999,,,
1783347300,7573,7573.75,7568.25,7570.75,,,,,,,,,7572.199999999999,7556.9,7555.1,7539.799999999999,,,
1783347600,7570.75,7577.75,7569.25,7575.5,,,,,,,,,7575.762499999999,7558.86875,7556.88125,7539.987499999999,,,
1783347900,7575.75,7579,7574.75,7578.75,,,,,,,,,7576.949999999999,7559.525,7557.475,7540.049999999999,,,
1783348200,7578.75,7581.25,7575.25,7576.25,,,,,,,,,7579.0875,7560.706249999999,7558.543750000001,7540.162499999999,,,
1783348500,7576.25,7578,7573.5,7576,,,,,,,,,7579.0875,7560.706249999999,7558.543750000001,7540.162499999999,,,
1783348800,7575.75,7577.25,7570,7575.75,,,,,,,,,7579.0875,7560.706249999999,7558.543750000001,7540.162499999999,,,
1783349100,7576.25,7578,7574,7576.5,,,,,,,,,7579.0875,7560.706249999999,7558.543750000001,7540.162499999999,,,
1783349400,7576.5,7579.75,7575,7578,,,,,,,,,7579.0875,7560.706249999999,7558.543750000001,7540.162499999999,,,
1783349700,7578.25,7582.5,7576.25,7582,,,,,,,,,7580.275,7561.362499999999,7559.137500000001,7540.224999999999,,,
1783350000,7582.25,7583.5,7578.75,7581,,,,,,,,,7581.224999999999,7561.8875,7559.6125,7540.275,,,
1783350300,7581,7582.25,7579.25,7582,,,,,,,,,7581.224999999999,7561.8875,7559.6125,7540.275,,,
1783350600,7582.25,7583.75,7577.75,7580.5,,,,,,,,,7581.4625,7562.018749999999,7559.731250000001,7540.287499999999,,,
1783350900,7580.5,7580.5,7575.25,7579,,,,,,,,,7581.4625,7562.018749999999,7559.731250000001,7540.287499999999,,,
1783351200,7579.25,7582.75,7576.5,7582.25,,,,,,,,,7581.4625,7562.018749999999,7559.731250000001,7540.287499999999,,,
1783351500,7582,7587.25,7581.25,7587,,,,,,,,,7584.787499999999,7563.85625,7561.39375,7540.4625,,,
1783351800,7587,7589,7585,7585.5,,,,,,,,,7586.449999999999,7564.775,7562.225,7540.549999999999,,,
1783352100,7585.5,7586.25,7582.75,7585.5,,,,,,,,,7586.449999999999,7564.775,7562.225,7540.549999999999,,,
1783352400,7585.5,7587.5,7584.75,7587.25,,,,,,,,,7586.449999999999,7564.775,7562.225,7540.549999999999,,,
1783352700,7587.5,7588.75,7585.5,7588,,,,,,,,,7586.449999999999,7564.775,7562.225,7540.549999999999,,,
1783353000,7587.75,7589,7585.25,7585.25,,,,,,,,,7586.449999999999,7564.775,7562.225,7540.549999999999,,,
1783353300,7585.5,7588.5,7585.25,7587.75,,,,,,,,,7586.449999999999,7564.775,7562.225,7540.549999999999,,,
1783353600,7587.5,7588,7585.5,7587,,,,,,,,,7586.449999999999,7564.775,7562.225,7540.549999999999,,,
1783353900,7587.25,7589.5,7586.5,7588.25,,,,,,,,,7586.924999999999,7565.0375,7562.4625,7540.575,,,
1783354200,7588.25,7590.25,7587.75,7588.75,,,,,,,,,7587.637499999999,7565.43125,7562.81875,7540.612499999999,,,
1783354500,7589,7589.75,7587.5,7589.25,,,,,,,,,7587.637499999999,7565.43125,7562.81875,7540.612499999999,,,
1783354800,7589.25,7591,7587.5,7588,7591,,,,,,,,7588.349999999999,7565.825,7563.175,7540.65,,,
1783355100,7588,7588.5,7584.75,7585.75,,,,,,,,,7588.349999999999,7565.825,7563.175,7540.65,,,
1783355400,7585.75,7586.75,7583.75,7585.25,,,,,,,,,7588.349999999999,7565.825,7563.175,7540.65,,,
1783355700,7585.25,7585.75,7583,7585.25,,,,,,,,,7588.349999999999,7565.825,7563.175,7540.65,,,
1783356000,7585.25,7586.75,7585,7586.5,,,,,,,,,7588.349999999999,7565.825,7563.175,7540.65,,,
1783356300,7586.5,7589.75,7585,7589.5,,,,,,,,,7588.349999999999,7565.825,7563.175,7540.65,,,
1783356600,7589.5,7590.25,7585.25,7585.5,,,,,,,,,7588.349999999999,7565.825,7563.175,7540.65,,,
1783356900,7585.5,7586.5,7581.5,7583.75,,,,7581.5,,,,,7588.349999999999,7565.825,7563.175,7540.65,,,
1783357200,7583.75,7589,7583,7587.75,,,,,,,,,7588.349999999999,7565.825,7563.175,7540.65,,,
1783357500,7588,7594.75,7587.75,7593.25,7594.75,,,,,,,,7591.912499999999,7567.79375,7564.95625,7540.8375,,,
1783357800,7593.25,7594.25,7591.25,7592.75,,,,,,,,,7591.912499999999,7567.79375,7564.95625,7540.8375,,,
1783358100,7593,7593.75,7589,7590,,,,,,,,,7591.912499999999,7567.79375,7564.95625,7540.8375,,,
1783358400,7590,7590.5,7587.25,7589,,,,,,,,,7591.912499999999,7567.79375,7564.95625,7540.8375,,,
1783358700,7588.75,7590.25,7585.25,7586.25,,,,,,,,,7591.912499999999,7567.79375,7564.95625,7540.8375,,,
1783359000,7586,7586.75,7581.75,7582.5,,,,,,,,,7592.6125,7574.44375,7572.30625,7554.1375,,,
1783359300,7582.25,7584.25,7580.5,7582.25,,,,,,,,,7592.6125,7574.44375,7572.30625,7554.1375,,,
1783359600,7582.25,7582.25,7575,7579.5,,,7575,,,,,,7592.6125,7574.44375,7572.30625,7554.1375,,,
1783359900,7579.25,7583,7577.25,7581.75,,,,,,,,,7592.6125,7574.44375,7572.30625,7554.1375,,,
1783360200,7582,7584.25,7579,7579.5,,,,,,,,,7592.6125,7574.44375,7572.30625,7554.1375,,,
1783360500,7579.5,7580.5,7578,7580.25,,,,,,,,,7592.6125,7574.44375,7572.30625,7554.1375,,,
1783360800,7580,7586.5,7580,7585.75,,,,,,,,,7592.6125,7574.44375,7572.30625,7554.1375,,,
1783361100,7585.75,7590,7585,7588.5,,,,,,,,,7592.6125,7574.44375,7572.30625,7554.1375,,,
1783361400,7588.75,7589.25,7587,7589,,,,,,,,,7592.6125,7574.44375,7572.30625,7554.1375,,,
1783361700,7589.25,7594.25,7589,7592.5,,,,,,,,,7592.6125,7574.44375,7572.30625,7554.1375,,,
1783362000,7592.25,7594,7591,7593.75,,,,,,,,,7592.6125,7574.44375,7572.30625,7554.1375,,,
1783362300,7593.5,7595,7591.5,7592,,,,,,,,,7592.85,7574.575,7572.425,7554.15,,,
1783362600,7592.25,7594,7589.75,7590.25,,,,,,,,,7592.85,7574.575,7572.425,7554.15,,,
1783362900,7590,7591.75,7588.75,7589.5,,,,,,,,,7592.85,7574.575,7572.425,7554.15,,,
1783363200,7589.5,7592.5,7589.5,7591,,,,,,,,,7592.85,7574.575,7572.425,7554.15,,,
1783363500,7591.25,7595.75,7590.75,7594.75,,,,,,,,,7593.5625,7574.96875,7572.78125,7554.1875,,,
1783363800,7594.75,7597,7594.25,7597,,,,,,,,,7594.75,7575.625,7573.375,7554.25,,,
1783364100,7597,7599,7595.5,7598.25,,,,,,,,,7596.65,7576.675,7574.325,7554.349999999999,,,
1783364400,7598.25,7600,7595.25,7597.25,,,,,,,,,7597.6,7577.2,7574.8,7554.4,,,
1783364700,7597.25,7598.5,7595,7596,,,,,,,,,7597.6,7577.2,7574.8,7554.4,,,
1783365000,7596,7597.75,7595,7596.25,,,,,,,,,7597.6,7577.2,7574.8,7554.4,,,
1783365300,7596.25,7599.75,7595,7599.5,,,,,,,,,7597.6,7577.2,7574.8,7554.4,,,
1783365600,7599.25,7602.25,7598,7601.25,7602.25,,,,,,,,7599.7375,7578.38125,7575.86875,7554.5125,,,
1783365900,7601,7602,7599.25,7600.75,,,,,,,,,7599.7375,7578.38125,7575.86875,7554.5125,,,
1783366200,7601,7601,7597.25,7598.5,,,,,,,,,7599.7375,7578.38125,7575.86875,7554.5125,,,
1783366500,7598.75,7599.75,7595.75,7597.75,,,,,,,,,7599.7375,7578.38125,7575.86875,7554.5125,,,
1783366800,7598,7598.75,7596,7598.5,,,,,,,,,7599.7375,7578.38125,7575.86875,7554.5125,,,
1783367100,7598.5,7600.5,7597.25,7597.75,,,,,,,,,7599.7375,7578.38125,7575.86875,7554.5125,,,
1783367400,7597.75,7598.25,7591,7591.25,,,,,,,,,7599.7375,7578.38125,7575.86875,7554.5125,,,
1783367700,7591.5,7593.75,7587.75,7593.5,,,,7587.75,,,,,7599.7375,7578.38125,7575.86875,7554.5125,,,
1783368000,7593.5,7595.75,7591.25,7592.75,,,,,,,,,7599.7375,7578.38125,7575.86875,7554.5125,,,
1783368300,7592.75,7596.75,7592,7596.25,,,,,,,,,7599.7375,7578.38125,7575.86875,7554.5125,,,
1783368600,7596.5,7597.25,7594.5,7596.5,,,,,,,,,7599.7375,7578.38125,7575.86875,7554.5125,,,
1783368900,7596.25,7598.25,7596,7597.25,,7598.25,,,,,,,7599.7375,7578.38125,7575.86875,7554.5125,,,
1783369200,7597.25,7597.5,7595.5,7596,,,,,,,,,7599.7375,7578.38125,7575.86875,7554.5125,,,
1783369500,7596,7596,7594.25,7595.75,,,,,,,,,7599.7375,7578.38125,7575.86875,7554.5125,,,
1783369800,7595.75,7597,7595.5,7596.5,,,,,,,,,7599.7375,7578.38125,7575.86875,7554.5125,,,
1783370100,7596.5,7596.5,7595,7596.25,,,,,,,,,7599.7375,7578.38125,7575.86875,7554.5125,,,
1783370400,7596,7597,7595.5,7596.75,,,,,,,,,7599.7375,7578.38125,7575.86875,7554.5125,,,
1783370700,7596.5,7597,7594.25,7594.75,,,,,,,,,7599.7375,7578.38125,7575.86875,7554.5125,,,
1783371000,7594.75,7596,7593.75,7595.5,,,,7593.75,,,,,7599.7375,7578.38125,7575.86875,7554.5125,,,
1783371300,7595.5,7598,7595,7596.5,,,,,,,,,7599.7375,7578.38125,7575.86875,7554.5125,,,
1783375200,7597.5,7599.75,7595.75,7598.75,,,,,,,,,7599.7375,7578.38125,7575.86875,7554.5125,,,
1783375500,7598.5,7598.5,7596,7597.5,,,,,,,,,7599.7375,7578.38125,7575.86875,7554.5125,,,
1783375800,7597.75,7599.5,7597.25,7599.5,,,,,,,,,7599.7375,7578.38125,7575.86875,7554.5125,,,
1783376100,7599.5,7600.25,7598.75,7599.5,,,,,,,,,7599.7375,7578.38125,7575.86875,7554.5125,,,
1783376400,7599.5,7601,7599.25,7600.25,7601,,,,,,,,7599.7375,7578.38125,7575.86875,7554.5125,,,
1783376700,7600.5,7600.5,7598.25,7598.5,,,,,,,,,7599.7375,7578.38125,7575.86875,7554.5125,,,
1783377000,7598.75,7600.5,7597.25,7599.25,,,,,,,,,7599.7375,7578.38125,7575.86875,7554.5125,,,
1783377300,7599.25,7600.5,7598.5,7599,,,,,,,,,7599.7375,7578.38125,7575.86875,7554.5125,,,
1783377600,7599,7600.75,7598.5,7599,,,,,,,,,7599.7375,7578.38125,7575.86875,7554.5125,,,
1783377900,7598.75,7598.75,7594.75,7596.25,,,,,,,,,7599.7375,7578.38125,7575.86875,7554.5125,,,
1783378200,7596.25,7596.75,7594.25,7594.75,,,,,,,,,7599.7375,7578.38125,7575.86875,7554.5125,,,
1783378500,7594.75,7595.25,7592.75,7593.75,,,,,,,,,7599.7375,7578.38125,7575.86875,7554.5125,,,
1783378800,7593.75,7598,7593.5,7596.75,,,,,,,,,7599.7375,7578.38125,7575.86875,7554.5125,,,
1783379100,7596.75,7597.5,7595,7596,,,,,,,,,7599.7375,7578.38125,7575.86875,7554.5125,,,
1783379400,7596,7597.25,7595.5,7595.75,,,,,,,,,7599.7375,7578.38125,7575.86875,7554.5125,,,
1783379700,7595.75,7595.75,7592,7592.25,,,,,,,,,7599.7375,7578.38125,7575.86875,7554.5125,,,
1783380000,7592.25,7593.75,7591.5,7593.25,,,,,,,,,7599.7375,7578.38125,7575.86875,7554.5125,,,
1783380300,7593.5,7594.25,7592,7593,,,,,,,,,7599.7375,7578.38125,7575.86875,7554.5125,,,
1783380600,7592.75,7594,7591.25,7591.5,,,,,,,,,7599.7375,7578.38125,7575.86875,7554.5125,,,
1783380900,7591.75,7592.25,7591.25,7591.5,,,,,,,,,7599.7375,7578.38125,7575.86875,7554.5125,,,
1783381200,7591.5,7592,7589.75,7590.25,,,,,,,,,7599.7375,7578.38125,7575.86875,7554.5125,,,
1783381500,7590.25,7590.25,7586.75,7587.5,,,,,,,,,7599.7375,7578.38125,7575.86875,7554.5125,,,
1783381800,7587.25,7587.5,7584.75,7585.5,,,,,,,,,7599.7375,7578.38125,7575.86875,7554.5125,,,
1783382100,7585.75,7586.5,7584.25,7585.75,,,,,,,,,7599.7375,7578.38125,7575.86875,7554.5125,,,
1783382400,7585.5,7588.5,7583.5,7587.5,,,7583.5,,,,,,7599.7375,7578.38125,7575.86875,7554.5125,,,
1783382700,7588,7590.5,7586.75,7588.75,,,,,,,,,7599.7375,7578.38125,7575.86875,7554.5125,,,
1783383000,7588.75,7588.75,7584.5,7586.25,,,,,,,,,7599.7375,7578.38125,7575.86875,7554.5125,,,
1783383300,7586.25,7589.75,7585,7589.5,,,,,,,,,7599.7375,7578.38125,7575.86875,7554.5125,,,
1783383600,7589.5,7594,7589.25,7593,,,,,,,,,7599.7375,7578.38125,7575.86875,7554.5125,,,
1783383900,7593.25,7595.5,7587.5,7590.25,,7595.5,,,,,,,7599.7375,7578.38125,7575.86875,7554.5125,,,
1783384200,7590.25,7591.25,7587.25,7587.5,,,,,,,,,7599.7375,7578.38125,7575.86875,7554.5125,,,
1783384500,7587.25,7588,7583.5,7585.25,,,,7583.5,,,,,7599.7375,7578.38125,7575.86875,7554.5125,,,
1783384800,7585,7588,7584,7587,,,,,,,,,7599.7375,7578.38125,7575.86875,7554.5125,,,
1783385100,7587,7589,7585.25,7587.75,,,,,,,,,7599.7375,7578.38125,7575.86875,7554.5125,,,
1783385400,7587.75,7589.25,7586.25,7589,,,,,,,,,7599.7375,7578.38125,7575.86875,7554.5125,,,
1783385700,7588.75,7589.5,7584.75,7585,,7589.5,,,,,,,7599.7375,7578.38125,7575.86875,7554.5125,,,
1783386000,7585.25,7587,7583.75,7585,,,,,,,,,7599.7375,7578.38125,7575.86875,7554.5125,,,
1783386300,7585,7587.25,7584.75,7586.25,,,,,,,,,7599.7375,7578.38125,7575.86875,7554.5125,,,
1783386600,7586.25,7587.5,7584.75,7585,,,,,,,,,7599.7375,7578.38125,7575.86875,7554.5125,,,
1783386900,7585.25,7586,7584,7584.75,,,,,,,,,7599.7375,7578.38125,7575.86875,7554.5125,,,
1783387200,7584.75,7585,7582.25,7582.5,,,,,,,,,7599.7375,7578.38125,7575.86875,7554.5125,,,
1783387500,7582.25,7583,7580.75,7582,,,,,,,,,7599.7375,7578.38125,7575.86875,7554.5125,,,
1783387800,7581.5,7583.25,7579,7582.5,,,7579,,,,,,7599.7375,7578.38125,7575.86875,7554.5125,,,
1783388100,7582.25,7585.5,7582.25,7585,,,,,,,,,7599.7375,7578.38125,7575.86875,7554.5125,,,
1783388400,7585,7586.25,7582.75,7585.75,,,,,,,,,7599.7375,7578.38125,7575.86875,7554.5125,,,
1783388700,7586,7588,7586,7587.25,,,,,,,,,7599.7375,7578.38125,7575.86875,7554.5125,,,
1783389000,7587.5,7588.75,7586.25,7588.25,,7588.75,,,,,,,7599.7375,7578.38125,7575.86875,7554.5125,,,
1783389300,7588.25,7588.25,7582.75,7583.5,,,,,,,,,7599.7375,7578.38125,7575.86875,7554.5125,,,
1783389600,7583.5,7585.5,7582.5,7584.75,,,,,,,,,7599.7375,7578.38125,7575.86875,7554.5125,,,
1783389900,7584.75,7587.5,7584,7586,,,,,,,,,7599.7375,7578.38125,7575.86875,7554.5125,,,
1783390200,7586,7586.75,7585,7586,,,,,,,,,7599.7375,7578.38125,7575.86875,7554.5125,,,
1783390500,7586,7587,7584.75,7586,,,,,,,,,7599.7375,7578.38125,7575.86875,7554.5125,,,
1783390800,7586,7586,7583,7583.5,,,,,,,,,7599.7375,7578.38125,7575.86875,7554.5125,,,
1783391100,7583.5,7583.75,7582.25,7582.5,,,,,,,,,7599.7375,7578.38125,7575.86875,7554.5125,,,
1783391400,7582.25,7582.25,7579.75,7580,,,,,,,,,7599.7375,7578.38125,7575.86875,7554.5125,,,
1783391700,7580,7582.75,7579.75,7582.25,,,,,,,,,7599.7375,7578.38125,7575.86875,7554.5125,,,
1783392000,7582.5,7583,7581,7582.5,,,,,,,,,7599.7375,7578.38125,7575.86875,7554.5125,,,
1783392300,7582.25,7582.5,7580.25,7581,,,,,,,,,7599.7375,7578.38125,7575.86875,7554.5125,,,
1783392600,7581,7581.5,7579.75,7581.25,,,,,,,,,7599.7375,7578.38125,7575.86875,7554.5125,,,
1783392900,7581.25,7581.5,7578.5,7578.75,,,,,,,,,7599.7375,7578.38125,7575.86875,7554.5125,,,
1783393200,7579.25,7582.5,7578.75,7582.25,,,,,,,,,7599.7375,7578.38125,7575.86875,7554.5125,,,
1783393500,7582,7583.25,7580.5,7582.75,,,,,,,,,7599.7375,7578.38125,7575.86875,7554.5125,,,
1783393800,7582.75,7583,7579.75,7580,,,,,,,,,7599.7375,7578.38125,7575.86875,7554.5125,,,
1783394100,7580,7580.25,7578,7579.25,,,,,,,,,7599.7375,7578.38125,7575.86875,7554.5125,,,
1783394400,7579,7579.5,7576.75,7577.5,,,,,,,,,7599.7375,7578.38125,7575.86875,7554.5125,,,
1783394700,7577.25,7578.5,7574.75,7575.25,,,,,,,,,7599.7375,7578.38125,7575.86875,7554.5125,,,
1783395000,7575.25,7576.5,7573.25,7575.25,,,,,,,,,7599.7375,7578.38125,7575.86875,7554.5125,,,
1783395300,7575.25,7577,7575,7576,,,,,,,,,7599.7375,7578.38125,7575.86875,7554.5125,,,
1783395600,7575.75,7576.25,7574.25,7574.5,,,,,,,,,7599.7375,7578.38125,7575.86875,7554.5125,,,
1783395900,7574.5,7574.5,7571,7572.25,,,,,,,,,7599.7375,7578.38125,7575.86875,7554.5125,,,
1783396200,7572.25,7573,7570.5,7571.5,,,,,,,,,7599.7375,7578.38125,7575.86875,7554.5125,,,
1783396500,7571.5,7574.75,7570.75,7574,,,,,,,,,7599.7375,7578.38125,7575.86875,7554.5125,,,
1783396800,7574.25,7574.75,7572,7573.75,,,,,,,,,7599.7375,7578.38125,7575.86875,7554.5125,,,
1783397100,7573.5,7575,7573,7573.75,,,,,,,,,7599.7375,7578.38125,7575.86875,7554.5125,,,
1783397400,7573.75,7574,7571.75,7571.75,,,,,,,,,7599.7375,7578.38125,7575.86875,7554.5125,,,
1783397700,7571.75,7572.5,7569.5,7570.5,,,,,,,,,7599.7375,7578.38125,7575.86875,7554.5125,,,
1783398000,7570.5,7571,7569.25,7569.75,,,,,,,,,7599.7375,7578.38125,7575.86875,7554.5125,,,
1783398300,7569.75,7571.5,7569.25,7571.25,,,,,,,,,7599.7375,7578.38125,7575.86875,7554.5125,,,
1783398600,7571.25,7573.25,7570.5,7571,,,,,,,,,7599.7375,7578.38125,7575.86875,7554.5125,,,
1783398900,7571,7571.25,7567,7569.5,,,,,,,,,7599.7375,7578.38125,7575.86875,7554.5125,,,
1783399200,7569,7570.25,7568.75,7568.75,,,,,,,,,7599.7375,7578.38125,7575.86875,7554.5125,,,
1783399500,7569,7569.5,7567.75,7568.25,,,,,,,,,7599.7375,7578.38125,7575.86875,7554.5125,,,
1783399800,7568.25,7569.25,7567.25,7567.75,,,,,,,,,7599.7375,7578.38125,7575.86875,7554.5125,,,
1783400100,7567.75,7568.75,7566.5,7568.75,,,,,,,,,7599.7375,7578.38125,7575.86875,7554.5125,,,
1783400400,7568.75,7568.75,7566.5,7567.25,,,,,,,,,7599.7375,7578.38125,7575.86875,7554.5125,,,
1783400700,7567.25,7568,7564.75,7565.5,,,,,,,,,7599.7375,7578.38125,7575.86875,7554.5125,,,
1783401000,7565.75,7566.5,7565,7565.25,,,,,,,,,7599.7375,7578.38125,7575.86875,7554.5125,,,
1783401300,7565.25,7566.25,7564.25,7564.5,,,,,,,,,7599.7375,7578.38125,7575.86875,7554.5125,,,
1783401600,7564.5,7566.5,7564.25,7565.5,,,,,,,,,7599.7375,7578.38125,7575.86875,7554.5125,,,
1783401900,7565.5,7566.25,7563,7565.75,,,7563,,,,,,7599.7375,7578.38125,7575.86875,7554.5125,,,
1783402200,7566,7570.75,7566,7569.25,,,,,,,,,7599.7375,7578.38125,7575.86875,7554.5125,,,
1783402500,7569,7571.25,7568.75,7570.25,,,,,,,,,7599.7375,7578.38125,7575.86875,7554.5125,,,
1783402800,7570.5,7572.25,7570,7571,,,,,,,,,7599.7375,7578.38125,7575.86875,7554.5125,,,
1783403100,7570.75,7571.25,7568.75,7569.25,,,,,,,,,7599.7375,7578.38125,7575.86875,7554.5125,,,
1783403400,7569.25,7572.5,7569.25,7572.25,,,,,,,,,7599.7375,7578.38125,7575.86875,7554.5125,,,
1783403700,7572.25,7575,7572,7573.5,,7575,,,,,,,7599.7375,7578.38125,7575.86875,7554.5125,,,
1783404000,7573.25,7574.75,7571.75,7572.5,,,,,,,,,7599.7375,7578.38125,7575.86875,7554.5125,,,
1783404300,7572.5,7572.5,7569.25,7569.75,,,,,,,,,7599.7375,7578.38125,7575.86875,7554.5125,,,
1783404600,7569.75,7570,7567,7567.75,,,,7567,,,,,7599.7375,7578.38125,7575.86875,7554.5125,,,
1783404900,7567.75,7570,7567.25,7568.25,,,,,,,,,7599.7375,7578.38125,7575.86875,7554.5125,,,
1783405200,7568,7571.75,7567.5,7571,,,,,,,,,7599.7375,7578.38125,7575.86875,7554.5125,,,
1783405500,7571,7572.25,7570,7570.75,,,,,,,,,7599.7375,7578.38125,7575.86875,7554.5125,,,
1783405800,7570.75,7571.25,7569,7571,,,,,,,,,7599.7375,7578.38125,7575.86875,7554.5125,,,
1783406100,7571,7573,7570.5,7571.75,,,,,,,,,7599.7375,7578.38125,7575.86875,7554.5125,,,
1783406400,7571.75,7573.5,7571.5,7573.5,,,,,,,,,7599.7375,7578.38125,7575.86875,7554.5125,,,
1783406700,7573.25,7573.5,7570.25,7571,,,,,,,,,7599.7375,7578.38125,7575.86875,7554.5125,,,
1783407000,7571,7574,7570.75,7573.25,,,,,,,,,7599.7375,7578.38125,7575.86875,7554.5125,,,
1783407300,7573.25,7574.5,7573,7573.5,,,,,,,,,7599.7375,7578.38125,7575.86875,7554.5125,,,
1783407600,7573.75,7576,7571.25,7575.75,,,,,,,,,7599.7375,7578.38125,7575.86875,7554.5125,,,
1783407900,7575.5,7576.5,7574.75,7575,,,,,,,,,7599.7375,7578.38125,7575.86875,7554.5125,,,
1783408200,7575.25,7577.75,7573.5,7576.5,,,,,,,,,7599.7375,7578.38125,7575.86875,7554.5125,,,
1783408500,7576.75,7579.25,7576.25,7577.25,,,,,,,,,7599.7375,7578.38125,7575.86875,7554.5125,,,
1783408800,7577.5,7579.75,7576.5,7578,,,,,,,,,7599.7375,7578.38125,7575.86875,7554.5125,,,
1783409100,7578,7580,7577.75,7579.5,7580,,,,,,,,7599.7375,7578.38125,7575.86875,7554.5125,,,
1783409400,7579,7579.5,7577.75,7578.5,,,,,,,,,7599.7375,7578.38125,7575.86875,7554.5125,,,
1783409700,7578.25,7578.75,7576.5,7577.25,,,,,,,,,7599.7375,7578.38125,7575.86875,7554.5125,,,
1783410000,7577.25,7578.25,7577,7577,,,,,,,,,7599.7375,7578.38125,7575.86875,7554.5125,,,
1783410300,7577,7578.25,7576,7576.5,,,,,,,,,7599.7375,7578.38125,7575.86875,7554.5125,,,
1783410600,7576.5,7577,7573.75,7574,,,,,,,,,7599.7375,7578.38125,7575.86875,7554.5125,,,
1783410900,7574,7574.25,7571.75,7572,,,,,,,,,7599.7375,7578.38125,7575.86875,7554.5125,,,
1783411200,7572.25,7575,7570.5,7572.75,,,,7570.5,,,,,7599.7375,7578.38125,7575.86875,7554.5125,,,
1783411500,7572.75,7573.25,7571.25,7572.5,,,,,,,,,7599.7375,7578.38125,7575.86875,7554.5125,,,
1783411800,7572.75,7578.5,7572.5,7578,,,,,,,,,7599.7375,7578.38125,7575.86875,7554.5125,,,
1783412100,7577.75,7580.5,7577.25,7579.75,,,,,,,,,7599.7375,7578.38125,7575.86875,7554.5125,,,
1783412400,7579.5,7581.75,7578,7580.5,,,,,,,,,7599.7375,7578.38125,7575.86875,7554.5125,,,
1783412700,7580.5,7582,7579.5,7581.75,,,,,,,,,7599.7375,7578.38125,7575.86875,7554.5125,,,
1783413000,7581.75,7582.5,7580,7580.75,,,,,,,,,7599.7375,7578.38125,7575.86875,7554.5125,,,
1783413300,7580.75,7582,7579.5,7581.75,,,,,,,,,7599.7375,7578.38125,7575.86875,7554.5125,,,
1783413600,7581.75,7583,7580.5,7581,7583,,,,,,,,7599.7375,7578.38125,7575.86875,7554.5125,,,
1783413900,7581,7582.25,7580.75,7582,,,,,,,,,7599.7375,7578.38125,7575.86875,7554.5125,,,
1783414200,7582,7582.25,7578.5,7579.5,,,,,,,,,7599.7375,7578.38125,7575.86875,7554.5125,,,
1783414500,7579.5,7580.25,7578,7579,,,,,,,,,7599.7375,7578.38125,7575.86875,7554.5125,,,
1783414800,7578.75,7579.5,7576,7579.5,,,,7576,,,,,7599.7375,7578.38125,7575.86875,7554.5125,,,
1783415100,7579.5,7581.75,7578.5,7580.25,,,,,,,,,7599.7375,7578.38125,7575.86875,7554.5125,,,
1783415400,7580.25,7582.75,7579.5,7582.5,,,,,,,,,7599.7375,7578.38125,7575.86875,7554.5125,,,
1783415700,7582.5,7583.25,7581.5,7582.25,7583.25,,,,,,,,7599.7375,7578.38125,7575.86875,7554.5125,,,
1783416000,7582.25,7582.5,7581,7581.5,,,,,,,,,7599.7375,7578.38125,7575.86875,7554.5125,,,
1783416300,7581.75,7582.5,7580,7580.25,,,,,,,,,7599.7375,7578.38125,7575.86875,7554.5125,,,
1783416600,7580.25,7581,7579.25,7579.25,,,,,,,,,7599.7375,7578.38125,7575.86875,7554.5125,,,
1783416900,7579.25,7581.25,7578,7580.75,,,,7578,,,,,7600.287499999999,7583.60625,7581.64375,7564.9625,,,
1783417200,7581,7582.5,7580.75,7581.5,,,,,,,,,7600.287499999999,7583.60625,7581.64375,7564.9625,,,
1783417500,7581.75,7582,7580,7581.5,,,,,,,,,7600.287499999999,7583.60625,7581.64375,7564.9625,,,
1783417800,7581.5,7582.75,7579.75,7581.75,,,,,,,,,7600.287499999999,7583.60625,7581.64375,7564.9625,,,
1783418100,7582,7582.75,7581.25,7582,,,,,,,,,7600.287499999999,7583.60625,7581.64375,7564.9625,,,
1783418400,7581.75,7584.25,7581.75,7583.75,,,,,,,,,7600.287499999999,7583.60625,7581.64375,7564.9625,,,
1783418700,7583.75,7585,7581,7581.75,7585,,,,,,,,7600.287499999999,7583.60625,7581.64375,7564.9625,,,
1783419000,7581.75,7582.5,7577.75,7579.25,,,7577.75,,,,,,7600.287499999999,7583.60625,7581.64375,7564.9625,,,
1783419300,7579.25,7583.25,7578.75,7582,,,,,,,,,7600.287499999999,7583.60625,7581.64375,7564.9625,,,
1783419600,7582.25,7583.25,7580.75,7582.25,,7583.25,,,,,,,7600.287499999999,7583.60625,7581.64375,7564.9625,,,
1783419900,7582,7583,7581.25,7581.5,,,,,,,,,7600.287499999999,7583.60625,7581.64375,7564.9625,,,
1783420200,7581.25,7581.5,7579.5,7579.5,,,,,,,,,7600.287499999999,7583.60625,7581.64375,7564.9625,,,
1783420500,7579.5,7580,7578.25,7578.75,,,,,,,,,7600.287499999999,7583.60625,7581.64375,7564.9625,,,
1783420800,7579,7579.5,7578.25,7578.75,,,,,,,,,7600.287499999999,7583.60625,7581.64375,7564.9625,,,
1783421100,7578.75,7579.75,7577,7577,,,,,,,,,7600.287499999999,7583.60625,7581.64375,7564.9625,,,
1783421400,7577,7577.25,7573.25,7576.25,,,,,,,,,7600.287499999999,7583.60625,7581.64375,7564.9625,,,
1783421700,7576.5,7578,7576,7576.75,,,,,,,,,7600.287499999999,7583.60625,7581.64375,7564.9625,,,
1783422000,7577.75,7578.25,7572,7574.75,,,7572,,,,,,7600.287499999999,7583.60625,7581.64375,7564.9625,,,
1783422300,7574.5,7575.5,7572.75,7573.75,,,,,,,,,7600.287499999999,7583.60625,7581.64375,7564.9625,,,
1783422600,7573.5,7575,7572.5,7573.75,,,,,,,,,7600.287499999999,7583.60625,7581.64375,7564.9625,,,
1783422900,7574,7577.75,7573.75,7577,,,,,,,,,7600.287499999999,7583.60625,7581.64375,7564.9625,,,
1783423200,7577.25,7577.75,7576.5,7577.25,,,,,,,,,7600.287499999999,7583.60625,7581.64375,7564.9625,,,
1783423500,7577.25,7578.25,7575.5,7575.75,,,,,,,,,7600.287499999999,7583.60625,7581.64375,7564.9625,,,
1783423800,7575.75,7575.75,7573.25,7573.5,,,,,,,,,7600.287499999999,7583.60625,7581.64375,7564.9625,,,
1783424100,7573.5,7575,7572.25,7574.5,,,,,,,,,7600.287499999999,7583.60625,7581.64375,7564.9625,,,
1783424400,7574.75,7575.5,7573.25,7575.5,,,,,,,,,7600.287499999999,7583.60625,7581.64375,7564.9625,,,
1783424700,7575.5,7578,7575,7577,,,,,,,,,7600.287499999999,7583.60625,7581.64375,7564.9625,,,
1783425000,7577.25,7578.25,7573.25,7575.25,,,,,,,,,7600.287499999999,7583.60625,7581.64375,7564.9625,,,
1783425300,7575.25,7580.25,7575,7578.75,,,,,,,,,7600.287499999999,7583.60625,7581.64375,7564.9625,,,
1783425600,7578.75,7580,7578.25,7579.25,,,,,,,,,7600.287499999999,7583.60625,7581.64375,7564.9625,,,
1783425900,7579,7583.75,7578.5,7583,,,,,,,,,7600.287499999999,7583.60625,7581.64375,7564.9625,,,
1783426200,7582.75,7585.5,7582.5,7583.25,7585.5,,,,,,,,7600.287499999999,7583.60625,7581.64375,7564.9625,,,
1783426500,7583.75,7583.75,7578.5,7580.5,,,,7578.5,,,,,7600.287499999999,7583.60625,7581.64375,7564.9625,,,
1783426800,7580.5,7582,7579,7581.25,,,,,,,,,7600.287499999999,7583.60625,7581.64375,7564.9625,,,
1783427100,7581.25,7584.25,7581.25,7583.5,,,,,,,,,7600.287499999999,7583.60625,7581.64375,7564.9625,,,
1783427400,7583.5,7584,7580.75,7581.5,,,,,,,,,7600.287499999999,7583.60625,7581.64375,7564.9625,,,
1783427700,7581.5,7584.25,7581.25,7584,,,,,,,,,7600.287499999999,7583.60625,7581.64375,7564.9625,,,
1783428000,7584,7587,7583.25,7585.75,7587,,,,,,,,7600.287499999999,7583.60625,7581.64375,7564.9625,,,
1783428300,7585.5,7586.25,7581.5,7582.25,,,,,,,,,7600.287499999999,7583.60625,7581.64375,7564.9625,,,
1783428600,7582,7583,7579.25,7579.25,,,,,,,,,7600.287499999999,7583.60625,7581.64375,7564.9625,,,
1783428900,7579.5,7581,7578.75,7581,,,,,,,,,7600.287499999999,7583.60625,7581.64375,7564.9625,,,
1783429200,7580.75,7581,7577,7577.5,,,,,,,,,7600.287499999999,7583.60625,7581.64375,7564.9625,,,
1783429500,7577.5,7581.5,7575.5,7579.25,,,,,,,,,7600.287499999999,7583.60625,7581.64375,7564.9625,,,
1783429800,7579.5,7581.25,7577.75,7580.5,,,,,,,,,7600.287499999999,7583.60625,7581.64375,7564.9625,,,
1783430100,7580.75,7583.25,7578.5,7582.25,,,,,,,,,7600.287499999999,7583.60625,7581.64375,7564.9625,,,
1783430400,7582,7582.75,7578.25,7580.25,,,,,,,,,7600.287499999999,7583.60625,7581.64375,7564.9625,,,
1783430700,7580,7581.75,7578.25,7580.75,,,,,,,,,7600.287499999999,7583.60625,7581.64375,7564.9625,,,
1783431000,7580.75,7587.75,7571.75,7572.5,,,,,,,,,7600.287499999999,7583.60625,7581.64375,7564.9625,,,
1783431300,7572.5,7577.25,7569.5,7573,,,,,,,,,7600.287499999999,7583.60625,7581.64375,7564.9625,,,
1783431600,7573,7580.75,7569.25,7580,,,,,,,,,7600.287499999999,7583.60625,7581.64375,7564.9625,,,
1783431900,7580,7581,7572.25,7574.75,,,,,,,,,7600.287499999999,7583.60625,7581.64375,7564.9625,,,
1783432200,7574.5,7577.5,7565.25,7567,,,,,,,,,7600.287499999999,7583.60625,7581.64375,7564.9625,,,
1783432500,7567.25,7568.75,7560.25,7566.5,,,,,,,,,7600.15,7582.299999999999,7580.200000000001,7562.349999999999,,,
1783432800,7566.25,7570.25,7559.5,7563.5,,,,,,,,,7600.1125,7581.94375,7579.80625,7561.6375,,,
1783433100,7563.5,7567.75,7558.5,7560.75,,,,,,,,,7600.0625,7581.46875,7579.28125,7560.6875,,,
1783433400,7560.5,7560.75,7547.5,7548,,,,,,,,,7599.5125,7576.24375,7573.50625,7550.2375,,,
1783433700,7548,7553,7542.5,7553,,,,,,,,,7599.2625,7573.86875,7570.88125,7545.4875,,,
1783434000,7552.75,7555.25,7544,7544.25,,,,,,,,,7599.2625,7573.86875,7570.88125,7545.4875,,,
1783434300,7544.25,7545,7538.5,7544.75,,,,,,,,,7599.0625,7571.96875,7568.78125,7541.6875,,,
1783434600,7544.5,7547.75,7540.25,7541,,,,,,,,,7599.0625,7571.96875,7568.78125,7541.6875,,,
1783434900,7541,7543,7535.75,7536,,,,,,,,,7598.925,7570.6625,7567.3375,7539.075,,,
1783435200,7536,7538.75,7529.5,7535.25,,,7529.5,,,,,,7598.6125,7567.69375,7564.05625,7533.1375,,,
1783435500,7535.25,7542.5,7534.25,7539.5,,,,,,,,,7598.6125,7567.69375,7564.05625,7533.1375,,,
1783435800,7539.25,7545.25,7537,7543.5,,,,,,,,,7598.6125,7567.69375,7564.05625,7533.1375,,,
1783436100,7543.75,7546.5,7541.5,7542.25,,7546.5,,,,,,,7598.6125,7567.69375,7564.05625,7533.1375,,,
1783436400,7542,7543.25,7536.25,7541.25,,,,,,,,,7598.6125,7567.69375,7564.05625,7533.1375,,,
1783436700,7541,7544.5,7539,7543.5,,,,,,,,,7598.6125,7567.69375,7564.05625,7533.1375,,,
1783437000,7543.25,7544.5,7537.75,7537.75,,,,,,,,,7598.6125,7567.69375,7564.05625,7533.1375,,,
1783437300,7537.75,7538.5,7534.5,7536.75,,,,,,,,,7598.6125,7567.69375,7564.05625,7533.1375,,,
1783437600,7536.5,7540.5,7534.75,7536,,,,,,,,,7598.6125,7567.69375,7564.05625,7533.1375,,,
1783437900,7536.25,7541,7534.75,7540.5,,,,,,,,,7598.6125,7567.69375,7564.05625,7533.1375,,,
1783438200,7540.75,7541.75,7536.25,7536.5,,,,,,,,,7598.6125,7567.69375,7564.05625,7533.1375,,,
1783438500,7536.5,7539.5,7533.5,7533.75,,,,,,,,,7598.6125,7567.69375,7564.05625,7533.1375,,,
1783438800,7533.75,7541.5,7531.25,7541.5,,,,7531.25,,,,,7598.6125,7567.69375,7564.05625,7533.1375,,,
1783439100,7541.25,7549.25,7541,7543.25,,,,,,,,,7598.6125,7567.69375,7564.05625,7533.1375,,,
1783439400,7543.25,7550.25,7543,7547.5,,,,,,,,,7598.6125,7567.69375,7564.05625,7533.1375,,,
1783439700,7547.25,7551.25,7545,7550.75,,,,,,,,,7598.6125,7567.69375,7564.05625,7533.1375,,,
1783440000,7551,7555.5,7549.75,7553.75,,,,,,,,,7598.6125,7567.69375,7564.05625,7533.1375,,,
1783440300,7554.25,7558.25,7549.75,7552.5,,,,,,,,,7598.6125,7567.69375,7564.05625,7533.1375,,,
1783440600,7552.25,7559.25,7552.25,7557.75,,,,,,,,,7598.6125,7567.69375,7564.05625,7533.1375,,,
1783440900,7558,7559.5,7555.75,7558,,,,,,,,,7598.6125,7567.69375,7564.05625,7533.1375,,,
1783441200,7558,7566,7557.75,7563,,,,,,,,,7598.6125,7567.69375,7564.05625,7533.1375,,,
1783441500,7562.75,7567.25,7562.25,7565.25,,,,,,,,,7598.6125,7567.69375,7564.05625,7533.1375,,,
1783441800,7565,7567.75,7561.5,7563.25,,,,,,,,,7598.6125,7567.69375,7564.05625,7533.1375,,,
1783442100,7563.5,7566,7559.75,7565.75,,,,,,,,,7598.6125,7567.69375,7564.05625,7533.1375,,,
1783442400,7565.75,7567,7563.25,7566.25,,,,,,,,,7598.6125,7567.69375,7564.05625,7533.1375,,,
1783442700,7566.25,7568.75,7566,7568,,,,,,,,,7598.6125,7567.69375,7564.05625,7533.1375,,,
1783443000,7568.25,7568.75,7565,7565.75,,,,,,,,,7598.6125,7567.69375,7564.05625,7533.1375,,,
1783443300,7565.5,7567.5,7562.5,7567.25,,,,,,,,,7598.6125,7567.69375,7564.05625,7533.1375,,,
1783443600,7567.25,7569.5,7566.25,7569.25,,,,,,,,,7598.6125,7567.69375,7564.05625,7533.1375,,,
1783443900,7569.25,7571,7568.25,7569,7571,,,,,,,,7598.6125,7567.69375,7564.05625,7533.1375,,,
1783444200,7569,7569.25,7565,7565.5,,,,,,,,,7598.6125,7567.69375,7564.05625,7533.1375,,,
1783444500,7565.75,7566.25,7561.75,7564,,,,7561.75,,,,,7598.6125,7567.69375,7564.05625,7533.1375,,,
1783444800,7563.75,7569.5,7563.25,7567.75,,,,,,,,,7598.6125,7567.69375,7564.05625,7533.1375,,,
1783445100,7567.5,7568.75,7565.75,7566,,,,,,,,,7598.6125,7567.69375,7564.05625,7533.1375,,,
1783445400,7566.25,7570,7566,7568,,,,,,,,,7598.6125,7567.69375,7564.05625,7533.1375,,,
1783445700,7568,7570,7565.75,7568.75,,,,,,,,,7598.6125,7567.69375,7564.05625,7533.1375,,,
1783446000,7568.5,7570.5,7566.75,7568.75,,7570.5,,,,,,,7584.8375,7560.08125,7557.16875,7532.412499999999,,,
1783446300,7568.75,7569,7565,7566.25,,,,,,,,,7584.8375,7560.08125,7557.16875,7532.412499999999,,,
1783446600,7566.25,7568,7564,7565.75,,,,7564,,,,,7584.8375,7560.08125,7557.16875,7532.412499999999,,,
1783446900,7565.5,7569.25,7564.75,7569.25,,,,,,,,,7584.8375,7560.08125,7557.16875,7532.412499999999,,,
1783447200,7569.25,7570.25,7566.25,7568.5,,,,,,,,,7584.8375,7560.08125,7557.16875,7532.412499999999,,,
1783447500,7568.5,7569.5,7565.75,7566.75,,,,,,,,,7584.8375,7560.08125,7557.16875,7532.412499999999,,,
1783447800,7567,7569.25,7566.5,7567.25,,,,,,,,,7584.8375,7560.08125,7557.16875,7532.412499999999,,,
1783448100,7567.25,7569,7566,7567.5,,,,,,,,,7584.8375,7560.08125,7557.16875,7532.412499999999,,,
1783448400,7567.5,7570.75,7566.5,7568.75,7570.75,,,,,,,,7584.8375,7560.08125,7557.16875,7532.412499999999,,,
1783448700,7569,7570,7566.25,7567.25,,,,,,,,,7584.8375,7560.08125,7557.16875,7532.412499999999,,,
1783449000,7567.25,7568.25,7563,7564.5,,,,,,,,,7584.8375,7560.08125,7557.16875,7532.412499999999,,,
1783449300,7564.25,7567.75,7562.75,7566.75,,,,,,,,,7584.8375,7560.08125,7557.16875,7532.412499999999,,,
1783449600,7566.5,7567,7561.5,7564.5,,,,,,,,,7584.8375,7560.08125,7557.16875,7532.412499999999,,,
1783449900,7564.75,7566.25,7554,7559,,,,,,,,,7584.8375,7560.08125,7557.16875,7532.412499999999,,,
1783450200,7559.25,7560,7552.25,7555.5,,,,,,,,,7584.8375,7560.08125,7557.16875,7532.412499999999,,,
1783450500,7555.25,7556.75,7551.5,7552.5,,,,,,,,,7584.8375,7560.08125,7557.16875,7532.412499999999,,,
1783450800,7552.5,7554.25,7545.5,7549.5,,,,,,,,,7584.8375,7560.08125,7557.16875,7532.412499999999,,,
1783451100,7549.25,7552.75,7543.75,7544.75,,,,,,,,,7584.8375,7560.08125,7557.16875,7532.412499999999,,,
1783451400,7544.5,7547.25,7542.25,7545.25,,,,,,,,,7584.8375,7560.08125,7557.16875,7532.412499999999,,,
1783451700,7545,7545.5,7536.75,7543.5,,,7536.75,,,,,,7584.8375,7560.08125,7557.16875,7532.412499999999,,,
1783452000,7543.5,7547.75,7541,7547.75,,,,,,,,,7584.8375,7560.08125,7557.16875,7532.412499999999,,,
1783452300,7547.5,7548,7542.5,7544.25,,,,,,,,,7584.8375,7560.08125,7557.16875,7532.412499999999,,,
1783452600,7544,7549.75,7543.75,7549,,,,,,,,,7584.8375,7560.08125,7557.16875,7532.412499999999,,,
1783452900,7549,7549.25,7543.75,7544.75,,,,,,,,,7584.8375,7560.08125,7557.16875,7532.412499999999,,,
1783453200,7544.75,7545.5,7541.25,7542.75,,,,,,,,,7584.8375,7560.08125,7557.16875,7532.412499999999,,,
1783453500,7543,7548.25,7542.5,7547.5,,,,,,,,,7584.8375,7560.08125,7557.16875,7532.412499999999,,,
1783453800,7547.25,7555,7547.25,7555,,,,,,,,,7584.8375,7560.08125,7557.16875,7532.412499999999,,,
1783454100,7554.75,7557,7548,7553.25,,7557,,,,,,,7584.8375,7560.08125,7557.16875,7532.412499999999,,,
1783454400,7553.25,7553.75,7549.25,7553,,,,,,,,,7584.8375,7560.08125,7557.16875,7532.412499999999,,,
1783454700,7553,7554.5,7550.5,7554,,,,,,,,,7584.8375,7560.08125,7557.16875,7532.412499999999,,,
1783455000,7553.75,7553.75,7551.25,7552,,,,,,,,,7584.8375,7560.08125,7557.16875,7532.412499999999,,,
1783455300,7551.75,7552.5,7546.75,7549.5,,,,7546.75,,,,,7584.8375,7560.08125,7557.16875,7532.412499999999,,,
1783455600,7549.5,7550.5,7548.75,7550.25,,,,,,,,,7584.8375,7560.08125,7557.16875,7532.412499999999,,,
1783455900,7550,7551.5,7549.75,7550.5,,,,,,,,,7584.8375,7560.08125,7557.16875,7532.412499999999,,,
1783456200,7550.75,7551.75,7550.25,7551,,,,,,,,,7584.8375,7560.08125,7557.16875,7532.412499999999,,,
1783456500,7551,7552.75,7551,7552.25,,,,,,,,,7584.8375,7560.08125,7557.16875,7532.412499999999,,,
1783456800,7552.25,7553,7551.5,7551.75,,,,,,,,,7584.8375,7560.08125,7557.16875,7532.412499999999,,,
1783457100,7551.75,7552,7551,7551.75,,,,,,,,,7584.8375,7560.08125,7557.16875,7532.412499999999,,,
1783457400,7551.5,7553,7550.75,7552.75,,,,,,,,,7584.8375,7560.08125,7557.16875,7532.412499999999,,,
1783457700,7552.5,7553,7551.25,7551.75,,7553,,,,,,,7584.8375,7560.08125,7557.16875,7532.412499999999,,,
1783461600,7546,7547.5,7537.25,7544.5,,,7537.25,,,,,,7584.8375,7560.08125,7557.16875,7532.412499999999,,,
1783461900,7544.5,7547.5,7543,7544.75,,,,,,,,,7584.8375,7560.08125,7557.16875,7532.412499999999,,,
1783462200,7544.75,7547,7543.75,7545.5,,,,,,,,,7584.8375,7560.08125,7557.16875,7532.412499999999,,,
1783462500,7545.75,7547.75,7545.5,7547,,,,,,,,,7568.925,7551.2875,7549.2125,7531.575,,,
1783462800,7547.25,7547.5,7545.75,7547,,,,,,,,,7568.925,7551.2875,7549.2125,7531.575,,,
1783463100,7547,7547,7544.5,7546.25,,,,,,,,,7568.925,7551.2875,7549.2125,7531.575,,,
1783463400,7546.75,7548.25,7544.75,7547.75,,,,,,,,,7568.925,7551.2875,7549.2125,7531.575,,,
1783463700,7547.75,7548.5,7546.5,7546.75,,,,,,,,,7568.925,7551.2875,7549.2125,7531.575,,,
1783464000,7547.25,7547.5,7545,7545.75,,,,,,,,,7568.925,7551.2875,7549.2125,7531.575,,,
1783464300,7545.5,7547.75,7544,7547,,,,,,,,,7568.925,7551.2875,7549.2125,7531.575,,,
1783464600,7547,7547.5,7545.25,7546.75,,,,,,,,,7568.925,7551.2875,7549.2125,7531.575,,,
1783464900,7546.75,7549,7546.5,7547.5,,,,,,,,,7568.925,7551.2875,7549.2125,7531.575,,,
1783465200,7547.25,7549.25,7544.75,7546.25,,,,,,,,,7568.925,7551.2875,7549.2125,7531.575,,,
1783465500,7546.5,7549.25,7546,7546.75,,,,,,,,,7568.925,7551.2875,7549.2125,7531.575,,,
1783465800,7546.75,7547.75,7544.5,7547.5,,,,,,,,,7568.925,7551.2875,7549.2125,7531.575,,,
1783466100,7547.5,7553,7547,7552.5,,,,,,,,,7568.925,7551.2875,7549.2125,7531.575,,,
1783466400,7552.5,7552.75,7550.25,7550.75,,,,,,,,,7568.925,7551.2875,7549.2125,7531.575,,,
1783466700,7550.75,7552,7550.25,7551.75,,,,,,,,,7568.925,7551.2875,7549.2125,7531.575,,,
1783467000,7551.75,7553,7549.5,7550,,7553,,,,,,,7568.925,7551.2875,7549.2125,7531.575,,,
1783467300,7549.75,7550,7545,7546.75,,,,,,,,,7568.925,7551.2875,7549.2125,7531.575,,,
1783467600,7546.75,7546.75,7543.75,7544.25,,,,,,,,,7568.925,7551.2875,7549.2125,7531.575,,,
1783467900,7544.5,7546.75,7541,7543.25,,,,,,,,,7568.925,7551.2875,7549.2125,7531.575,,,
1783468200,7543.5,7544.25,7539.5,7541,,,,,,,,,7568.925,7551.2875,7549.2125,7531.575,,,
1783468500,7541.25,7541.5,7538,7539,,,,,,,,,7568.925,7551.2875,7549.2125,7531.575,,,
1783468800,7538.75,7541,7533.25,7540.75,,,7533.25,,,,,,7568.925,7551.2875,7549.2125,7531.575,,,
1783469100,7540.75,7548.25,7540.5,7547.25,,,,,,,,,7568.925,7551.2875,7549.2125,7531.575,,,
1783469400,7547,7549.5,7544.5,7547.5,,,,,,,,,7568.925,7551.2875,7549.2125,7531.575,,,
1783469700,7548,7552.25,7545.25,7548.75,,,,,,,,,7568.925,7551.2875,7549.2125,7531.575,,,
1783470000,7548.75,7555.5,7546.5,7555,,,,,,,,,7568.925,7551.2875,7549.2125,7531.575,,,
1783470300,7554.75,7556,7549,7552.5,,,,,,,,,7568.925,7551.2875,7549.2125,7531.575,,,
1783470600,7552.25,7553.25,7548.75,7550,,,,,,,,,7568.925,7551.2875,7549.2125,7531.575,,,
1783470900,7549.5,7556.25,7547.75,7555.75,,,,,,,,,7568.925,7551.2875,7549.2125,7531.575,,,
1783471200,7555.5,7559.75,7555,7559,,,,,,,,,7568.925,7551.2875,7549.2125,7531.575,,,
1783471500,7559.25,7561.25,7557.25,7558.5,,,,,,,,,7568.925,7551.2875,7549.2125,7531.575,,,
1783471800,7558.75,7560.25,7558,7559,,,,,,,,,7568.925,7551.2875,7549.2125,7531.575,,,
1783472100,7558.75,7562,7558.5,7561.75,,,,,,,,,7568.925,7551.2875,7549.2125,7531.575,,,
1783472400,7561.75,7562.5,7560,7560.25,,,,,,,,,7568.925,7551.2875,7549.2125,7531.575,,,
1783472700,7560.25,7560.5,7556.75,7557.75,,,,,,,,,7568.925,7551.2875,7549.2125,7531.575,,,
1783473000,7558,7563,7558,7562.25,7563,,,,,,,,7568.925,7551.2875,7549.2125,7531.575,,,
1783473300,7562.5,7562.75,7559.5,7560.75,,,,,,,,,7568.925,7551.2875,7549.2125,7531.575,,,
1783473600,7561,7561.25,7557,7557.75,,,,,,,,,7568.925,7551.2875,7549.2125,7531.575,,,
1783473900,7558,7559.5,7555.5,7556.5,,,,,,,,,7568.925,7551.2875,7549.2125,7531.575,,,
1783474200,7556.75,7558,7554,7555.25,,,,,,,,,7568.925,7551.2875,7549.2125,7531.575,,,
1783474500,7555,7556,7550.5,7553.5,,,,,,,,,7568.925,7551.2875,7549.2125,7531.575,,,
1783474800,7553.75,7555.25,7552,7554,,,,,,,,,7568.925,7551.2875,7549.2125,7531.575,,,
1783475100,7554,7558.25,7553.75,7556.75,,,,,,,,,7568.925,7551.2875,7549.2125,7531.575,,,
1783475400,7557,7557.75,7552.25,7552.75,,,,,,,,,7568.925,7551.2875,7549.2125,7531.575,,,
1783475700,7553,7554.5,7551.5,7553,,,,,,,,,7568.925,7551.2875,7549.2125,7531.575,,,
1783476000,7553,7553.75,7549,7550,,,,,,,,,7568.925,7551.2875,7549.2125,7531.575,,,
1783476300,7550,7550.75,7547.25,7550,,,,,,,,,7568.925,7551.2875,7549.2125,7531.575,,,
1783476600,7550,7551,7547.25,7547.75,,,,,,,,,7568.925,7551.2875,7549.2125,7531.575,,,
1783476900,7548,7550.25,7546.5,7549.75,,,,,,,,,7568.925,7551.2875,7549.2125,7531.575,,,
1783477200,7549.75,7551.25,7547.75,7551,,,,,,,,,7568.925,7551.2875,7549.2125,7531.575,,,
1783477500,7550.75,7553.25,7548.25,7548.75,,,,,,,,,7568.925,7551.2875,7549.2125,7531.575,,,
1783477800,7548.75,7549.25,7546.25,7548,,,,7546.25,,,,,7568.925,7551.2875,7549.2125,7531.575,,,
1783478100,7548.25,7548.75,7546.5,7548.5,,,,,,,,,7568.925,7551.2875,7549.2125,7531.575,,,
1783478400,7548.75,7552.5,7548,7552.25,,,,,,,,,7568.925,7551.2875,7549.2125,7531.575,,,
1783478700,7552.5,7555,7552.5,7553.5,,,,,,,,,7568.925,7551.2875,7549.2125,7531.575,,,
1783479000,7554,7554.25,7551.5,7553.5,,,,,,,,,7568.925,7551.2875,7549.2125,7531.575,,,
1783479300,7553.5,7554.25,7551.75,7553,,,,,,,,,7568.925,7551.2875,7549.2125,7531.575,,,
1783479600,7553.25,7555.75,7553.25,7555.5,,,,,,,,,7568.925,7551.2875,7549.2125,7531.575,,,
1783479900,7555.5,7556,7553.75,7555.5,,,,,,,,,7568.925,7551.2875,7549.2125,7531.575,,,
1783480200,7555.5,7557.75,7555.5,7556.25,,,,,,,,,7568.925,7551.2875,7549.2125,7531.575,,,
1783480500,7556.5,7557.75,7555,7555,,,,,,,,,7568.925,7551.2875,7549.2125,7531.575,,,
1783480800,7555.5,7558.25,7554.75,7557.75,,,,,,,,,7568.925,7551.2875,7549.2125,7531.575,,,
1783481100,7557.75,7560.25,7557.75,7559.75,,,,,,,,,7568.925,7551.2875,7549.2125,7531.575,,,
1783481400,7559.75,7561.5,7558,7558.75,,7561.5,,,,,,,7568.925,7551.2875,7549.2125,7531.575,,,
1783481700,7558.75,7559.25,7557.5,7558.5,,,,,,,,,7568.925,7551.2875,7549.2125,7531.575,,,
1783482000,7558.25,7558.25,7555,7555.5,,,,,,,,,7568.925,7551.2875,7549.2125,7531.575,,,
1783482300,7555.75,7556.25,7554.25,7555.25,,,,,,,,,7568.925,7551.2875,7549.2125,7531.575,,,
1783482600,7555.75,7556.75,7554.25,7555,,,,,,,,,7568.925,7551.2875,7549.2125,7531.575,,,
1783482900,7554.75,7555.5,7554,7554.5,,,,,,,,,7568.925,7551.2875,7549.2125,7531.575,,,
1783483200,7554.5,7555,7552.25,7553.25,,,,,,,,,7568.925,7551.2875,7549.2125,7531.575,,,
1783483500,7553.25,7554.75,7552.25,7554.25,,,,,,,,,7568.925,7551.2875,7549.2125,7531.575,,,
1783483800,7554.25,7554.25,7550.75,7552.25,,,,,,,,,7569.1125,7553.06875,7551.18125,7535.1375,,,
1783484100,7552.25,7552.75,7551,7551.75,,,,,,,,,7569.1125,7553.06875,7551.18125,7535.1375,,,
1783484400,7551.5,7556,7551,7555.5,,,,,,,,,7569.1125,7553.06875,7551.18125,7535.1375,,,
1783484700,7555.5,7555.75,7553.5,7553.75,,,,,,,,,7569.1125,7553.06875,7551.18125,7535.1375,,,
1783485000,7554,7554.5,7549.5,7551,,,,,,,,,7569.1125,7553.06875,7551.18125,7535.1375,,,
1783485300,7551,7552.25,7548.5,7550.25,,,,,,,,,7569.1125,7553.06875,7551.18125,7535.1375,,,
1783485600,7550,7552.5,7549.75,7551.25,,,,,,,,,7569.1125,7553.06875,7551.18125,7535.1375,,,
1783485900,7551,7553.25,7550.25,7550.5,,,,,,,,,7569.1125,7553.06875,7551.18125,7535.1375,,,
1783486200,7550.25,7550.75,7548.25,7548.25,,,,,,,,,7569.1125,7553.06875,7551.18125,7535.1375,,,
1783486500,7548.25,7552,7547,7551.5,,,,7547,,,,,7569.1125,7553.06875,7551.18125,7535.1375,,,
1783486800,7551.5,7553.5,7549.75,7550.75,,,,,,,,,7569.1125,7553.06875,7551.18125,7535.1375,,,
1783487100,7551.25,7555,7550.75,7553,,7555,,,,,,,7569.1125,7553.06875,7551.18125,7535.1375,,,
1783487400,7553,7553,7550.25,7551,,,,,,,,,7569.1125,7553.06875,7551.18125,7535.1375,,,
1783487700,7550.5,7553.25,7549.25,7550.75,,,,,,,,,7569.1125,7553.06875,7551.18125,7535.1375,,,
1783488000,7551,7551.75,7547.75,7548,,,,,,,,,7561.5125,7548.86875,7547.38125,7534.737499999999,,,
1783488300,7547.75,7550,7547,7548,,,,,,,,,7561.5125,7548.86875,7547.38125,7534.737499999999,,,
1783488600,7548.25,7548.25,7543,7545.5,,,,,,,,,7561.5125,7548.86875,7547.38125,7534.737499999999,,,
1783488900,7545.25,7546.5,7544,7544.75,,,,,,,,,7561.5125,7548.86875,7547.38125,7534.737499999999,,,
1783489200,7544.5,7547.5,7543.5,7544,,,,,,,,,7561.5125,7548.86875,7547.38125,7534.737499999999,,,
1783489500,7544.25,7544.5,7538.75,7539.25,,,,,,,,,7561.5125,7548.86875,7547.38125,7534.737499999999,,,
1783489800,7539.25,7542.25,7538.75,7542.25,,,7538.75,,,,,,7561.5125,7548.86875,7547.38125,7534.737499999999,,,
1783490100,7542,7545.75,7542,7543.5,,7545.75,,,,,,,7561.5125,7548.86875,7547.38125,7534.737499999999,,,
1783490400,7543.5,7544.25,7541,7543.25,,,,,,,,,7561.5125,7548.86875,7547.38125,7534.737499999999,,,
1783490700,7543.5,7544.25,7541.75,7543.25,,,,,,,,,7561.5125,7548.86875,7547.38125,7534.737499999999,,,
1783491000,7543.25,7544,7540,7541.5,,,,,,,,,7561.5125,7548.86875,7547.38125,7534.737499999999,,,
1783491300,7541.75,7543.75,7540.5,7541.75,,,,,,,,,7561.5125,7548.86875,7547.38125,7534.737499999999,,,
1783491600,7541.5,7544.5,7538.75,7544.25,,,,,,,,,7561.5125,7548.86875,7547.38125,7534.737499999999,,,
1783491900,7544.25,7545,7540,7540,,,,,,,,,7561.5125,7548.86875,7547.38125,7534.737499999999,,,
1783492200,7540,7541.5,7535.75,7536.75,,,,,,,,,7561.5125,7548.86875,7547.38125,7534.737499999999,,,
1783492500,7536.5,7537.25,7535.25,7535.25,,,,,,,,,7561.5125,7548.86875,7547.38125,7534.737499999999,,,
1783492800,7535.75,7537.5,7533.75,7534,,,,,,,,,7561.5125,7548.86875,7547.38125,7534.737499999999,,,
1783493100,7534.25,7538.25,7532.5,7537.5,,,,,,,,,7561.474999999999,7548.512500000001,7546.987499999999,7534.025,,,
1783493400,7537.5,7541.75,7537.5,7540,,,,,,,,,7561.474999999999,7548.512500000001,7546.987499999999,7534.025,,,
1783493700,7540.25,7540.5,7537.5,7539.25,,,,,,,,,7561.474999999999,7548.512500000001,7546.987499999999,7534.025,,,
1783494000,7539.25,7540.25,7533.25,7534.75,,,,,,,,,7561.474999999999,7548.512500000001,7546.987499999999,7534.025,,,
1783494300,7534.75,7535.25,7531.75,7534.25,,,7531.75,,,,,,7561.437499999999,7548.15625,7546.59375,7533.312499999999,,,
1783494600,7534.25,7537.5,7533.75,7535.25,,,,,,,,,7561.437499999999,7548.15625,7546.59375,7533.312499999999,,,
1783494900,7535.75,7537.5,7532.5,7534.75,,,,,,,,,7561.437499999999,7548.15625,7546.59375,7533.312499999999,,,
1783495200,7535,7540,7533.5,7539.5,,,,,,,,,7561.437499999999,7548.15625,7546.59375,7533.312499999999,,,
1783495500,7539.5,7542,7538.75,7541.75,,,,,,,,,7561.437499999999,7548.15625,7546.59375,7533.312499999999,,,
1783495800,7541.5,7546.75,7540.75,7546.5,,,,,,,,,7561.437499999999,7548.15625,7546.59375,7533.312499999999,,,
1783496100,7546.75,7548,7540,7540,7548,,,,,,,,7561.437499999999,7548.15625,7546.59375,7533.312499999999,,,
1783496400,7540.5,7545,7540.5,7544.75,,,,,,,,,7561.437499999999,7548.15625,7546.59375,7533.312499999999,,,
1783496700,7545,7545.75,7543.25,7544,,,,,,,,,7561.437499999999,7548.15625,7546.59375,7533.312499999999,,,
1783497000,7543.75,7544,7540.5,7542.5,,,,,,,,,7561.437499999999,7548.15625,7546.59375,7533.312499999999,,,
1783497300,7542.5,7542.5,7540.5,7541.5,,,,,,,,,7561.437499999999,7548.15625,7546.59375,7533.312499999999,,,
1783497600,7541.75,7542.5,7537.5,7538,,,,,,,,,7561.437499999999,7548.15625,7546.59375,7533.312499999999,,,
1783497900,7537.75,7542.75,7536.75,7542,,,,,,,,,7561.437499999999,7548.15625,7546.59375,7533.312499999999,,,
1783498200,7542,7547,7541.25,7545.75,,,,,,,,,7561.437499999999,7548.15625,7546.59375,7533.312499999999,,,
1783498500,7545.5,7546.75,7516,7521.5,,,,,,,,,7560.65,7540.675,7538.325,7518.349999999999,,,
1783498800,7521.5,7525.5,7505,7505.5,,,,,,,,,7560.099999999999,7535.450000000001,7532.549999999999,7507.9,,,
1783499100,7505.5,7506.25,7496.75,7497.25,,,,,,,,,7559.687499999999,7531.53125,7528.21875,7500.062499999999,,,
1783499400,7497.25,7498.75,7490,7496.5,,,,,,,,,7559.349999999999,7528.325000000001,7524.674999999999,7493.65,,,
1783499700,7496.25,7499,7480.5,7481.75,,,,,,,,,7558.874999999999,7523.8125,7519.6875,7484.624999999999,,,
1783500000,7481.75,7487.5,7477.25,7486.5,,,,,,,,,7558.7125,7522.26875,7517.98125,7481.537499999999,,,
1783500300,7486.75,7491.25,7484.75,7487.25,,,,,,,,,7558.7125,7522.26875,7517.98125,7481.537499999999,,,
1783500600,7487.5,7494.5,7485.25,7489.75,,,,,,,,,7558.7125,7522.26875,7517.98125,7481.537499999999,,,
1783500900,7489.5,7494.25,7479,7480.5,,,,,,,,,7558.7125,7522.26875,7517.98125,7481.537499999999,,,
1783501200,7480.75,7483.5,7476.25,7478.5,,,,,,,,,7558.662499999999,7521.793750000001,7517.456249999999,7480.5875,,,
1783501500,7478.75,7479.25,7472.25,7474,,,,,,,,,7558.4625,7519.89375,7515.35625,7476.787499999999,,,
1783501800,7473.75,7478.25,7468.25,7468.75,,,7468.25,,,,,,7558.2625,7517.99375,7513.25625,7472.987499999999,,,
1783502100,7468.75,7476.25,7468.5,7475.25,,,,,,,,,7558.2625,7517.99375,7513.25625,7472.987499999999,,,
1783502400,7475.25,7477.5,7472.75,7472.75,,,,,,,,,7558.2625,7517.99375,7513.25625,7472.987499999999,,,
1783502700,7472.5,7475.75,7470.25,7475,,,,,,,,,7558.2625,7517.99375,7513.25625,7472.987499999999,,,
1783503000,7474.75,7480,7473.25,7479.25,,,,,,,,,7558.2625,7517.99375,7513.25625,7472.987499999999,,,
1783503300,7478.75,7484,7476,7479.25,,7484,,,,,,,7558.2625,7517.99375,7513.25625,7472.987499999999,,,
1783503600,7479.25,7479.75,7473.5,7479.75,,,,,,,,,7558.2625,7517.99375,7513.25625,7472.987499999999,,,
1783503900,7479.25,7480.25,7474.25,7478,,,,,,,,,7558.2625,7517.99375,7513.25625,7472.987499999999,,,
1783504200,7478,7480.25,7475,7477,,,,,,,,,7558.2625,7517.99375,7513.25625,7472.987499999999,,,
1783504500,7477,7477.75,7473,7474.5,,,,,,,,,7558.2625,7517.99375,7513.25625,7472.987499999999,,,
1783504800,7474.75,7478.25,7471.5,7473.25,,,,,,,,,7558.2625,7517.99375,7513.25625,7472.987499999999,,,
1783505100,7472.75,7473.5,7469.25,7472.25,,,,,,,,,7558.2625,7517.99375,7513.25625,7472.987499999999,,,
1783505400,7472.5,7473.75,7469,7473.25,,,,7469,,,,,7558.2625,7517.99375,7513.25625,7472.987499999999,,,
1783505700,7473.5,7477.25,7470.25,7476.75,,,,,,,,,7558.2625,7517.99375,7513.25625,7472.987499999999,,,
1783506000,7477,7479.5,7475.25,7477,,,,,,,,,7558.2625,7517.99375,7513.25625,7472.987499999999,,,
1783506300,7476.5,7481.5,7476.25,7481,,,,,,,,,7558.2625,7517.99375,7513.25625,7472.987499999999,,,
1783506600,7480.75,7486.5,7477.25,7483.75,,,,,,,,,7558.2625,7517.99375,7513.25625,7472.987499999999,,,
1783506900,7483.5,7487.75,7483.5,7486.75,,,,,,,,,7558.2625,7517.99375,7513.25625,7472.987499999999,,,
1783507200,7487,7488.75,7486,7487.75,,,,,,,,,7558.2625,7517.99375,7513.25625,7472.987499999999,,,
1783507500,7487.75,7490,7484.75,7486.5,,,,,,,,,7558.2625,7517.99375,7513.25625,7472.987499999999,,,
1783507800,7486.5,7489,7486,7487.25,,,,,,,,,7558.2625,7517.99375,7513.25625,7472.987499999999,,,
1783508100,7487,7490.25,7485,7485.5,7490.25,,,,,,,,7558.2625,7517.99375,7513.25625,7472.987499999999,,,
1783508400,7485.5,7487.5,7481.5,7484.25,,,,,,,,,7558.2625,7517.99375,7513.25625,7472.987499999999,,,
1783508700,7484.25,7489,7483.25,7485,,,,,,,,,7558.2625,7517.99375,7513.25625,7472.987499999999,,,
1783509000,7485,7486,7481,7485,,,,,,,,,7558.2625,7517.99375,7513.25625,7472.987499999999,,,
1783509300,7484.75,7487,7482.75,7486.25,,,,,,,,,7558.2625,7517.99375,7513.25625,7472.987499999999,,,
1783509600,7486,7486.5,7478.75,7481.25,,,,7478.75,,,,,7558.2625,7517.99375,7513.25625,7472.987499999999,,,
1783509900,7481,7484.5,7480.75,7482.75,,,,,,,,,7558.2625,7517.99375,7513.25625,7472.987499999999,,,
1783510200,7482.75,7488,7480.5,7488,,,,,,,,,7558.2625,7517.99375,7513.25625,7472.987499999999,,,
1783510500,7488,7490.5,7484.5,7485.25,,,,,,,,,7558.2625,7517.99375,7513.25625,7472.987499999999,,,
1783510800,7485.75,7506.5,7484,7497.75,,,,,,,,,7558.2625,7517.99375,7513.25625,7472.987499999999,,,
1783511100,7498,7501.75,7495.25,7497.25,,,,,,,,,7558.2625,7517.99375,7513.25625,7472.987499999999,,,
1783511400,7497.5,7500.5,7493.5,7499.5,,,,,,,,,7558.2625,7517.99375,7513.25625,7472.987499999999,,,
1783511700,7499.75,7504.25,7497,7498.75,,,,,,,,,7558.2625,7517.99375,7513.25625,7472.987499999999,,,
1783512000,7498.5,7501.25,7492.5,7501,,,,,,,,,7558.2625,7517.99375,7513.25625,7472.987499999999,,,
1783512300,7501,7511.75,7501,7509.75,,,,,,,,,7558.2625,7517.99375,7513.25625,7472.987499999999,,,
1783512600,7509.75,7511.75,7507.75,7507.75,,,,,,,,,7558.2625,7517.99375,7513.25625,7472.987499999999,,,
1783512900,7508,7510.5,7506.5,7509.5,,,,,,,,,7558.2625,7517.99375,7513.25625,7472.987499999999,,,
1783513200,7509.5,7509.75,7504.5,7505.25,,,,,,,,,7558.2625,7517.99375,7513.25625,7472.987499999999,,,
1783513500,7504.75,7512.75,7504.5,7512,,,,,,,,,7558.2625,7517.99375,7513.25625,7472.987499999999,,,
1783513800,7512,7514.75,7507.75,7509.25,,,,,,,,,7558.2625,7517.99375,7513.25625,7472.987499999999,,,
1783514100,7509.25,7512.75,7508,7511.25,,,,,,,,,7558.2625,7517.99375,7513.25625,7472.987499999999,,,
1783514400,7511.25,7512.25,7509,7512.25,,,,,,,,,7558.2625,7517.99375,7513.25625,7472.987499999999,,,
1783514700,7512,7512.75,7509.25,7510.5,,,,,,,,,7558.2625,7517.99375,7513.25625,7472.987499999999,,,
1783515000,7510.5,7516.5,7510.25,7515.75,,,,,,,,,7558.2625,7517.99375,7513.25625,7472.987499999999,,,
1783515300,7516,7519,7504.5,7505.25,7519,,,,,,,,7558.2625,7517.99375,7513.25625,7472.987499999999,,,
1783515600,7505.5,7511.75,7504.75,7510.5,,,,,,,,,7558.2625,7517.99375,7513.25625,7472.987499999999,,,
1783515900,7510.5,7511.5,7505.75,7510.25,,,,,,,,,7558.2625,7517.99375,7513.25625,7472.987499999999,,,
1783516200,7510.25,7515.75,7506.5,7513.75,,,,,,,,,7558.2625,7517.99375,7513.25625,7472.987499999999,,,
1783516500,7513.75,7514.5,7510,7511.75,,,,,,,,,7558.2625,7517.99375,7513.25625,7472.987499999999,,,
1783516800,7511.5,7512.25,7506.5,7509,,,,,,,,,7558.2625,7517.99375,7513.25625,7472.987499999999,,,
1783517100,7508.75,7513.25,7503.25,7506.75,,,,,,,,,7558.2625,7517.99375,7513.25625,7472.987499999999,,,
1783517400,7507,7516.75,7501.75,7512.25,,,,7501.75,,,,,7558.2625,7517.99375,7513.25625,7472.987499999999,,,
1783517700,7512.25,7517.25,7505.75,7515,,,,,,,,,7558.2625,7517.99375,7513.25625,7472.987499999999,,,
1783518000,7515.25,7523.25,7513.25,7518.75,,,,,,,,,7558.2625,7517.99375,7513.25625,7472.987499999999,,,
1783518300,7518.75,7524.75,7511.5,7511.5,7524.75,,,,,,,,7558.2625,7517.99375,7513.25625,7472.987499999999,,,
1783518600,7511.5,7520,7508.5,7511.75,,,,,,,,,7558.2625,7517.99375,7513.25625,7472.987499999999,,,
1783518900,7511.75,7521.5,7507.25,7515.75,,,,,,,,,7558.2625,7517.99375,7513.25625,7472.987499999999,,,
1783519200,7515.75,7520.25,7510.75,7513.25,,,,,,,,,7558.2625,7517.99375,7513.25625,7472.987499999999,,,
1783519500,7513,7522.75,7512.75,7517.75,,,,,,,,,7558.2625,7517.99375,7513.25625,7472.987499999999,,,
1783519800,7517.75,7520,7505.75,7507.5,,,,,,,,,7558.2625,7517.99375,7513.25625,7472.987499999999,,,
1783520100,7507.5,7511.25,7501.75,7507.25,,,,,,,,,7558.2625,7517.99375,7513.25625,7472.987499999999,,,
1783520400,7507,7521,7505,7513.25,,,,,,,,,7558.2625,7517.99375,7513.25625,7472.987499999999,,,
1783520700,7513.25,7519.75,7502.5,7506,,,,,,,,,7558.2625,7517.99375,7513.25625,7472.987499999999,,,
1783521000,7506,7512.25,7502,7508,,,,,,,,,7558.2625,7517.99375,7513.25625,7472.987499999999,,,
1783521300,7508,7508.25,7497.25,7498,,,,,,,,,7558.2625,7517.99375,7513.25625,7472.987499999999,,,
1783521600,7498,7502.75,7494.75,7499.5,,,,,,,,,7558.2625,7517.99375,7513.25625,7472.987499999999,,,
1783521900,7499.25,7500,7488,7488,,,,,,,,,7558.2625,7517.99375,7513.25625,7472.987499999999,,,
1783522200,7488,7503.25,7484.25,7496.25,,,,,,,,,7558.2625,7517.99375,7513.25625,7472.987499999999,,,
1783522500,7496,7502,7490.25,7493.25,,,,,,,,,7558.2625,7517.99375,7513.25625,7472.987499999999,,,
1783522800,7493.5,7495.5,7489,7490.5,,,,,,,,,7558.2625,7517.99375,7513.25625,7472.987499999999,,,
1783523100,7490.25,7494.5,7488.75,7489.75,,,,,,,,,7558.2625,7517.99375,7513.25625,7472.987499999999,,,
1783523400,7489.75,7493.5,7484.25,7485.75,,,,,,,,,7558.2625,7517.99375,7513.25625,7472.987499999999,,,
1783523700,7486,7490.25,7478.25,7488,,,,,,,,,7558.2625,7517.99375,7513.25625,7472.987499999999,,,
1783524000,7487.75,7490.75,7475,7476.25,,,,,,,,,7558.2625,7517.99375,7513.25625,7472.987499999999,,,
1783524300,7476.25,7478.25,7470,7474,,,,,,,,,7558.2625,7517.99375,7513.25625,7472.987499999999,,,
1783524600,7474.25,7482.5,7469.25,7482,,,7469.25,,,,,,7558.2625,7517.99375,7513.25625,7472.987499999999,,,
1783524900,7482,7487.5,7478.75,7480.75,,7487.5,,,,,,,7558.2625,7517.99375,7513.25625,7472.987499999999,,,
1783525200,7480.75,7487,7480.5,7482,,,,,,,,,7558.2625,7517.99375,7513.25625,7472.987499999999,,,
1783525500,7482,7485,7477.75,7479.5,,,,,,,,,7558.2625,7517.99375,7513.25625,7472.987499999999,,,
1783525800,7479.75,7480.75,7474.5,7479.5,,,,7474.5,,,,,7558.2625,7517.99375,7513.25625,7472.987499999999,,,
1783526100,7479.5,7482.75,7476.25,7481,,,,,,,,,7558.2625,7517.99375,7513.25625,7472.987499999999,,,
1783526400,7481,7487.25,7480.75,7487,,,,,,,,,7558.2625,7517.99375,7513.25625,7472.987499999999,,,
1783526700,7487,7492.5,7485.75,7491.25,,,,,,,,,7558.2625,7517.99375,7513.25625,7472.987499999999,,,
1783527000,7491.5,7498.5,7491.25,7497.5,,,,,,,,,7558.2625,7517.99375,7513.25625,7472.987499999999,,,
1783527300,7498,7502,7495,7501,,,,,,,,,7558.2625,7517.99375,7513.25625,7472.987499999999,,,
1783527600,7501,7507.5,7500.75,7502.5,,,,,,,,,7558.2625,7517.99375,7513.25625,7472.987499999999,,,
1783527900,7502.5,7510,7501.75,7506.25,,,,,,,,,7558.2625,7517.99375,7513.25625,7472.987499999999,,,
1783528200,7506,7513.75,7505,7505.25,,,,,,,,,7558.2625,7517.99375,7513.25625,7472.987499999999,,,
1783528500,7505.5,7510.5,7499.5,7507.5,,,,,,,,,7558.2625,7517.99375,7513.25625,7472.987499999999,,,
1783528800,7507.5,7517.25,7503.75,7514.25,,,,,,,,,7558.2625,7517.99375,7513.25625,7472.987499999999,,,
1783529100,7514.5,7518,7511,7517.75,,,,,,,,,7558.2625,7517.99375,7513.25625,7472.987499999999,,,
1783529400,7518,7521.75,7516,7519.25,,,,,,,,,7558.2625,7517.99375,7513.25625,7472.987499999999,,,
1783529700,7519.5,7522.75,7517.5,7522,,,,,,,,,7558.2625,7517.99375,7513.25625,7472.987499999999,,,
1783530000,7521.75,7522.5,7516.25,7518.25,,,,,,,,,7558.2625,7517.99375,7513.25625,7472.987499999999,,,
1783530300,7518.25,7522.75,7517,7518,,,,,,,,,7558.2625,7517.99375,7513.25625,7472.987499999999,,,
1783530600,7518,7521.75,7515,7518.25,,,,,,,,,7558.2625,7517.99375,7513.25625,7472.987499999999,,,
1783530900,7518.25,7525.25,7518,7524.5,,,,,,,,,7558.2625,7517.99375,7513.25625,7472.987499999999,,,
1783531200,7524.75,7530,7524,7529.75,,,,,,,,,7558.2625,7517.99375,7513.25625,7472.987499999999,,,
1783531500,7529.75,7533,7527.5,7532.5,,,,,,,,,7558.2625,7517.99375,7513.25625,7472.987499999999,,,
1783531800,7532.75,7536.5,7531,7531.25,7536.5,,,,,,,,7558.2625,7517.99375,7513.25625,7472.987499999999,,,
1783532100,7531,7533,7527.75,7527.75,,,,,,,,,7558.2625,7517.99375,7513.25625,7472.987499999999,,,
1783532400,7528,7528.75,7523.75,7524.75,,,,,,,,,7558.2625,7517.99375,7513.25625,7472.987499999999,,,
1783532700,7524.75,7525,7517.75,7519,,,,,,,,,7558.2625,7517.99375,7513.25625,7472.987499999999,,,
1783533000,7519,7524,7517.5,7519.75,,,,,,,,,7558.2625,7517.99375,7513.25625,7472.987499999999,,,
1783533300,7519.5,7520,7514.5,7519.5,,,,7514.5,,,,,7558.2625,7517.99375,7513.25625,7472.987499999999,,,
1783533600,7519.25,7529.75,7515.25,7528,,,,,,,,,7558.2625,7517.99375,7513.25625,7472.987499999999,,,
1783533900,7527.5,7529,7523.5,7527.5,,,,,,,,,7558.2625,7517.99375,7513.25625,7472.987499999999,,,
1783534200,7527.5,7530,7524,7528,,7530,,,,,,,7558.2625,7517.99375,7513.25625,7472.987499999999,,,
1783534500,7528,7529.25,7522,7526.75,,,,,,,,,7558.2625,7517.99375,7513.25625,7472.987499999999,,,
1783534800,7526.75,7528,7523.75,7524,,,,,,,,,7558.2625,7517.99375,7513.25625,7472.987499999999,,,
1783535100,7524.25,7527.25,7521.25,7521.5,,,,,,,,,7558.2625,7517.99375,7513.25625,7472.987499999999,,,
1783535400,7521.5,7522.75,7517.5,7519.5,,,,7517.5,,,,,7558.2625,7517.99375,7513.25625,7472.987499999999,,,
1783535700,7519.5,7527.5,7518.25,7526.75,,,,,,,,,7558.2625,7517.99375,7513.25625,7472.987499999999,,,
1783536000,7526.5,7528.25,7520.5,7525.5,,,,,,,,,7558.2625,7517.99375,7513.25625,7472.987499999999,,,
1783536300,7525.5,7528.5,7522.75,7527.75,,,,,,,,,7558.2625,7517.99375,7513.25625,7472.987499999999,,,
1783536600,7527.75,7530.25,7525.5,7526.5,,,,,,,,,7558.2625,7517.99375,7513.25625,7472.987499999999,,,
1783536900,7526.75,7528.5,7523.25,7528.25,,,,,,,,,7558.2625,7517.99375,7513.25625,7472.987499999999,,,
1783537200,7528.5,7532.5,7525.5,7527.5,7532.5,,,,,,,,7558.2625,7517.99375,7513.25625,7472.987499999999,,,
1783537500,7527.25,7529.25,7524.75,7528.25,,,,,,,,,7558.2625,7517.99375,7513.25625,7472.987499999999,,,
1783537800,7528.25,7528.5,7522.75,7523.75,,,,,,,,,7558.2625,7517.99375,7513.25625,7472.987499999999,,,
1783538100,7523.75,7526.5,7521.75,7523,,,,7521.75,,,,,7558.2625,7517.99375,7513.25625,7472.987499999999,,,
1783538400,7523.5,7527.5,7523,7525.25,,,,,,,,,7558.2625,7517.99375,7513.25625,7472.987499999999,,,
1783538700,7525.25,7528.5,7524.25,7526.75,,,,,,,,,7558.2625,7517.99375,7513.25625,7472.987499999999,,,
1783539000,7526.75,7528.25,7523,7524,,,,,,,,,7558.2625,7517.99375,7513.25625,7472.987499999999,,,
1783539300,7523.75,7528.5,7523,7526.75,,,,,,,,,7558.2625,7517.99375,7513.25625,7472.987499999999,,,
1783539600,7526.75,7528.25,7523.5,7528,,,,,,,,,7558.2625,7517.99375,7513.25625,7472.987499999999,,,
1783539900,7527.75,7528.25,7518.25,7522.25,,,,,,,,,7558.2625,7517.99375,7513.25625,7472.987499999999,,,
1783540200,7522.25,7531.75,7520.25,7531.5,,,,,,,,,7558.2625,7517.99375,7513.25625,7472.987499999999,,,
1783540500,7531.75,7536.5,7526.25,7526.75,7536.5,,,,,,,,7558.2625,7517.99375,7513.25625,7472.987499999999,,,
1783540800,7526.75,7529.5,7522.25,7525.75,,,,,,,,,7558.2625,7517.99375,7513.25625,7472.987499999999,,,
1783541100,7525.75,7527,7523.75,7525.25,,,,,,,,,7558.2625,7517.99375,7513.25625,7472.987499999999,,,
1783541400,7525.25,7525.25,7519.25,7523.75,,,,,,,,,7558.2625,7517.99375,7513.25625,7472.987499999999,,,
1783541700,7524,7524,7517.5,7518.25,,,,,,,,,7558.2625,7517.99375,7513.25625,7472.987499999999,,,
1783542000,7518.5,7519,7517,7517.75,,,,,,,,,7558.2625,7517.99375,7513.25625,7472.987499999999,,,
1783542300,7517.75,7518.25,7516.5,7518,,,,,,,,,7558.2625,7517.99375,7513.25625,7472.987499999999,,,
1783542600,7517.75,7518.75,7512,7513.25,,,,,,,,,7558.2625,7517.99375,7513.25625,7472.987499999999,,,
1783542900,7513,7513.5,7508.25,7513,,,7508.25,,,,,,7558.2625,7517.99375,7513.25625,7472.987499999999,,,
1783543200,7513,7517.75,7513,7514.75,,,,,,,,,7558.2625,7517.99375,7513.25625,7472.987499999999,,,
1783543500,7514.75,7517,7514,7515.25,,,,,,,,,7558.2625,7517.99375,7513.25625,7472.987499999999,,,
1783543800,7515.5,7518.5,7515,7516,,,,,,,,,7558.2625,7517.99375,7513.25625,7472.987499999999,,,
1783544100,7515.75,7517.5,7512,7515.25,,,,,,,,,7558.2625,7517.99375,7513.25625,7472.987499999999,,,
1783548000,7516.5,7523,7516.25,7521.75,,,,,,,,,7558.2625,7517.99375,7513.25625,7472.987499999999,,,
1783548300,7521.5,7523,7517.25,7520.25,,,,,,,,,7558.2625,7517.99375,7513.25625,7472.987499999999,,,
1783548600,7520.75,7522,7520,7520.5,,,,,,,,,7558.2625,7517.99375,7513.25625,7472.987499999999,,,
1783548900,7520.5,7522.75,7519,7520.5,,,,,,,,,7558.2625,7517.99375,7513.25625,7472.987499999999,,,
1783549200,7520.25,7520.25,7518.25,7519.5,,,,,,,,,7558.2625,7517.99375,7513.25625,7472.987499999999,,,
1783549500,7519.75,7519.75,7516.75,7519.5,,,,,,,,,7558.2625,7517.99375,7513.25625,7472.987499999999,,,
1783549800,7519.5,7523.5,7517,7522.25,,7523.5,,,,,,,7558.2625,7517.99375,7513.25625,7472.987499999999,,,
1783550100,7521.5,7522.25,7517.5,7518.25,,,,,,,,,7558.2625,7517.99375,7513.25625,7472.987499999999,,,
1783550400,7518.5,7519.25,7516.75,7517,,,,,,,,,7558.2625,7517.99375,7513.25625,7472.987499999999,,,
1783550700,7517,7518.5,7517,7518,,,,,,,,,7558.2625,7517.99375,7513.25625,7472.987499999999,,,
1783551000,7518.25,7519.25,7516.75,7517.25,,,,7516.75,,,,,7558.2625,7517.99375,7513.25625,7472.987499999999,,,
1783551300,7517.5,7519.75,7517,7519,,,,,,,,,7558.2625,7517.99375,7513.25625,7472.987499999999,,,
1783551600,7519.25,7520.75,7518.75,7519.25,,,,,,,,,7558.2625,7517.99375,7513.25625,7472.987499999999,,,
1783551900,7519.5,7522.75,7518.75,7522,,7522.75,,,,,,,7558.2625,7517.99375,7513.25625,7472.987499999999,,,
1783552200,7522,7522.5,7521.5,7522,,,,,,,,,7558.2625,7517.99375,7513.25625,7472.987499999999,,,
1783552500,7522.25,7522.25,7518,7518,,,,,,,,,7558.2625,7517.99375,7513.25625,7472.987499999999,,,
1783552800,7517.75,7519.75,7516.25,7519,,,7516.25,,,,,,7558.2625,7517.99375,7513.25625,7472.987499999999,,,
1783553100,7519.25,7520.5,7517.25,7520.25,,,,,,,,,7558.2625,7517.99375,7513.25625,7472.987499999999,,,
1783553400,7520.5,7522.5,7517.5,7521.5,,,,,,,,,7558.2625,7517.99375,7513.25625,7472.987499999999,,,
1783553700,7521.25,7525.5,7520.5,7521,,,,,,,,,7558.2625,7517.99375,7513.25625,7472.987499999999,,,
1783554000,7521.25,7525,7520.5,7524.25,,,,,,,,,7558.2625,7517.99375,7513.25625,7472.987499999999,,,
1783554300,7524.5,7527.25,7523.25,7524.75,,,,,,,,,7558.2625,7517.99375,7513.25625,7472.987499999999,,,
1783554600,7525,7526,7523,7525.75,,,,,,,,,7558.2625,7517.99375,7513.25625,7472.987499999999,,,
1783554900,7525.5,7528.75,7525.5,7527.25,,,,,,,,,7558.2625,7517.99375,7513.25625,7472.987499999999,,,
1783555200,7527,7530.75,7525.5,7528.75,,,,,,,,,7558.2625,7517.99375,7513.25625,7472.987499999999,,,
1783555500,7528.75,7532.5,7527.25,7531,,,,,,,,,7558.2625,7517.99375,7513.25625,7472.987499999999,,,
1783555800,7530.75,7534,7529,7533.5,,,,,,,,,7558.2625,7517.99375,7513.25625,7472.987499999999,,,
1783556100,7533.5,7533.75,7526.75,7527.75,,,,,,,,,7558.2625,7517.99375,7513.25625,7472.987499999999,,,
1783556400,7527.75,7531.25,7527.25,7530.5,,,,,,,,,7558.2625,7517.99375,7513.25625,7472.987499999999,,,
1783556700,7530.5,7534,7529.75,7533.5,,,,,,,,,7558.2625,7517.99375,7513.25625,7472.987499999999,,,
1783557000,7533.5,7536.75,7531,7532.5,7536.75,,,,,,,,7558.2625,7517.99375,7513.25625,7472.987499999999,,,
1783557300,7532.5,7536,7531,7534,,,,,,,,,7558.2625,7517.99375,7513.25625,7472.987499999999,,,
1783557600,7533.75,7534,7531,7531.75,,,,,,,,,7558.2625,7517.99375,7513.25625,7472.987499999999,,,
1783557900,7531.5,7536.25,7531,7535.5,,,,,,,,,7558.2625,7517.99375,7513.25625,7472.987499999999,,,
1783558200,7535.5,7535.75,7528.75,7529.5,,,,,,,,,7558.2625,7517.99375,7513.25625,7472.987499999999,,,
1783558500,7529.25,7532.75,7528.75,7532.5,,,,,,,,,7558.2625,7517.99375,7513.25625,7472.987499999999,,,
1783558800,7532.5,7534,7527.75,7529.25,,,,7527.75,,,,,7558.2625,7517.99375,7513.25625,7472.987499999999,,,
1783559100,7529,7535.5,7528.5,7535.25,,,,,,,,,7558.2625,7517.99375,7513.25625,7472.987499999999,,,
1783559400,7535.5,7535.5,7532.75,7533,,,,,,,,,7558.2625,7517.99375,7513.25625,7472.987499999999,,,
1783559700,7532.75,7535.75,7531.25,7535.25,,,,,,,,,7558.2625,7517.99375,7513.25625,7472.987499999999,,,
1783560000,7535.25,7537.25,7532.25,7533,,,,,,,,,7558.2625,7517.99375,7513.25625,7472.987499999999,,,
1783560300,7533.25,7534.25,7530.75,7533.75,,,,,,,,,7558.2625,7517.99375,7513.25625,7472.987499999999,,,
1783560600,7534.25,7535.5,7531.25,7533.75,,,,,,,,,7558.2625,7517.99375,7513.25625,7472.987499999999,,,
1783560900,7533.75,7535.75,7533.5,7534.5,,,,,,,,,7558.2625,7517.99375,7513.25625,7472.987499999999,,,
1783561200,7534.5,7536.25,7533.5,7536,,,,,,,,,7558.2625,7517.99375,7513.25625,7472.987499999999,,,
1783561500,7536,7538,7534,7537.75,,,,,,,,,7558.2625,7517.99375,7513.25625,7472.987499999999,,,
1783561800,7537.75,7538,7531.25,7531.25,,,,,,,,,7558.2625,7517.99375,7513.25625,7472.987499999999,,,
1783562100,7531.25,7531.5,7528.75,7530.25,,,,,,,,,7558.2625,7517.99375,7513.25625,7472.987499999999,,,
1783562400,7530.25,7531.75,7527,7530.75,,,,,,,,,7558.2625,7517.99375,7513.25625,7472.987499999999,,,
1783562700,7531,7536.75,7530.25,7535.5,,,,,,,,,7558.2625,7517.99375,7513.25625,7472.987499999999,,,
1783563000,7535.25,7539,7535,7538.25,,,,,,,,,7558.2625,7517.99375,7513.25625,7472.987499999999,,,
1783563300,7538.5,7540.25,7536.75,7540,,,,,,,,,7558.2625,7517.99375,7513.25625,7472.987499999999,,,
1783563600,7540,7543.5,7538.25,7538.25,7543.5,,,,,,,,7558.2625,7517.99375,7513.25625,7472.987499999999,,,
1783563900,7538.25,7540,7537.5,7539.25,,,,,,,,,7558.2625,7517.99375,7513.25625,7472.987499999999,,,
1783564200,7539.25,7540.75,7537,7537.25,,,,,,,,,7558.2625,7517.99375,7513.25625,7472.987499999999,,,
1783564500,7537.25,7537.5,7533.25,7535.75,,,,,,,,,7558.2625,7517.99375,7513.25625,7472.987499999999,,,
1783564800,7535.75,7536.25,7531.5,7531.5,,,,,,,,,7558.2625,7517.99375,7513.25625,7472.987499999999,,,
1783565100,7531.75,7532.5,7528,7529.75,,,,,,,,,7558.2625,7517.99375,7513.25625,7472.987499999999,,,
1783565400,7530,7530.25,7526.75,7529.5,,,,,,,,,7558.2625,7517.99375,7513.25625,7472.987499999999,,,
1783565700,7529.5,7530.25,7527.5,7528.5,,,,,,,,,7558.2625,7517.99375,7513.25625,7472.987499999999,,,
1783566000,7528.75,7529.25,7525.5,7527.25,,,,,,,,,7558.2625,7517.99375,7513.25625,7472.987499999999,,,
1783566300,7527.25,7530.5,7527,7529.5,,,,,,,,,7558.2625,7517.99375,7513.25625,7472.987499999999,,,
1783566600,7529.5,7529.75,7526,7527.5,,,,,,,,,7558.2625,7517.99375,7513.25625,7472.987499999999,,,
1783566900,7527.75,7528.75,7524.75,7526.25,,,7524.75,,,,,,7558.2625,7517.99375,7513.25625,7472.987499999999,,,
1783567200,7526.5,7529.75,7525.75,7529.75,,,,,,,,,7558.2625,7517.99375,7513.25625,7472.987499999999,,,
1783567500,7529.75,7535.25,7529.5,7535,,,,,,,,,7558.2625,7517.99375,7513.25625,7472.987499999999,,,
1783567800,7535.25,7539,7534.25,7537.25,,,,,,,,,7558.2625,7517.99375,7513.25625,7472.987499999999,,,
1783568100,7537.25,7538.25,7536.25,7537.75,,,,,,,,,7558.2625,7517.99375,7513.25625,7472.987499999999,,,
1783568400,7537.75,7539.75,7536,7539.5,,,,,,,,,7558.2625,7517.99375,7513.25625,7472.987499999999,,,
1783568700,7539.5,7539.75,7537.25,7538.5,,,,,,,,,7558.2625,7517.99375,7513.25625,7472.987499999999,,,
1783569000,7538.75,7539.5,7538,7539.25,,,,,,,,,7558.2625,7517.99375,7513.25625,7472.987499999999,,,
1783569300,7539.25,7540,7537.75,7539,,,,,,,,,7558.2625,7517.99375,7513.25625,7472.987499999999,,,
1783569600,7539,7540.5,7538.25,7539.5,,,,,,,,,7558.2625,7517.99375,7513.25625,7472.987499999999,,,
1783569900,7539.5,7540.5,7538.25,7539.25,,,,,,,,,7558.2625,7517.99375,7513.25625,7472.987499999999,,,
1783570200,7539,7539.75,7537.5,7538,,,,,,,,,7558.2625,7517.99375,7513.25625,7472.987499999999,,,
1783570500,7538.25,7540.75,7537.75,7538,,,,,,,,,7558.2625,7517.99375,7513.25625,7472.987499999999,,,
1783570800,7538,7538.75,7536.25,7536.25,,,,,,,,,7558.2625,7517.99375,7513.25625,7472.987499999999,,,
1783571100,7536.5,7537.5,7534.5,7536,,,,,,,,,7558.2625,7517.99375,7513.25625,7472.987499999999,,,
1783571400,7536,7543.25,7536,7542,,,,,,,,,7558.2625,7517.99375,7513.25625,7472.987499999999,,,
1783571700,7541.75,7544,7540.75,7543,,,,,,,,,7558.2625,7517.99375,7513.25625,7472.987499999999,,,
1783572000,7543,7544,7541.75,7543.5,,,,,,,,,7558.2625,7517.99375,7513.25625,7472.987499999999,,,
1783572300,7543.5,7543.75,7541.5,7542.5,,,,,,,,,7558.2625,7517.99375,7513.25625,7472.987499999999,,,
1783572600,7542.5,7546.75,7542.5,7545.5,,,,,,,,,7558.2625,7517.99375,7513.25625,7472.987499999999,,,
1783572900,7545.5,7547,7545.25,7546,,,,,,,,,7558.2625,7517.99375,7513.25625,7472.987499999999,,,
1783573200,7546,7547,7543.5,7544,,,,,,,,,7558.2625,7517.99375,7513.25625,7472.987499999999,,,
1783573500,7544.25,7544.25,7540,7541.75,,,,,,,,,7558.2625,7517.99375,7513.25625,7472.987499999999,,,
1783573800,7542,7554,7542,7549.25,7554,,,,,,,,7558.2625,7517.99375,7513.25625,7472.987499999999,,,
1783574100,7549.25,7550.25,7542,7543.25,,,,,,,,,7558.2625,7517.99375,7513.25625,7472.987499999999,,,
1783574400,7543.25,7544,7540.5,7541.5,,,,,,,,,7558.2625,7517.99375,7513.25625,7472.987499999999,,,
1783574700,7541.5,7543,7540.75,7541.25,,,,,,,,,7558.2625,7517.99375,7513.25625,7472.987499999999,,,
1783575000,7541.5,7543.75,7535.75,7543.75,,,,7535.75,,,,,7558.2625,7517.99375,7513.25625,7472.987499999999,,,
1783575300,7543.75,7545,7542.25,7543,,,,,,,,,7558.2625,7517.99375,7513.25625,7472.987499999999,,,
1783575600,7543.5,7545,7541.25,7545,,,,,,,,,7558.2625,7517.99375,7513.25625,7472.987499999999,,,
1783575900,7545,7548.5,7544.25,7548.25,,,,,,,,,7558.2625,7517.99375,7513.25625,7472.987499999999,,,
1783576200,7548.5,7549.75,7547.5,7549,,,,,,,,,7558.2625,7517.99375,7513.25625,7472.987499999999,,,
1783576500,7548.75,7552.75,7548,7552.5,,,,,,,,,7558.2625,7517.99375,7513.25625,7472.987499999999,,,
1783576800,7552.25,7553.5,7549.75,7550,,,,,,,,,7558.2625,7517.99375,7513.25625,7472.987499999999,,,
1783577100,7549.5,7550.75,7547,7549.25,,,,,,,,,7558.2625,7517.99375,7513.25625,7472.987499999999,,,
1783577400,7549.25,7551,7547.75,7550.25,,,,,,,,,7558.2625,7517.99375,7513.25625,7472.987499999999,,,
1783577700,7550.25,7553.25,7549.75,7551.75,,,,,,,,,7558.2625,7517.99375,7513.25625,7472.987499999999,,,
1783578000,7551.75,7552.75,7550.25,7552,,,,,,,,,7558.2625,7517.99375,7513.25625,7472.987499999999,,,
1783578300,7552,7553.5,7550.5,7551.5,,7553.5,,,,,,,7558.2625,7517.99375,7513.25625,7472.987499999999,,,
1783578600,7551.5,7551.75,7548,7549.25,,,,,,,,,7558.2625,7517.99375,7513.25625,7472.987499999999,,,
1783578900,7549.25,7552,7549.25,7550.5,,,,,,,,,7558.2625,7517.99375,7513.25625,7472.987499999999,,,
1783579200,7550.25,7552.25,7550,7551.75,,,,,,,,,7558.2625,7517.99375,7513.25625,7472.987499999999,,,
1783579500,7551.75,7551.75,7549.75,7550,,,,,,,,,7558.2625,7517.99375,7513.25625,7472.987499999999,,,
1783579800,7550,7551.5,7550,7550,,,,,,,,,7558.2625,7517.99375,7513.25625,7472.987499999999,,,
1783580100,7550,7550.5,7548,7549.75,,,,,,,,,7558.2625,7517.99375,7513.25625,7472.987499999999,,,
1783580400,7549.5,7553.25,7548.5,7551.25,,,,,,,,,7558.2625,7517.99375,7513.25625,7472.987499999999,,,
1783580700,7551.25,7552,7548.75,7549.75,,,,,,,,,7558.2625,7517.99375,7513.25625,7472.987499999999,,,
1783581000,7549.5,7553.5,7548,7553,,,,7548,,,,,7558.2625,7517.99375,7513.25625,7472.987499999999,,,
1783581300,7553,7554.25,7551.75,7552.75,,,,,,,,,7558.2625,7517.99375,7513.25625,7472.987499999999,,,
1783581600,7552.25,7552.75,7549.25,7551,,,,,,,,,7558.2625,7517.99375,7513.25625,7472.987499999999,,,
1783581900,7551,7553.25,7550.25,7551.5,,,,,,,,,7558.2625,7517.99375,7513.25625,7472.987499999999,,,
1783582200,7551.75,7553.25,7551.25,7551.5,,,,,,,,,7558.2625,7517.99375,7513.25625,7472.987499999999,,,
1783582500,7551.75,7552.75,7549.25,7550.75,,,,,,,,,7558.2625,7517.99375,7513.25625,7472.987499999999,,,
1783582800,7550.75,7556.75,7549.5,7556.5,,,,,,,,,7558.2625,7517.99375,7513.25625,7472.987499999999,,,
1783583100,7556.5,7557.25,7554.75,7556,,,,,,,,,7558.2625,7517.99375,7513.25625,7472.987499999999,,,
1783583400,7556,7557.75,7554.75,7554.75,,,,,,,,,7558.2625,7517.99375,7513.25625,7472.987499999999,,,
1783583700,7554.5,7554.75,7551,7553.5,,,,,,,,,7558.2625,7517.99375,7513.25625,7472.987499999999,,,
1783584000,7553.5,7556.5,7551.5,7555.5,,,,,,,,,7558.2625,7517.99375,7513.25625,7472.987499999999,,,
1783584300,7555.5,7558,7554.75,7556.25,7558,,,,,,,,7558.2625,7517.99375,7513.25625,7472.987499999999,,,
1783584600,7556.25,7556.5,7552.75,7552.75,,,,,,,,,7558.2625,7517.99375,7513.25625,7472.987499999999,,,
1783584900,7553,7557,7550.25,7553,,,,,,,,,7558.2625,7517.99375,7513.25625,7472.987499999999,,,
1783585200,7553,7553.5,7551.75,7553,,,,,,,,,7558.2625,7517.99375,7513.25625,7472.987499999999,,,
1783585500,7553.25,7554.5,7552,7553.5,,,,,,,,,7558.2625,7517.99375,7513.25625,7472.987499999999,,,
1783585800,7553,7553.75,7547,7547.75,,,,,,,,,7558.2625,7517.99375,7513.25625,7472.987499999999,,,
1783586100,7548,7549.5,7546.5,7546.5,,,,,,,,,7558.2625,7517.99375,7513.25625,7472.987499999999,,,
1783586400,7546.75,7547.75,7545.5,7547.25,,,,,,,,,7558.2625,7517.99375,7513.25625,7472.987499999999,,,
1783586700,7547.25,7547.75,7541.25,7542.75,,,,,,,,,7558.2625,7517.99375,7513.25625,7472.987499999999,,,
1783587000,7542.5,7547.25,7542.25,7547.25,,,,,,,,,7558.2625,7517.99375,7513.25625,7472.987499999999,,,
1783587300,7546.75,7548,7544.25,7545.5,,,,,,,,,7558.2625,7517.99375,7513.25625,7472.987499999999,,,
1783587600,7545.5,7546.75,7542.5,7544.5,,,,,,,,,7558.2625,7517.99375,7513.25625,7472.987499999999,,,
1783587900,7544.5,7546,7541.5,7543.25,,,,,,,,,7558.2625,7517.99375,7513.25625,7472.987499999999,,,
1783588200,7542.75,7544,7541.25,7542.25,,,,,,,,,7558.2625,7517.99375,7513.25625,7472.987499999999,,,
1783588500,7542.75,7543.5,7540.75,7541.5,,,,,,,,,7558.2625,7517.99375,7513.25625,7472.987499999999,,,
1783588800,7541.25,7542.5,7540.5,7541.5,,,,,,,,,7558.2625,7517.99375,7513.25625,7472.987499999999,,,
1783589100,7541.75,7544,7540.75,7542.25,,,,,,,,,7558.2625,7517.99375,7513.25625,7472.987499999999,,,
1783589400,7542,7543.5,7539.25,7540.5,,,,,,,,,7558.2625,7517.99375,7513.25625,7472.987499999999,,,
1783589700,7540.75,7541.75,7538.5,7540.25,,,,,,,,,7558.2625,7517.99375,7513.25625,7472.987499999999,,,
1783590000,7540.25,7541,7533.75,7536.75,,,7533.75,,,,,,7558.2625,7517.99375,7513.25625,7472.987499999999,,,
1783590300,7536.5,7539.75,7536.25,7538.5,,,,,,,,,7558.2625,7517.99375,7513.25625,7472.987499999999,,,
1783590600,7538.5,7541.75,7538.5,7541,,,,,,,,,7558.2625,7517.99375,7513.25625,7472.987499999999,,,
1783590900,7541,7542,7540.75,7542,,,,,,,,,7558.2625,7517.99375,7513.25625,7472.987499999999,,,
1783591200,7541.75,7542,7539.25,7540.75,,,,,,,,,7558.2625,7517.99375,7513.25625,7472.987499999999,,,
1783591500,7540.75,7542.5,7539.5,7541,,,,,,,,,7558.2625,7517.99375,7513.25625,7472.987499999999,,,
1783591800,7541.25,7543,7540.25,7542,,,,,,,,,7558.2625,7517.99375,7513.25625,7472.987499999999,,,
1783592100,7541.75,7543.75,7541.25,7543,,,,,,,,,7558.2625,7517.99375,7513.25625,7472.987499999999,,,
1783592400,7543.25,7544,7541.75,7542.5,,7544,,,,,,,7558.2625,7517.99375,7513.25625,7472.987499999999,,,
1783592700,7542.25,7542.25,7538.75,7540.75,,,,,,,,,7558.2625,7517.99375,7513.25625,7472.987499999999,,,
1783593000,7540.5,7540.5,7536.5,7539,,,,,,,,,7558.2625,7517.99375,7513.25625,7472.987499999999,,,
1783593300,7539,7541.5,7538.25,7539.75,,,,,,,,,7558.2625,7517.99375,7513.25625,7472.987499999999,,,
1783593600,7539.5,7540.25,7537,7539.75,,,,,,,,,7558.2625,7517.99375,7513.25625,7472.987499999999,,,
1783593900,7539.75,7540.75,7533.5,7533.5,,,,,,,,,7558.2625,7517.99375,7513.25625,7472.987499999999,,,
1783594200,7533.25,7534.25,7526.5,7531,,,7526.5,,,,,,7558.2625,7517.99375,7513.25625,7472.987499999999,,,
1783594500,7531,7535.25,7527.75,7534.5,,,,,,,,,7558.2625,7517.99375,7513.25625,7472.987499999999,,,
1783594800,7534.5,7538.75,7534.25,7538,,,,,,,,,7558.2625,7517.99375,7513.25625,7472.987499999999,,,
1783595100,7538,7538.25,7531.25,7532.25,,,,,,,,,7558.2625,7517.99375,7513.25625,7472.987499999999,,,
1783595400,7532.75,7538,7532,7537.25,,,,,,,,,7558.2625,7517.99375,7513.25625,7472.987499999999,,,
1783595700,7537.5,7537.5,7534.75,7535.25,,,,,,,,,7558.2625,7517.99375,7513.25625,7472.987499999999,,,
1783596000,7535.5,7539.75,7534.5,7535.5,,,,,,,,,7558.2625,7517.99375,7513.25625,7472.987499999999,,,
1783596300,7535.75,7538.5,7535.5,7538.5,,,,,,,,,7558.2625,7517.99375,7513.25625,7472.987499999999,,,
1783596600,7538.5,7541.75,7536,7540.5,,,,,,,,,7558.2625,7517.99375,7513.25625,7472.987499999999,,,
1783596900,7540.25,7541,7537,7539.75,,,,,,,,,7558.2625,7517.99375,7513.25625,7472.987499999999,,,
1783597200,7539.75,7541.75,7537.5,7541,,,,,,,,,7558.2625,7517.99375,7513.25625,7472.987499999999,,,
1783597500,7541.25,7545.25,7540.25,7543.75,,,,,,,,,7558.2625,7517.99375,7513.25625,7472.987499999999,,,
1783597800,7543.5,7547.25,7542.25,7544,,,,,,,,,7558.2625,7517.99375,7513.25625,7472.987499999999,,,
1783598100,7544.25,7545.25,7542.5,7543.25,,,,,,,,,7558.2625,7517.99375,7513.25625,7472.987499999999,,,
1783598400,7543.25,7546.25,7542.25,7545.25,,,,,,,,,7558.2625,7517.99375,7513.25625,7472.987499999999,,,
1783598700,7545.25,7549.75,7542.75,7548.5,,,,,,,,,7558.2625,7517.99375,7513.25625,7472.987499999999,,,
1783599000,7548.25,7549.75,7546,7546.25,,,,,,,,,7558.2625,7517.99375,7513.25625,7472.987499999999,,,
1783599300,7546.5,7548.5,7545.5,7546.75,,,,,,,,,7553.5125,7515.36875,7510.88125,7472.737499999999,,,
1783599600,7546.5,7548,7545,7547.75,,,,,,,,,7553.5125,7515.36875,7510.88125,7472.737499999999,,,
1783599900,7547.75,7551,7547.5,7550.75,,,,,,,,,7553.5125,7515.36875,7510.88125,7472.737499999999,,,
1783600200,7550.25,7554,7548.5,7552.75,,,,,,,,,7553.5125,7515.36875,7510.88125,7472.737499999999,,,
1783600500,7552.75,7554.5,7552,7553.5,7554.5,,,,,,,,7553.5125,7515.36875,7510.88125,7472.737499999999,,,
1783600800,7553.5,7554,7547.5,7547.75,,,,,,,,,7553.5125,7515.36875,7510.88125,7472.737499999999,,,
1783601100,7547.75,7547.75,7543.5,7546,,,,,,,,,7553.5125,7515.36875,7510.88125,7472.737499999999,,,
1783601400,7546.25,7548,7545,7546.5,,,,,,,,,7553.5125,7515.36875,7510.88125,7472.737499999999,,,
1783601700,7546.5,7546.75,7543.5,7544.5,,,,7543.5,,,,,7553.5125,7515.36875,7510.88125,7472.737499999999,,,
1783602000,7544.25,7548.25,7544.25,7548.25,,,,,,,,,7553.5125,7515.36875,7510.88125,7472.737499999999,,,
1783602300,7548.25,7548.5,7545.75,7548,,,,,,,,,7553.5125,7515.36875,7510.88125,7472.737499999999,,,
1783602600,7547.75,7548,7545.75,7547.25,,,,,,,,,7553.5125,7515.36875,7510.88125,7472.737499999999,,,
1783602900,7547.5,7549,7544.75,7547,,,,,,,,,7553.5125,7515.36875,7510.88125,7472.737499999999,,,
1783603200,7547,7548.75,7545,7548.75,,,,,,,,,7553.5125,7515.36875,7510.88125,7472.737499999999,,,
1783603500,7548.75,7550.5,7544.5,7546.5,,,,,,,,,7553.5125,7515.36875,7510.88125,7472.737499999999,,,
1783603800,7546.5,7548.75,7530.25,7547.25,,,,,,,,,7553.5125,7515.36875,7510.88125,7472.737499999999,,,
1783604100,7547.25,7557,7544.25,7555,,,,,,,,,7553.5125,7515.36875,7510.88125,7472.737499999999,,,
1783604400,7555.25,7559.25,7548.5,7558,,,,,,,,,7554.7,7516.025,7511.475,7472.799999999999,,,
1783604700,7558,7561.75,7551.25,7555.25,,,,,,,,,7557.075,7517.3375,7512.6625,7472.924999999999,,,
1783605000,7555.25,7565.25,7552,7564,,,,,,,,,7560.4,7519.175,7514.325,7473.099999999999,,,
1783605300,7563.75,7566.5,7559.5,7561.25,7566.5,,,,,,,,7561.5875,7519.83125,7514.91875,7473.162499999999,,,
1783605600,7561,7564.5,7559.25,7561.25,,,,,,,,,7561.5875,7519.83125,7514.91875,7473.162499999999,,,
1783605900,7561,7562.75,7553.25,7553.5,,,,,,,,,7561.5875,7519.83125,7514.91875,7473.162499999999,,,
1783606200,7553.5,7554.25,7546.25,7549.25,,,,,,,,,7561.5875,7519.83125,7514.91875,7473.162499999999,,,
1783606500,7549.5,7549.5,7533,7536.5,,,,,,,,,7561.5875,7519.83125,7514.91875,7473.162499999999,,,
1783606800,7536.5,7543.75,7529.5,7543.25,,,7529.5,,,,,,7561.5875,7519.83125,7514.91875,7473.162499999999,,,
1783607100,7543.25,7556,7541.25,7552.75,,,,,,,,,7561.5875,7519.83125,7514.91875,7473.162499999999,,,
1783607400,7552.75,7555,7544.75,7550.25,,,,,,,,,7561.5875,7519.83125,7514.91875,7473.162499999999,,,
1783607700,7550.5,7559,7549.5,7558,,,,,,,,,7561.5875,7519.83125,7514.91875,7473.162499999999,,,
1783608000,7558.25,7559,7552.25,7553,,,,,,,,,7561.5875,7519.83125,7514.91875,7473.162499999999,,,
1783608300,7553.25,7558.25,7552.5,7554.75,,,,,,,,,7561.5875,7519.83125,7514.91875,7473.162499999999,,,
1783608600,7554.75,7554.75,7546.75,7554,,,,,,,,,7561.5875,7519.83125,7514.91875,7473.162499999999,,,
1783608900,7553.75,7563.75,7553.75,7562,,,,,,,,,7561.5875,7519.83125,7514.91875,7473.162499999999,,,
1783609200,7562,7564.25,7560.5,7563.5,,,,,,,,,7564.499999999999,7547.5,7545.5,7528.499999999999,,,
1783609500,7563.5,7570.25,7563,7569.75,,,,,,,,,7568.062499999999,7549.46875,7547.28125,7528.687499999999,,,
1783609800,7569.75,7570.75,7565.75,7566.75,,,,,,,,,7568.537499999999,7549.73125,7547.51875,7528.7125,,,
1783610100,7566.75,7571,7564.5,7567.25,,,,,,,,,7568.775,7549.862499999999,7547.637500000001,7528.724999999999,,,
1783610400,7567.25,7574.75,7566.5,7574.25,,,,,,,,,7572.3375,7551.831249999999,7549.418750000001,7528.912499999999,,,
1783610700,7574,7575,7572.25,7572.75,,,,,,,,,7572.575,7551.9625,7549.5375,7528.924999999999,,,
1783611000,7573,7573.25,7569.75,7571,,,,,,,,,7572.575,7551.9625,7549.5375,7528.924999999999,,,
1783611300,7571,7574.25,7570.25,7573.75,,,,,,,,,7572.575,7551.9625,7549.5375,7528.924999999999,,,
1783611600,7574,7577.75,7573,7576.25,,,,,,,,,7575.187499999999,7553.40625,7550.84375,7529.062499999999,,,
1783611900,7576.5,7578,7574.5,7577,,,,,,,,,7575.424999999999,7553.5375,7550.9625,7529.074999999999,,,
1783612200,7577.25,7577.5,7573.75,7574.5,,,,,,,,,7575.424999999999,7553.5375,7550.9625,7529.074999999999,,,
1783612500,7574.25,7576.25,7573.25,7573.75,,,,,,,,,7575.424999999999,7553.5375,7550.9625,7529.074999999999,,,
1783612800,7574,7580,7573.75,7578.5,,,,,,,,,7577.325,7554.5875,7551.9125,7529.174999999999,,,
1783613100,7578.75,7581.25,7578.75,7579.75,,,,,,,,,7578.5125,7555.24375,7552.50625,7529.237499999999,,,
1783613400,7579.5,7580.75,7578.75,7580.75,,,,,,,,,7578.5125,7555.24375,7552.50625,7529.237499999999,,,
1783613700,7580.5,7582,7579.25,7580.5,,,,,,,,,7579.224999999999,7555.6375,7552.8625,7529.275,,,
1783614000,7580.75,7583.75,7579.75,7583,,,,,,,,,7580.8875,7556.55625,7553.69375,7529.362499999999,,,
1783614300,7583.25,7583.25,7581,7581.75,,,,,,,,,7580.8875,7556.55625,7553.69375,7529.362499999999,,,
1783614600,7581.75,7584.5,7579.75,7580,7584.5,,,,,,,,7581.599999999999,7556.95,7554.05,7529.4,,,
1783614900,7579.75,7581.25,7578.25,7581,,,,,,,,,7581.599999999999,7556.95,7554.05,7529.4,,,
1783615200,7581,7583.25,7581,7582.25,,,,,,,,,7581.599999999999,7556.95,7554.05,7529.4,,,
1783615500,7582.25,7582.75,7578.5,7580,,,,,,,,,7581.599999999999,7556.95,7554.05,7529.4,,,
1783615800,7580,7581.5,7578.5,7579.25,,,,,,,,,7581.599999999999,7556.95,7554.05,7529.4,,,
1783616100,7579.25,7580.5,7577.25,7579.75,,,,7577.25,,,,,7581.599999999999,7556.95,7554.05,7529.4,,,
1783616400,7579.75,7583.5,7579.5,7582.5,,,,,,,,,7581.599999999999,7556.95,7554.05,7529.4,,,
1783616700,7582.5,7587.75,7581.75,7586.75,,,,,,,,,7584.687499999999,7558.65625,7555.59375,7529.562499999999,,,
1783617000,7586.75,7589.25,7586.25,7587.25,,,,,,,,,7586.112499999999,7559.44375,7556.30625,7529.637499999999,,,
1783617300,7587.25,7591.25,7587.25,7590.75,,,,,,,,,7588.0125,7560.49375,7557.25625,7529.737499999999,,,
1783617600,7590.75,7592,7589,7590,,,,,,,,,7588.724999999999,7560.8875,7557.6125,7529.775,,,
1783617900,7590,7593.25,7590,7593.25,,,,,,,,,7589.912499999999,7561.54375,7558.20625,7529.8375,,,
1783618200,7593.25,7594,7590,7591.75,,,,,,,,,7590.624999999999,7561.9375,7558.5625,7529.874999999999,,,
1783618500,7591.5,7594.25,7591.25,7592.5,,,,,,,,,7590.862499999999,7562.06875,7558.68125,7529.887499999999,,,
1783618800,7592.5,7593.25,7590.25,7592.25,,,,,,,,,7590.862499999999,7562.06875,7558.68125,7529.887499999999,,,
1783619100,7592.5,7595,7592,7593.5,7595,,,,,,,,7591.575,7562.4625,7559.0375,7529.924999999999,,,
1783619400,7593.75,7594.5,7591.75,7592.5,,,,,,,,,7591.575,7562.4625,7559.0375,7529.924999999999,,,
1783619700,7592.5,7593,7588.25,7591.25,,,,,,,,,7591.575,7562.4625,7559.0375,7529.924999999999,,,
1783620000,7591.5,7592.5,7589.5,7590.25,,,,,,,,,7591.575,7562.4625,7559.0375,7529.924999999999,,,
1783620300,7590.25,7593.25,7590.25,7592.25,,,,,,,,,7591.575,7562.4625,7559.0375,7529.924999999999,,,
1783620600,7592,7593.5,7591.5,7592.5,,,,,,,,,7591.575,7562.4625,7559.0375,7529.924999999999,,,
1783620900,7592.5,7594,7590.25,7591.25,,,,,,,,,7591.575,7562.4625,7559.0375,7529.924999999999,,,
1783621200,7591.25,7591.5,7588.25,7588.25,,,,,,,,,7591.575,7562.4625,7559.0375,7529.924999999999,,,
1783621500,7588.25,7589.5,7587.25,7589.5,,,,,,,,,7591.575,7562.4625,7559.0375,7529.924999999999,,,
1783621800,7589.5,7590.5,7587.25,7587.25,,,,,,,,,7591.575,7562.4625,7559.0375,7529.924999999999,,,
1783622100,7587.25,7588.25,7585.5,7586,,,,,,,,,7591.575,7562.4625,7559.0375,7529.924999999999,,,
1783622400,7586,7588,7585.25,7587.75,,,,,,,,,7591.575,7562.4625,7559.0375,7529.924999999999,,,
1783622700,7587.75,7588,7585.5,7587.25,,,,,,,,,7591.575,7562.4625,7559.0375,7529.924999999999,,,
1783623000,7587.25,7588,7585.5,7585.5,,,,,,,,,7591.575,7562.4625,7559.0375,7529.924999999999,,,
1783623300,7585.75,7586,7583,7585,,,,,,,,,7591.575,7562.4625,7559.0375,7529.924999999999,,,
1783623600,7585.25,7585.25,7582.25,7583,,,,,,,,,7591.575,7562.4625,7559.0375,7529.924999999999,,,
1783623900,7583,7584.5,7581,7582.25,,,,7581,,,,,7591.575,7562.4625,7559.0375,7529.924999999999,,,
1783624200,7582.25,7584.75,7581.25,7583.25,,,,,,,,,7591.575,7562.4625,7559.0375,7529.924999999999,,,
1783624500,7583.25,7588,7582.5,7587.25,,,,,,,,,7591.575,7562.4625,7559.0375,7529.924999999999,,,
1783624800,7587.5,7588.5,7585.75,7586,,,,,,,,,7591.575,7562.4625,7559.0375,7529.924999999999,,,
1783625100,7586,7586.75,7584.75,7585,,,,,,,,,7591.575,7562.4625,7559.0375,7529.924999999999,,,
1783625400,7585,7585.75,7583.25,7585.25,,,,,,,,,7591.575,7562.4625,7559.0375,7529.924999999999,,,
1783625700,7585.25,7588,7585.25,7586.75,,,,,,,,,7591.575,7562.4625,7559.0375,7529.924999999999,,,
1783626000,7586.75,7589,7585.5,7587.75,,,,,,,,,7591.575,7562.4625,7559.0375,7529.924999999999,,,
1783626300,7588,7588.75,7586.5,7586.5,,,,,,,,,7591.575,7562.4625,7559.0375,7529.924999999999,,,
1783626600,7586.5,7586.75,7582.25,7582.5,,,,,,,,,7591.575,7562.4625,7559.0375,7529.924999999999,,,
1783626900,7582.75,7590.75,7582.75,7590.5,,,,,,,,,7591.575,7562.4625,7559.0375,7529.924999999999,,,
1783627200,7590.5,7590.75,7585.75,7588.5,,,,,,,,,7591.575,7562.4625,7559.0375,7529.924999999999,,,
1783627500,7588.5,7592,7588.25,7591.5,,7592,,,,,,,7591.575,7562.4625,7559.0375,7529.924999999999,,,
1783627800,7591.25,7591.5,7589,7590.5,,,,,,,,,7591.575,7562.4625,7559.0375,7529.924999999999,,,
1783628100,7590.75,7591.75,7589,7589.5,,,,,,,,,7591.575,7562.4625,7559.0375,7529.924999999999,,,
1783628400,7589.5,7589.75,7587,7587.5,,,,,,,,,7591.575,7562.4625,7559.0375,7529.924999999999,,,
1783628700,7587.5,7587.75,7586.25,7586.75,,,,,,,,,7591.575,7562.4625,7559.0375,7529.924999999999,,,
1783629000,7586.75,7589.75,7586.5,7589.5,,,,,,,,,7591.575,7562.4625,7559.0375,7529.924999999999,,,
1783629300,7589.5,7590,7588.75,7589.75,,,,,,,,,7591.575,7562.4625,7559.0375,7529.924999999999,,,
1783629600,7589.5,7589.75,7587.25,7587.5,,,,,,,,,7591.575,7562.4625,7559.0375,7529.924999999999,,,
1783629900,7587.5,7588.25,7587,7587.75,,,,,,,,,7591.575,7562.4625,7559.0375,7529.924999999999,,,
1783630200,7587.75,7587.75,7585.75,7586,,,,,,,,,7591.575,7562.4625,7559.0375,7529.924999999999,,,
1783630500,7585.75,7587.25,7584.5,7586.25,,,,,,,,,7591.575,7562.4625,7559.0375,7529.924999999999,,,
1783634400,7588,7588.75,7585,7587,,,,,,,,,7591.575,7562.4625,7559.0375,7529.924999999999,,,
1783634700,7587.25,7589,7584.5,7585.25,,,,,,,,,7591.575,7562.4625,7559.0375,7529.924999999999,,,
1783635000,7585.25,7585.5,7584.25,7585.25,,,,,,,,,7591.575,7562.4625,7559.0375,7529.924999999999,,,
1783635300,7585.25,7586.5,7584,7584.75,,,,,,,,,7591.575,7562.4625,7559.0375,7529.924999999999,,,
1783635600,7585,7586,7583.75,7585.25,,,,,,,,,7591.575,7562.4625,7559.0375,7529.924999999999,,,
1783635900,7585,7586.25,7583.75,7584.5,,,,7583.75,,,,,7591.575,7562.4625,7559.0375,7529.924999999999,,,
1783636200,7584.25,7585.5,7584.25,7585,,,,,,,,,7591.575,7562.4625,7559.0375,7529.924999999999,,,
1783636500,7585,7586.25,7584.5,7585.5,,,,,,,,,7591.575,7562.4625,7559.0375,7529.924999999999,,,
1783636800,7585.5,7586.25,7585,7586,,,,,,,,,7591.575,7562.4625,7559.0375,7529.924999999999,,,
1783637100,7585.75,7587,7585.25,7586.25,,,,,,,,,7591.575,7562.4625,7559.0375,7529.924999999999,,,
1783637400,7586.25,7587,7586,7586,,,,,,,,,7591.575,7562.4625,7559.0375,7529.924999999999,,,
1783637700,7586,7587,7585.75,7586.75,,,,,,,,,7591.575,7562.4625,7559.0375,7529.924999999999,,,
1783638000,7587,7587.5,7584.75,7587.5,,,,,,,,,7591.575,7562.4625,7559.0375,7529.924999999999,,,
1783638300,7587.5,7589.25,7587.25,7589,,,,,,,,,7591.575,7562.4625,7559.0375,7529.924999999999,,,
1783638600,7589,7589.5,7588.25,7589.25,,,,,,,,,7591.575,7562.4625,7559.0375,7529.924999999999,,,
1783638900,7589.5,7590,7588,7589.75,,,,,,,,,7591.575,7562.4625,7559.0375,7529.924999999999,,,
1783639200,7589.75,7591.25,7588.75,7590.75,,,,,,,,,7591.575,7562.4625,7559.0375,7529.924999999999,,,
1783639500,7590.75,7591.75,7590.5,7591.25,,7591.75,,,,,,,7591.575,7562.4625,7559.0375,7529.924999999999,,,
1783639800,7591.5,7591.5,7589.5,7589.75,,,,,,,,,7591.575,7562.4625,7559.0375,7529.924999999999,,,
1783640100,7590.25,7591.25,7589.75,7590.75,,,,,,,,,7591.575,7562.4625,7559.0375,7529.924999999999,,,
1783640400,7591,7591,7589.25,7590,,,,,,,,,7591.575,7562.4625,7559.0375,7529.924999999999,,,
1783640700,7590,7590,7586.5,7587.5,,,,,,,,,7591.575,7562.4625,7559.0375,7529.924999999999,,,
1783641000,7587.5,7590.75,7587.25,7589.75,,,,,,,,,7591.575,7562.4625,7559.0375,7529.924999999999,,,
1783641300,7589.75,7591.25,7588.5,7588.5,,,,,,,,,7591.575,7562.4625,7559.0375,7529.924999999999,,,
1783641600,7588.5,7589.5,7583.25,7584.75,,,,,,,,,7591.575,7562.4625,7559.0375,7529.924999999999,,,
1783641900,7584.75,7585.75,7581.25,7584.25,,,,,,,,,7591.575,7562.4625,7559.0375,7529.924999999999,,,
1783642200,7584,7584.5,7580.5,7583.75,,,,,,,,,7591.575,7562.4625,7559.0375,7529.924999999999,,,
1783642500,7583.25,7584.75,7581.5,7582.25,,,,,,,,,7591.575,7562.4625,7559.0375,7529.924999999999,,,
1783642800,7582.25,7583.5,7578.25,7578.5,,,,,,,,,7591.575,7562.4625,7559.0375,7529.924999999999,,,
1783643100,7578.5,7580,7577.5,7579.75,,,,,,,,,7591.575,7562.4625,7559.0375,7529.924999999999,,,
1783643400,7579.75,7580.5,7575.75,7576.5,,,,,,,,,7591.575,7562.4625,7559.0375,7529.924999999999,,,
1783643700,7576.5,7577.5,7575.5,7575.75,,,,,,,,,7591.575,7562.4625,7559.0375,7529.924999999999,,,
1783644000,7575.75,7578,7575.75,7577.25,,,,,,,,,7591.575,7562.4625,7559.0375,7529.924999999999,,,
1783644300,7577,7577.5,7574.75,7575.5,,,7574.75,,,,,,7591.575,7562.4625,7559.0375,7529.924999999999,,,
1783644600,7575.75,7576.75,7575,7575.75,,,,,,,,,7591.575,7562.4625,7559.0375,7529.924999999999,,,
1783644900,7576.25,7580.75,7576.25,7580.5,,,,,,,,,7591.575,7562.4625,7559.0375,7529.924999999999,,,
1783645200,7580.75,7581.5,7577.5,7577.5,,7581.5,,,,,,,7591.575,7562.4625,7559.0375,7529.924999999999,,,
1783645500,7577.5,7578.75,7577.25,7577.5,,,,,,,,,7591.575,7562.4625,7559.0375,7529.924999999999,,,
1783645800,7577.5,7578.5,7575.75,7577.75,,,,7575.75,,,,,7591.575,7562.4625,7559.0375,7529.924999999999,,,
1783646100,7577.75,7579.5,7577,7579,,,,,,,,,7591.575,7562.4625,7559.0375,7529.924999999999,,,
1783646400,7579,7580,7577.5,7580,,,,,,,,,7591.575,7562.4625,7559.0375,7529.924999999999,,,
1783646700,7579.75,7580,7577.5,7579.5,,,,,,,,,7591.575,7562.4625,7559.0375,7529.924999999999,,,
1783647000,7579.25,7580.5,7577.5,7579.75,,,,,,,,,7591.575,7562.4625,7559.0375,7529.924999999999,,,
1783647300,7580,7581.5,7578.75,7581,,,,,,,,,7591.575,7562.4625,7559.0375,7529.924999999999,,,
1783647600,7581,7581,7579.5,7579.5,,,,,,,,,7591.575,7562.4625,7559.0375,7529.924999999999,,,
1783647900,7579.5,7583.75,7579,7583,,,,,,,,,7591.575,7562.4625,7559.0375,7529.924999999999,,,
1783648200,7583.25,7583.75,7581.25,7581.5,7583.75,,,,,,,,7591.575,7562.4625,7559.0375,7529.924999999999,,,
1783648500,7581.75,7582.5,7579.75,7580.25,,,,,,,,,7591.575,7562.4625,7559.0375,7529.924999999999,,,
1783648800,7580.25,7580.75,7577,7580.5,,,,,,,,,7591.575,7562.4625,7559.0375,7529.924999999999,,,
1783649100,7580.5,7582.25,7579,7581.5,,,,,,,,,7591.575,7562.4625,7559.0375,7529.924999999999,,,
1783649400,7581.5,7581.75,7579.25,7580,,,,,,,,,7591.575,7562.4625,7559.0375,7529.924999999999,,,
1783649700,7580.25,7580.25,7578,7579,,,,,,,,,7591.575,7562.4625,7559.0375,7529.924999999999,,,
1783650000,7579,7579.25,7577,7578,,,,7577,,,,,7591.575,7562.4625,7559.0375,7529.924999999999,,,
1783650300,7578.25,7579.5,7577.5,7579.25,,,,,,,,,7591.575,7562.4625,7559.0375,7529.924999999999,,,
1783650600,7579.25,7580.25,7578,7579.25,,,,,,,,,7591.575,7562.4625,7559.0375,7529.924999999999,,,
1783650900,7579.75,7581.5,7578.5,7581.5,,,,,,,,,7591.575,7562.4625,7559.0375,7529.924999999999,,,
1783651200,7581.5,7582.5,7581.25,7581.25,,,,,,,,,7591.575,7562.4625,7559.0375,7529.924999999999,,,
1783651500,7581.75,7583.75,7581,7583.5,,,,,,,,,7591.575,7562.4625,7559.0375,7529.924999999999,,,
1783651800,7583.25,7586.25,7583.25,7584.5,,,,,,,,,7591.575,7562.4625,7559.0375,7529.924999999999,,,
1783652100,7584.75,7586.5,7584.5,7586.25,,,,,,,,,7591.575,7562.4625,7559.0375,7529.924999999999,,,
1783652400,7586.25,7587.5,7585.5,7587,,,,,,,,,7591.575,7562.4625,7559.0375,7529.924999999999,,,
1783652700,7587.25,7588.5,7586.75,7587.75,7588.5,,,,,,,,7591.575,7562.4625,7559.0375,7529.924999999999,,,
1783653000,7588,7588.25,7586,7586.75,,,,,,,,,7591.575,7562.4625,7559.0375,7529.924999999999,,,
1783653300,7586.75,7587,7585.5,7586,,,,,,,,,7591.575,7562.4625,7559.0375,7529.924999999999,,,
1783653600,7586,7586.25,7583.75,7583.75,,,,,,,,,7591.575,7562.4625,7559.0375,7529.924999999999,,,
1783653900,7584,7584.75,7583.25,7583.5,,,,,,,,,7591.575,7562.4625,7559.0375,7529.924999999999,,,
1783654200,7583.5,7584,7582.5,7583.5,,,,,,,,,7591.575,7562.4625,7559.0375,7529.924999999999,,,
1783654500,7583.25,7583.5,7582,7582.75,,,,,,,,,7591.575,7562.4625,7559.0375,7529.924999999999,,,
1783654800,7582.75,7583.5,7582.5,7583,,,,,,,,,7591.575,7562.4625,7559.0375,7529.924999999999,,,
1783655100,7582.75,7583,7582,7582.75,,,,,,,,,7591.575,7562.4625,7559.0375,7529.924999999999,,,
1783655400,7582.75,7583,7581.5,7582.5,,,,7581.5,,,,,7591.575,7562.4625,7559.0375,7529.924999999999,,,
1783655700,7582.5,7584,7582,7583.5,,,,,,,,,7591.575,7562.4625,7559.0375,7529.924999999999,,,
1783915200,7583.25,7583.5,7580.25,7580.75,,,,,,,,,7624.925,7592.4125,7588.5875,7556.075,,,
1783915500,7580.75,7581.25,7579.25,7580,,,,,,,,,7624.925,7592.4125,7588.5875,7556.075,,,
1783915800,7580,7581.25,7578.75,7580.5,,,,,,,,,7624.925,7592.4125,7588.5875,7556.075,,,
1783916100,7580.5,7582.75,7579.25,7582.75,,,,,,,,,7624.925,7592.4125,7588.5875,7556.075,,,
1783916400,7582.5,7583.25,7581.25,7581.5,,,,,,,,,7624.925,7592.4125,7588.5875,7556.075,,,
1783916700,7581.5,7581.75,7579.5,7580.75,,,,,,,,,7624.925,7592.4125,7588.5875,7556.075,,,
1783917000,7580.75,7581.5,7579.5,7579.5,,,,,,,,,7624.925,7592.4125,7588.5875,7556.075,,,
1783917300,7579.75,7579.75,7577.5,7578.25,,,,,,,,,7624.925,7592.4125,7588.5875,7556.075,,,
1783917600,7578.5,7578.5,7575.75,7577,,,,,,,,,7624.925,7592.4125,7588.5875,7556.075,,,
1783917900,7576.75,7577.25,7576,7576.5,,,,,,,,,7624.925,7592.4125,7588.5875,7556.075,,,
1783918200,7576.5,7577,7575.5,7576.75,,,,,,,,,7624.925,7592.4125,7588.5875,7556.075,,,
1783918500,7576.5,7578.5,7576.5,7577.25,,,,,,,,,7624.925,7592.4125,7588.5875,7556.075,,,
1783918800,7577.5,7578,7575.25,7576.25,,,,,,,,,7624.925,7592.4125,7588.5875,7556.075,,,
1783919100,7576,7582,7575,7581,,,,,,,,,7624.925,7592.4125,7588.5875,7556.075,,,
1783919400,7581.25,7584.25,7580.5,7583.5,,,,,,,,,7624.925,7592.4125,7588.5875,7556.075,,,
1783919700,7583.75,7583.75,7579,7579.5,,,,,,,,,7624.925,7592.4125,7588.5875,7556.075,,,
1783920000,7579.75,7580,7572.5,7572.5,,,,,,,,,7624.925,7592.4125,7588.5875,7556.075,,,
1783920300,7572.75,7573.75,7570.75,7571.25,,,,,,,,,7624.925,7592.4125,7588.5875,7556.075,,,
1783920600,7571.5,7575.5,7566.25,7575.5,,,7566.25,,,,,,7624.925,7592.4125,7588.5875,7556.075,,,
1783920900,7575.5,7577.75,7574.75,7577.5,,,,,,,,,7624.925,7592.4125,7588.5875,7556.075,,,
1783921200,7577.25,7579,7574.5,7575.5,,,,,,,,,7624.925,7592.4125,7588.5875,7556.075,,,
1783921500,7575.5,7575.75,7571.25,7573.75,,,,,,,,,7624.925,7592.4125,7588.5875,7556.075,,,
1783921800,7574,7578,7573.75,7574.75,,,,,,,,,7624.925,7592.4125,7588.5875,7556.075,,,
1783922100,7574.5,7578.5,7573.75,7578.25,,,,,,,,,7624.925,7592.4125,7588.5875,7556.075,,,
1783922400,7578.25,7580.75,7577.5,7580,,,,,,,,,7624.925,7592.4125,7588.5875,7556.075,,,
1783922700,7580,7581,7577,7577.25,,,,,,,,,7624.925,7592.4125,7588.5875,7556.075,,,
1783923000,7577,7577.75,7574,7574.75,,,,,,,,,7624.925,7592.4125,7588.5875,7556.075,,,
1783923300,7575.25,7579,7574.75,7578.75,,,,,,,,,7624.925,7592.4125,7588.5875,7556.075,,,
1783923600,7578.5,7582.25,7578.25,7581,,,,,,,,,7624.925,7592.4125,7588.5875,7556.075,,,
1783923900,7581.25,7583.5,7581,7583.5,,,,,,,,,7624.925,7592.4125,7588.5875,7556.075,,,
1783924200,7583.5,7584.75,7580.5,7580.5,,,,,,,,,7624.925,7592.4125,7588.5875,7556.075,,,
1783924500,7580.5,7581.25,7578.5,7579.5,,,,,,,,,7624.925,7592.4125,7588.5875,7556.075,,,
1783924800,7579.25,7583,7579.25,7582.75,,,,,,,,,7624.925,7592.4125,7588.5875,7556.075,,,
1783925100,7582.5,7584.75,7581,7584,,,,,,,,,7624.925,7592.4125,7588.5875,7556.075,,,
1783925400,7584,7584.75,7581.5,7582.5,,,,,,,,,7624.925,7592.4125,7588.5875,7556.075,,,
1783925700,7582.75,7584.5,7581.5,7584,,,,,,,,,7624.925,7592.4125,7588.5875,7556.075,,,
1783926000,7584.25,7588.25,7581.5,7587,,,,,,,,,7624.925,7592.4125,7588.5875,7556.075,,,
1783926300,7587,7589,7586,7588.5,,,,,,,,,7624.925,7592.4125,7588.5875,7556.075,,,
1783926600,7588.5,7591.25,7588.25,7590.5,,,,,,,,,7624.925,7592.4125,7588.5875,7556.075,,,
1783926900,7590.5,7591.25,7585.5,7585.75,7591.25,,,,,,,,7624.925,7592.4125,7588.5875,7556.075,,,
1783927200,7586,7589.5,7585.5,7589,,,,,,,,,7624.925,7592.4125,7588.5875,7556.075,,,
1783927500,7589,7589,7586,7586.5,,,,,,,,,7624.925,7592.4125,7588.5875,7556.075,,,
1783927800,7586.5,7586.5,7582,7583.75,,,,7582,,,,,7624.925,7592.4125,7588.5875,7556.075,,,
1783928100,7584,7587.75,7583.5,7587,,,,,,,,,7624.925,7592.4125,7588.5875,7556.075,,,
1783928400,7587.25,7589,7586.25,7587,,,,,,,,,7624.925,7592.4125,7588.5875,7556.075,,,
1783928700,7587.25,7587.5,7585,7585.75,,,,,,,,,7624.925,7592.4125,7588.5875,7556.075,,,
1783929000,7585.5,7588.25,7584.25,7588.25,,,,,,,,,7624.925,7592.4125,7588.5875,7556.075,,,
1783929300,7588.25,7589.25,7586.25,7587.75,,,,,,,,,7624.925,7592.4125,7588.5875,7556.075,,,
1783929600,7588,7591.25,7586.75,7590.5,,,,,,,,,7624.925,7592.4125,7588.5875,7556.075,,,
1783929900,7590,7594.25,7588.5,7593,,,,,,,,,7624.925,7592.4125,7588.5875,7556.075,,,
1783930200,7593,7596.25,7592.25,7596,,,,,,,,,7624.925,7592.4125,7588.5875,7556.075,,,
1783930500,7596,7598.5,7595.75,7596.5,,,,,,,,,7624.925,7592.4125,7588.5875,7556.075,,,
1783930800,7596.5,7598.5,7595.5,7595.75,,,,,,,,,7624.925,7592.4125,7588.5875,7556.075,,,
1783931100,7595.5,7597.5,7595.25,7595.75,,,,,,,,,7624.925,7592.4125,7588.5875,7556.075,,,
1783931400,7595.75,7597.5,7593.75,7594.75,,,,,,,,,7624.925,7592.4125,7588.5875,7556.075,,,
1783931700,7594.5,7595.75,7593,7595,,,,,,,,,7624.925,7592.4125,7588.5875,7556.075,,,
1783932000,7594.75,7596.75,7594.25,7596.5,,,,,,,,,7624.925,7592.4125,7588.5875,7556.075,,,
1783932300,7596.25,7598.75,7595.25,7597.5,,,,,,,,,7624.925,7592.4125,7588.5875,7556.075,,,
1783932600,7597.25,7599.5,7597.25,7598.25,,,,,,,,,7624.925,7592.4125,7588.5875,7556.075,,,
1783932900,7598.25,7599.25,7597,7598.5,,,,,,,,,7624.925,7592.4125,7588.5875,7556.075,,,
1783933200,7598.5,7599,7595.25,7595.75,,,,,,,,,7624.925,7592.4125,7588.5875,7556.075,,,
1783933500,7596,7597,7595,7597,,,,,,,,,7624.925,7592.4125,7588.5875,7556.075,,,
1783933800,7596.75,7597,7594.75,7597,,,,,,,,,7624.925,7592.4125,7588.5875,7556.075,,,
1783934100,7597,7601,7596.75,7599.75,,,,,,,,,7624.925,7592.4125,7588.5875,7556.075,,,
1783934400,7600,7601.75,7599.25,7601,,,,,,,,,7624.925,7592.4125,7588.5875,7556.075,,,
1783934700,7601,7603.5,7601,7602.5,,,,,,,,,7624.925,7592.4125,7588.5875,7556.075,,,
1783935000,7602.75,7603.5,7600.25,7602.5,,,,,,,,,7624.925,7592.4125,7588.5875,7556.075,,,
1783935300,7602,7604,7602,7603,7604,,,,,,,,7624.925,7592.4125,7588.5875,7556.075,,,
1783935600,7602.75,7603.25,7601.75,7602.75,,,,,,,,,7625.625,7599.0625,7595.9375,7569.375,,,
1783935900,7602.75,7602.75,7600.75,7601.5,,,,,,,,,7625.625,7599.0625,7595.9375,7569.375,,,
1783936200,7601.5,7601.75,7600,7601.25,,,,,,,,,7625.625,7599.0625,7595.9375,7569.375,,,
1783936500,7601,7602.25,7600.5,7601.5,,,,,,,,,7625.625,7599.0625,7595.9375,7569.375,,,
1783936800,7601.75,7602.25,7599,7600.5,,,,,,,,,7625.625,7599.0625,7595.9375,7569.375,,,
1783937100,7600.75,7601,7598.25,7599,,,,,,,,,7625.625,7599.0625,7595.9375,7569.375,,,
1783937400,7599.25,7599.25,7598,7599.25,,,,,,,,,7625.625,7599.0625,7595.9375,7569.375,,,
1783937700,7599.25,7601.75,7599,7601.25,,,,,,,,,7625.625,7599.0625,7595.9375,7569.375,,,
1783938000,7601,7601.25,7598.75,7598.75,,,,,,,,,7625.625,7599.0625,7595.9375,7569.375,,,
1783938300,7599,7599,7597.5,7597.75,,,,,,,,,7625.625,7599.0625,7595.9375,7569.375,,,
1783938600,7598,7599,7597.25,7597.5,,,,,,,,,7625.625,7599.0625,7595.9375,7569.375,,,
1783938900,7597.75,7599.5,7597.75,7598.75,,,,,,,,,7625.625,7599.0625,7595.9375,7569.375,,,
1783939200,7599,7599.5,7596.75,7597.5,,,,7596.75,,,,,7625.625,7599.0625,7595.9375,7569.375,,,
1783939500,7597.25,7600,7597,7598.75,,,,,,,,,7625.625,7599.0625,7595.9375,7569.375,,,
1783939800,7598.75,7599.25,7598,7598.5,,,,,,,,,7625.625,7599.0625,7595.9375,7569.375,,,
1783940100,7598.5,7598.5,7597,7598,,,,,,,,,7625.625,7599.0625,7595.9375,7569.375,,,
1783940400,7598,7602,7598,7600.5,,,,,,,,,7625.625,7599.0625,7595.9375,7569.375,,,
1783940700,7600.5,7604.75,7599.75,7600.25,7604.75,,,,,,,,7625.625,7599.0625,7595.9375,7569.375,,,
1783941000,7600.25,7600.5,7596.25,7597.75,,,,,,,,,7625.625,7599.0625,7595.9375,7569.375,,,
1783941300,7597.5,7599.75,7596.25,7596.25,,,,,,,,,7625.625,7599.0625,7595.9375,7569.375,,,
1783941600,7596.25,7598.5,7595,7598,,,,,,,,,7625.625,7599.0625,7595.9375,7569.375,,,
1783941900,7597.75,7600.5,7597.5,7599.5,,,,,,,,,7625.625,7599.0625,7595.9375,7569.375,,,
1783942200,7599.5,7601.5,7597.25,7601.25,,,,,,,,,7625.625,7599.0625,7595.9375,7569.375,,,
1783942500,7601.25,7602,7599,7599.75,,,,,,,,,7625.625,7599.0625,7595.9375,7569.375,,,
1783942800,7599.5,7600.25,7597.75,7597.75,,,,,,,,,7625.625,7599.0625,7595.9375,7569.375,,,
1783943100,7598,7598.25,7594.5,7596.5,,,,,,,,,7625.625,7599.0625,7595.9375,7569.375,,,
1783943400,7596.25,7596.75,7594,7594,,,,,,,,,7625.625,7599.0625,7595.9375,7569.375,,,
1783943700,7594,7595,7592,7594,,,,,,,,,7625.625,7599.0625,7595.9375,7569.375,,,
1783944000,7594.25,7595.5,7591.75,7593.25,,,,,,,,,7625.625,7599.0625,7595.9375,7569.375,,,
1783944300,7593,7594.5,7591.75,7594.25,,,,,,,,,7625.625,7599.0625,7595.9375,7569.375,,,
1783944600,7594.25,7598.25,7587.25,7592.25,,,,,,,,,7625.625,7599.0625,7595.9375,7569.375,,,
1783944900,7592.5,7593.25,7590.25,7593,,,,,,,,,7625.625,7599.0625,7595.9375,7569.375,,,
1783945200,7592.5,7592.5,7590,7591,,,,,,,,,7625.625,7599.0625,7595.9375,7569.375,,,
1783945500,7590.75,7591.5,7589,7589.5,,,,,,,,,7625.625,7599.0625,7595.9375,7569.375,,,
1783945800,7589.5,7589.75,7585.75,7588.5,,,,,,,,,7625.625,7599.0625,7595.9375,7569.375,,,
1783946100,7588.5,7589,7585.75,7588.75,,,7585.75,,,,,,7625.625,7599.0625,7595.9375,7569.375,,,
1783946400,7588.75,7591.5,7587.75,7591,,,,,,,,,7625.625,7599.0625,7595.9375,7569.375,,,
1783946700,7591,7595,7590.5,7594.75,,,,,,,,,7625.625,7599.0625,7595.9375,7569.375,,,
1783947000,7594.5,7595.75,7593,7594.75,,,,,,,,,7625.625,7599.0625,7595.9375,7569.375,,,
1783947300,7594.5,7597.25,7594.25,7597,,,,,,,,,7625.625,7599.0625,7595.9375,7569.375,,,
1783947600,7597,7599.75,7596.25,7598.5,,7599.75,,,,,,,7625.625,7599.0625,7595.9375,7569.375,,,
1783947900,7598.25,7599.25,7596.25,7596.5,,,,,,,,,7625.625,7599.0625,7595.9375,7569.375,,,
1783948200,7596.75,7597,7595.25,7596.25,,,,,,,,,7625.625,7599.0625,7595.9375,7569.375,,,
1783948500,7596.25,7596.5,7594.5,7594.75,,,,,,,,,7625.625,7599.0625,7595.9375,7569.375,,,
1783948800,7594.5,7595.5,7593.75,7594.5,,,,,,,,,7625.625,7599.0625,7595.9375,7569.375,,,
1783949100,7594.5,7596.75,7593,7595.5,,,,,,,,,7625.625,7599.0625,7595.9375,7569.375,,,
1783949400,7595.5,7609.75,7594.5,7604.75,,,,,,,,,7625.625,7599.0625,7595.9375,7569.375,,,
1783949700,7604.75,7608.75,7601,7603,,,,,,,,,7625.625,7599.0625,7595.9375,7569.375,,,
1783950000,7603,7603,7596.5,7601,,,,,,,,,7625.625,7599.0625,7595.9375,7569.375,,,
1783950300,7601.25,7602.25,7593.5,7599.5,,,,,,,,,7625.625,7599.0625,7595.9375,7569.375,,,
1783950600,7599.75,7600.5,7590.25,7597,,,,,,,,,7625.625,7599.0625,7595.9375,7569.375,,,
1783950900,7597,7608.75,7595,7607.25,,,,,,,,,7625.625,7599.0625,7595.9375,7569.375,,,
1783951200,7607.25,7610.5,7597.25,7598.5,,,,,,,,,7625.625,7599.0625,7595.9375,7569.375,,,
1783951500,7598.75,7600.75,7593.5,7599.25,,,,,,,,,7625.625,7599.0625,7595.9375,7569.375,,,
1783951800,7599.25,7604.5,7597.25,7603.5,,,,,,,,,7625.625,7599.0625,7595.9375,7569.375,,,
1783952100,7603.75,7604.75,7573,7589.75,,,,,,,,,7625.625,7599.0625,7595.9375,7569.375,,,
1783952400,7590,7600,7585,7598.75,,,,,,,,,7625.625,7599.0625,7595.9375,7569.375,,,
1783952700,7598.5,7602.75,7596,7601.75,,,,,,,,,7625.625,7599.0625,7595.9375,7569.375,,,
1783953000,7601.75,7604,7596.5,7597.5,,,,,,,,,7625.625,7599.0625,7595.9375,7569.375,,,
1783953300,7597.5,7598.25,7590.75,7593,,,,,,,,,7625.625,7599.0625,7595.9375,7569.375,,,
1783953600,7593,7593,7583.25,7585.5,,,,,,,,,7625.625,7599.0625,7595.9375,7569.375,,,
1783953900,7586,7595.5,7580.5,7595,,,7580.5,,,,,,7625.625,7599.0625,7595.9375,7569.375,,,
1783954200,7594.75,7595.75,7586,7588,,,,,,,,,7625.625,7599.0625,7595.9375,7569.375,,,
1783954500,7588,7599,7586.25,7598.5,,,,,,,,,7625.625,7599.0625,7595.9375,7569.375,,,
1783954800,7598.5,7601.5,7593.75,7594,7601.5,,,,,,,,7625.625,7599.0625,7595.9375,7569.375,,,
1783955100,7594.25,7597.5,7592.5,7593.5,,,,,,,,,7625.625,7599.0625,7595.9375,7569.375,,,
1783955400,7593.75,7596.75,7590.25,7592.25,,,,,,,,,7625.625,7599.0625,7595.9375,7569.375,,,
1783955700,7592,7594.25,7589.75,7593.5,,,,,,,,,7625.625,7599.0625,7595.9375,7569.375,,,
1783956000,7593.25,7597,7591.75,7595.5,,,,,,,,,7625.625,7599.0625,7595.9375,7569.375,,,
1783956300,7595.25,7596,7590.5,7594.75,,,,,,,,,7625.625,7599.0625,7595.9375,7569.375,,,
1783956600,7595,7596.5,7590.75,7592.25,,,,,,,,,7625.625,7599.0625,7595.9375,7569.375,,,
1783956900,7592.5,7594,7589.25,7592,,,,,,,,,7625.625,7599.0625,7595.9375,7569.375,,,
1783957200,7592.25,7592.5,7587.75,7588,,,,,,,,,7625.625,7599.0625,7595.9375,7569.375,,,
1783957500,7588,7588.75,7585.75,7588.25,,,,,,,,,7625.625,7599.0625,7595.9375,7569.375,,,
1783957800,7588,7588.75,7582.25,7586.5,,,,,,,,,7625.625,7599.0625,7595.9375,7569.375,,,
1783958100,7586.75,7586.75,7581.75,7583.25,,,,,,,,,7625.625,7599.0625,7595.9375,7569.375,,,
1783958400,7583.25,7585.75,7580.5,7582.5,,,,,,,,,7625.625,7599.0625,7595.9375,7569.375,,,
1783958700,7582.5,7586,7581.5,7585.75,,,,,,,,,7625.625,7599.0625,7595.9375,7569.375,,,
1783959000,7586,7589.25,7583.25,7585.5,,,,,,,,,7625.625,7599.0625,7595.9375,7569.375,,,
1783959300,7585.25,7585.5,7577.75,7579.5,,,,,,,,,7625.625,7599.0625,7595.9375,7569.375,,,
1783959600,7579.75,7580.25,7577,7577.5,,,,,,,,,7625.625,7599.0625,7595.9375,7569.375,,,
1783959900,7577.5,7578,7570.25,7573.75,,,,,,,,,7625.625,7599.0625,7595.9375,7569.375,,,
1783960200,7574,7574,7566.75,7567,,,,,,,,,7625.625,7599.0625,7595.9375,7569.375,,,
1783960500,7567.25,7573.75,7560,7571,,,7560,,,,,,7625.3125,7596.09375,7592.65625,7563.4375,,,
1783960800,7571,7576.25,7566.75,7575,,,,,,,,,7625.3125,7596.09375,7592.65625,7563.4375,,,
1783961100,7575,7578,7570.75,7571.25,,,,,,,,,7625.3125,7596.09375,7592.65625,7563.4375,,,
1783961400,7571.25,7571.75,7563.5,7565.5,,,,,,,,,7625.3125,7596.09375,7592.65625,7563.4375,,,
1783961700,7565.75,7572.75,7564,7570,,,,,,,,,7625.3125,7596.09375,7592.65625,7563.4375,,,
1783962000,7570.25,7574.5,7568.75,7569.75,,,,,,,,,7625.3125,7596.09375,7592.65625,7563.4375,,,
1783962300,7569.75,7576.5,7569.25,7575.75,,,,,,,,,7625.3125,7596.09375,7592.65625,7563.4375,,,
1783962600,7575.5,7578,7570.75,7572,,7578,,,,,,,7625.3125,7596.09375,7592.65625,7563.4375,,,
1783962900,7572,7574.5,7568.25,7573.25,,,,,,,,,7625.3125,7596.09375,7592.65625,7563.4375,,,
1783963200,7573,7575,7568.25,7568.75,,,,,,,,,7625.3125,7596.09375,7592.65625,7563.4375,,,
1783963500,7568.75,7571.25,7566.75,7569.75,,,,,,,,,7625.3125,7596.09375,7592.65625,7563.4375,,,
1783963800,7569.75,7572.75,7568,7570.75,,,,,,,,,7625.3125,7596.09375,7592.65625,7563.4375,,,
1783964100,7571,7571,7565.75,7568.5,,,,,,,,,7625.3125,7596.09375,7592.65625,7563.4375,,,
1783964400,7568.25,7573,7566.25,7571.5,,,,,,,,,7625.3125,7596.09375,7592.65625,7563.4375,,,
1783964700,7571.5,7574.25,7567.5,7568,,,,,,,,,7625.3125,7596.09375,7592.65625,7563.4375,,,
1783965000,7568,7569,7563.5,7566.25,,,,,,,,,7625.3125,7596.09375,7592.65625,7563.4375,,,
1783965300,7566,7567,7563,7563.75,,,,,,,,,7625.3125,7596.09375,7592.65625,7563.4375,,,
1783965600,7563.75,7570.5,7563,7568,,,,,,,,,7625.3125,7596.09375,7592.65625,7563.4375,,,
1783965900,7568,7573.5,7567.25,7567.75,,,,,,,,,7625.3125,7596.09375,7592.65625,7563.4375,,,
1783966200,7568,7569.75,7562.75,7569,,,,,,,,,7607.974999999999,7586.512500000001,7583.987499999999,7562.525,,,
1783966500,7568.75,7569.75,7561.75,7563.5,,,,,,,,,7607.974999999999,7586.512500000001,7583.987499999999,7562.525,,,
1783966800,7563.5,7566.75,7561.75,7566.25,,,,,,,,,7607.974999999999,7586.512500000001,7583.987499999999,7562.525,,,
1783967100,7566,7567,7563,7563.75,,,,,,,,,7607.974999999999,7586.512500000001,7583.987499999999,7562.525,,,
1783967400,7563.75,7566.75,7561,7563.5,,,,7561,,,,,7607.974999999999,7586.512500000001,7583.987499999999,7562.525,,,
1783967700,7563.5,7569,7563.25,7568,,,,,,,,,7607.974999999999,7586.512500000001,7583.987499999999,7562.525,,,
1783968000,7568.25,7572.25,7567,7570,,,,,,,,,7607.974999999999,7586.512500000001,7583.987499999999,7562.525,,,
1783968300,7570.25,7570.75,7566.75,7569.25,,,,,,,,,7607.974999999999,7586.512500000001,7583.987499999999,7562.525,,,
1783968600,7569,7572.25,7566.75,7569.5,,7572.25,,,,,,,7607.974999999999,7586.512500000001,7583.987499999999,7562.525,,,
1783968900,7569.5,7570.75,7566,7567.25,,,,,,,,,7607.974999999999,7586.512500000001,7583.987499999999,7562.525,,,
1783969200,7567.25,7570.5,7563.25,7570.25,,,,,,,,,7607.974999999999,7586.512500000001,7583.987499999999,7562.525,,,
1783969500,7570.25,7571.25,7566.25,7566.5,,,,,,,,,7607.974999999999,7586.512500000001,7583.987499999999,7562.525,,,
1783969800,7566.5,7566.75,7562.25,7564.25,,,,,,,,,7607.974999999999,7586.512500000001,7583.987499999999,7562.525,,,
1783970100,7564.25,7565.75,7562.25,7563.75,,,,,,,,,7607.974999999999,7586.512500000001,7583.987499999999,7562.525,,,
1783970400,7564,7564.25,7557.75,7560.5,,,,,,,,,7607.862499999999,7585.44375,7582.80625,7560.387499999999,,,
1783970700,7560.5,7560.75,7553.25,7554.75,,,,,,,,,7607.6375,7583.30625,7580.44375,7556.112499999999,,,
1783971000,7555,7560.25,7554,7558,,,,,,,,,7607.6375,7583.30625,7580.44375,7556.112499999999,,,
1783971300,7557.75,7557.75,7551.5,7554,,,7551.5,,,,,,7607.549999999999,7582.475,7579.525,7554.449999999999,,,
1783971600,7554,7561.5,7553,7561.25,,,,,,,,,7607.549999999999,7582.475,7579.525,7554.449999999999,,,
1783971900,7561.25,7562.25,7557.5,7560.75,,,,,,,,,7607.549999999999,7582.475,7579.525,7554.449999999999,,,
1783972200,7560.75,7566.25,7559.75,7562.5,,,,,,,,,7607.549999999999,7582.475,7579.525,7554.449999999999,,,
1783972500,7562.5,7568.25,7561.25,7563,,7568.25,,,,,,,7607.549999999999,7582.475,7579.525,7554.449999999999,,,
1783972800,7563,7563.5,7558.75,7561.5,,,,,,,,,7607.549999999999,7582.475,7579.525,7554.449999999999,,,
1783973100,7561.25,7563.25,7559.75,7561,,,,,,,,,7607.549999999999,7582.475,7579.525,7554.449999999999,,,
1783973400,7561,7561.5,7557.5,7559.5,,,,,,,,,7607.549999999999,7582.475,7579.525,7554.449999999999,,,
1783973700,7559.75,7559.75,7547,7553.25,,,,,,,,,7607.325,7580.3375,7577.1625,7550.174999999999,,,
1783974000,7553.25,7555.75,7553,7554.75,,,,,,,,,7607.325,7580.3375,7577.1625,7550.174999999999,,,
1783974300,7555,7556.75,7554.5,7555.75,,,,,,,,,7607.325,7580.3375,7577.1625,7550.174999999999,,,
1783974600,7555.75,7555.75,7552.75,7554.5,,,,,,,,,7607.325,7580.3375,7577.1625,7550.174999999999,,,
1783974900,7554.75,7554.75,7553.75,7554.5,,,,,,,,,7607.325,7580.3375,7577.1625,7550.174999999999,,,
1783975200,7554.5,7555.25,7553,7554.25,,,,,,,,,7607.325,7580.3375,7577.1625,7550.174999999999,,,
1783975500,7554,7554.5,7552.75,7553.5,,,,,,,,,7607.325,7580.3375,7577.1625,7550.174999999999,,,
1783975800,7553.75,7554.5,7552,7554.25,,,,7552,,,,,7607.325,7580.3375,7577.1625,7550.174999999999,,,
1783976100,7554.25,7555.25,7553,7553.75,,,,,,,,,7607.325,7580.3375,7577.1625,7550.174999999999,,,
1783980000,7558.25,7563.5,7554.5,7558.5,,7563.5,,,,,,,7607.325,7580.3375,7577.1625,7550.174999999999,,,
1783980300,7558.25,7562,7558,7559,,,,,,,,,7607.325,7580.3375,7577.1625,7550.174999999999,,,
1783980600,7559.5,7559.75,7557,7557.5,,,,,,,,,7607.325,7580.3375,7577.1625,7550.174999999999,,,
1783980900,7557.5,7559.25,7557.25,7558.25,,,,,,,,,7607.325,7580.3375,7577.1625,7550.174999999999,,,
1783981200,7558.25,7560.25,7555.75,7556.25,,,,,,,,,7607.325,7580.3375,7577.1625,7550.174999999999,,,
1783981500,7556.5,7557.5,7555,7555.5,,,,,,,,,7607.325,7580.3375,7577.1625,7550.174999999999,,,
1783981800,7555.25,7556.25,7554.5,7555.25,,,,,,,,,7607.325,7580.3375,7577.1625,7550.174999999999,,,
1783982100,7555.5,7556.25,7554.75,7555.75,,,,,,,,,7607.325,7580.3375,7577.1625,7550.174999999999,,,
1783982400,7555.75,7557.5,7555.75,7557,,,,,,,,,7607.325,7580.3375,7577.1625,7550.174999999999,,,
1783982700,7557,7559.25,7556.25,7557.25,,,,,,,,,7607.325,7580.3375,7577.1625,7550.174999999999,,,
1783983000,7557.25,7557.75,7552.75,7553,,,,,,,,,7607.325,7580.3375,7577.1625,7550.174999999999,,,
1783983300,7553,7553.25,7550.75,7551.75,,,,,,,,,7607.325,7580.3375,7577.1625,7550.174999999999,,,
1783983600,7552,7552.25,7547.5,7547.75,,,,,,,,,7607.325,7580.3375,7577.1625,7550.174999999999,,,
1783983900,7548,7549.5,7547.25,7548.5,,,,,,,,,7607.325,7580.3375,7577.1625,7550.174999999999,,,
1783984200,7548.75,7549.5,7546.25,7547.5,,,,,,,,,7607.287499999999,7579.981250000001,7576.768749999999,7549.4625,,,
1783984500,7547.75,7548.75,7547,7548,,,,,,,,,7607.287499999999,7579.981250000001,7576.768749999999,7549.4625,,,
1783984800,7548.5,7550.5,7547.75,7550,,,,,,,,,7607.287499999999,7579.981250000001,7576.768749999999,7549.4625,,,
1783985100,7549.75,7551.25,7546.75,7547.5,,,,,,,,,7607.287499999999,7579.981250000001,7576.768749999999,7549.4625,,,
1783985400,7547.25,7547.5,7545,7545.75,,,,,,,,,7607.224999999999,7579.387500000001,7576.112499999999,7548.275,,,
1783985700,7545.75,7548.5,7545,7545.5,,,,,,,,,7607.224999999999,7579.387500000001,7576.112499999999,7548.275,,,
1783986000,7545.25,7546.25,7541.75,7542.75,,,,,,,,,7607.062499999999,7577.84375,7574.40625,7545.187499999999,,,
1783986300,7542.5,7545.5,7541.5,7543,,,,,,,,,7607.049999999999,7577.725,7574.275,7544.949999999999,,,
1783986600,7543,7549.75,7542.25,7548.25,,,,,,,,,7607.049999999999,7577.725,7574.275,7544.949999999999,,,
1783986900,7548.25,7553.75,7546,7553.25,,,,,,,,,7607.049999999999,7577.725,7574.275,7544.949999999999,,,
1783987200,7553.5,7557,7543,7544.75,,,,,,,,,7607.049999999999,7577.725,7574.275,7544.949999999999,,,
1783987500,7544.75,7547.25,7539.5,7544.25,,,7539.5,,,,,,7606.95,7576.775,7573.225,7543.049999999999,,,
1783987800,7544.25,7556.5,7544.25,7555.75,,,,,,,,,7606.95,7576.775,7573.225,7543.049999999999,,,
1783988100,7555.75,7557.5,7543.75,7543.75,,7557.5,,,,,,,7606.95,7576.775,7573.225,7543.049999999999,,,
1783988400,7544,7549.5,7540,7549.25,,,,7540,,,,,7606.95,7576.775,7573.225,7543.049999999999,,,
1783988700,7549.25,7549.25,7541.5,7545.75,,,,,,,,,7606.95,7576.775,7573.225,7543.049999999999,,,
1783989000,7545.75,7553,7544,7550.25,,,,,,,,,7606.95,7576.775,7573.225,7543.049999999999,,,
1783989300,7550.5,7554.5,7548.25,7549.75,,,,,,,,,7606.95,7576.775,7573.225,7543.049999999999,,,
1783989600,7550,7553.25,7541.5,7544.25,,,,,,,,,7606.95,7576.775,7573.225,7543.049999999999,,,
1783989900,7544.25,7551.75,7544,7550.25,,,,,,,,,7606.95,7576.775,7573.225,7543.049999999999,,,
1783990200,7550,7557.75,7550,7557.25,,,,,,,,,7606.95,7576.775,7573.225,7543.049999999999,,,
1783990500,7557.25,7560.5,7557,7558.5,,,,,,,,,7606.95,7576.775,7573.225,7543.049999999999,,,
1783990800,7558.75,7560.25,7556.5,7558.5,,,,,,,,,7606.95,7576.775,7573.225,7543.049999999999,,,
1783991100,7558.5,7560.5,7556,7558.5,7560.5,,,,,,,,7606.95,7576.775,7573.225,7543.049999999999,,,
1783991400,7558.5,7558.75,7554.25,7555,,,,,,,,,7606.95,7576.775,7573.225,7543.049999999999,,,
1783991700,7554.75,7559.75,7553.75,7558.75,,,,,,,,,7606.95,7576.775,7573.225,7543.049999999999,,,
1783992000,7558.5,7560,7554.5,7556,,,,,,,,,7606.95,7576.775,7573.225,7543.049999999999,,,
1783992300,7555.75,7559,7555,7556,,,,,,,,,7606.95,7576.775,7573.225,7543.049999999999,,,
1783992600,7556.25,7557.25,7551.75,7553.75,,,,,,,,,7606.95,7576.775,7573.225,7543.049999999999,,,
1783992900,7553.5,7554,7548.75,7551,,,,,,,,,7606.95,7576.775,7573.225,7543.049999999999,,,
1783993200,7551,7553,7547,7551.5,,,,,,,,,7606.95,7576.775,7573.225,7543.049999999999,,,
1783993500,7551.5,7556,7551.25,7555,,,,,,,,,7606.95,7576.775,7573.225,7543.049999999999,,,
1783993800,7555.25,7555.5,7550.25,7550.75,,,,,,,,,7606.95,7576.775,7573.225,7543.049999999999,,,
1783994100,7550.75,7551,7546,7548.25,,,,,,,,,7606.95,7576.775,7573.225,7543.049999999999,,,
1783994400,7548.25,7552.5,7546,7551.5,,,,,,,,,7606.95,7576.775,7573.225,7543.049999999999,,,
1783994700,7551.25,7554.75,7551.25,7552,,,,,,,,,7606.95,7576.775,7573.225,7543.049999999999,,,
1783995000,7552,7552.5,7546,7546.25,,,,,,,,,7606.95,7576.775,7573.225,7543.049999999999,,,
1783995300,7546.25,7548,7544,7544,,,,,,,,,7606.95,7576.775,7573.225,7543.049999999999,,,
1783995600,7544.25,7545.25,7538.5,7540.5,,,7538.5,,,,,,7606.9,7576.3,7572.7,7542.099999999999,,,
1783995900,7540.5,7543.5,7539.25,7543.25,,,,,,,,,7606.9,7576.3,7572.7,7542.099999999999,,,
1783996200,7543.25,7544,7539.5,7539.75,,,,,,,,,7606.9,7576.3,7572.7,7542.099999999999,,,
1783996500,7540,7547,7539.25,7547,,,,,,,,,7606.9,7576.3,7572.7,7542.099999999999,,,
1783996800,7546.75,7549.75,7546.25,7548.25,,7549.75,,,,,,,7606.9,7576.3,7572.7,7542.099999999999,,,
1783997100,7548.25,7549.25,7546.25,7548.5,,,,,,,,,7606.9,7576.3,7572.7,7542.099999999999,,,
1783997400,7548.25,7548.5,7540.25,7540.5,,,,,,,,,7606.9,7576.3,7572.7,7542.099999999999,,,
1783997700,7540.5,7541.5,7539.5,7540.75,,,,,,,,,7606.9,7576.3,7572.7,7542.099999999999,,,
1783998000,7540.75,7541,7537,7538.25,,,,,,,,,7606.825,7575.5875,7571.9125,7540.674999999999,,,
1783998300,7537.75,7538.5,7536.75,7537.75,,,,,,,,,7606.812499999999,7575.46875,7571.78125,7540.437499999999,,,
1783998600,7537.5,7537.75,7534.5,7535.5,,,,,,,,,7606.7,7574.4,7570.6,7538.299999999999,,,
1783998900,7535.25,7535.75,7531.75,7533.75,,,7531.75,,,,,,7606.562499999999,7573.09375,7569.15625,7535.687499999999,,,
1783999200,7533.75,7537.5,7532.25,7535.25,,,,,,,,,7606.562499999999,7573.09375,7569.15625,7535.687499999999,,,
1783999500,7535.25,7540.5,7535.25,7540.5,,,,,,,,,7606.562499999999,7573.09375,7569.15625,7535.687499999999,,,
1783999800,7540.25,7544,7536.5,7536.75,,,,,,,,,7606.562499999999,7573.09375,7569.15625,7535.687499999999,,,
1784000100,7537,7539.75,7536,7538.25,,,,,,,,,7606.562499999999,7573.09375,7569.15625,7535.687499999999,,,
1784000400,7538.25,7538.5,7535,7536.25,,,,,,,,,7606.562499999999,7573.09375,7569.15625,7535.687499999999,,,
1784000700,7535.75,7541.75,7535,7539,,,,,,,,,7606.562499999999,7573.09375,7569.15625,7535.687499999999,,,
1784001000,7538.75,7544.5,7538.5,7543.5,,,,,,,,,7606.562499999999,7573.09375,7569.15625,7535.687499999999,,,
1784001300,7543.5,7544.75,7542,7544,,,,,,,,,7606.562499999999,7573.09375,7569.15625,7535.687499999999,,,
1784001600,7544.25,7548,7543,7545.5,,,,,,,,,7606.562499999999,7573.09375,7569.15625,7535.687499999999,,,
1784001900,7545.75,7547,7540.75,7541.5,,,,,,,,,7606.562499999999,7573.09375,7569.15625,7535.687499999999,,,
1784002200,7541.25,7542.25,7538.5,7541,,,,,,,,,7606.562499999999,7573.09375,7569.15625,7535.687499999999,,,
1784002500,7541.25,7542.75,7539.25,7542,,,,,,,,,7606.562499999999,7573.09375,7569.15625,7535.687499999999,,,
1784002800,7542.25,7546.5,7542,7546,,,,,,,,,7606.562499999999,7573.09375,7569.15625,7535.687499999999,,,
1784003100,7546,7549.75,7545.25,7548.75,,,,,,,,,7606.562499999999,7573.09375,7569.15625,7535.687499999999,,,
1784003400,7548.5,7552,7547.75,7552,,,,,,,,,7606.562499999999,7573.09375,7569.15625,7535.687499999999,,,
1784003700,7552,7556.75,7551.5,7556,,,,,,,,,7606.562499999999,7573.09375,7569.15625,7535.687499999999,,,
1784004000,7556.25,7557.25,7554,7555.75,,,,,,,,,7606.562499999999,7573.09375,7569.15625,7535.687499999999,,,
1784004300,7556,7559.75,7555.75,7558.75,,,,,,,,,7606.562499999999,7573.09375,7569.15625,7535.687499999999,,,
1784004600,7558.5,7559.5,7556.25,7558.75,,,,,,,,,7606.562499999999,7573.09375,7569.15625,7535.687499999999,,,
1784004900,7558.75,7561.5,7558.25,7560.25,,,,,,,,,7606.562499999999,7573.09375,7569.15625,7535.687499999999,,,
1784005200,7560.5,7561.5,7558,7560.75,,,,,,,,,7606.562499999999,7573.09375,7569.15625,7535.687499999999,,,
1784005500,7560.5,7562.75,7559.75,7561.75,,,,,,,,,7606.562499999999,7573.09375,7569.15625,7535.687499999999,,,
1784005800,7561.75,7563,7561.25,7562.5,,,,,,,,,7606.562499999999,7573.09375,7569.15625,7535.687499999999,,,
1784006100,7562.75,7563.25,7561.5,7562.5,,,,,,,,,7606.562499999999,7573.09375,7569.15625,7535.687499999999,,,
1784006400,7562.75,7568.5,7562.75,7567.25,,,,,,,,,7606.562499999999,7573.09375,7569.15625,7535.687499999999,,,
1784006700,7567.25,7569.75,7566.75,7569.75,,,,,,,,,7606.562499999999,7573.09375,7569.15625,7535.687499999999,,,
1784007000,7570,7573.75,7569.25,7569.25,7573.75,,,,,,,,7606.562499999999,7573.09375,7569.15625,7535.687499999999,,,
1784007300,7569.5,7570.75,7568.5,7569,,,,,,,,,7606.562499999999,7573.09375,7569.15625,7535.687499999999,,,
1784007600,7569.25,7569.75,7567.25,7569,,,,7567.25,,,,,7606.562499999999,7573.09375,7569.15625,7535.687499999999,,,
1784007900,7568.75,7570,7567.5,7569.25,,,,,,,,,7606.562499999999,7573.09375,7569.15625,7535.687499999999,,,
1784008200,7569.5,7569.5,7568,7569.25,,,,,,,,,7606.562499999999,7573.09375,7569.15625,7535.687499999999,,,
1784008500,7569.25,7570.5,7568,7568.25,,,,,,,,,7606.562499999999,7573.09375,7569.15625,7535.687499999999,,,
1784008800,7568,7571.25,7567.75,7569.75,,,,,,,,,7606.562499999999,7573.09375,7569.15625,7535.687499999999,,,
1784009100,7569.75,7572,7569.75,7571.5,,,,,,,,,7606.562499999999,7573.09375,7569.15625,7535.687499999999,,,
1784009400,7571.5,7573.75,7570.75,7573.5,,,,,,,,,7606.562499999999,7573.09375,7569.15625,7535.687499999999,,,
1784009700,7573.5,7574.75,7571.75,7574,,,,,,,,,7606.562499999999,7573.09375,7569.15625,7535.687499999999,,,
1784010000,7574,7575,7569.75,7570.25,7575,,,,,,,,7606.562499999999,7573.09375,7569.15625,7535.687499999999,,,
1784010300,7569.75,7570.25,7566,7567,,,,,,,,,7606.562499999999,7573.09375,7569.15625,7535.687499999999,,,
1784010600,7567.75,7570.5,7566.75,7569,,,,,,,,,7606.562499999999,7573.09375,7569.15625,7535.687499999999,,,
1784010900,7568.75,7569,7566,7566.5,,,,,,,,,7606.562499999999,7573.09375,7569.15625,7535.687499999999,,,
1784011200,7566.25,7566.5,7563,7563.75,,,,,,,,,7606.562499999999,7573.09375,7569.15625,7535.687499999999,,,
1784011500,7563.75,7564,7560.25,7561.5,,,,,,,,,7606.562499999999,7573.09375,7569.15625,7535.687499999999,,,
1784011800,7561.75,7563,7560.25,7560.25,,,,,,,,,7606.562499999999,7573.09375,7569.15625,7535.687499999999,,,
1784012100,7560.5,7561.75,7558.75,7559,,,,,,,,,7606.562499999999,7573.09375,7569.15625,7535.687499999999,,,
1784012400,7559.25,7562.5,7555.75,7562,,,7555.75,,,,,,7606.562499999999,7573.09375,7569.15625,7535.687499999999,,,
1784012700,7561.75,7566,7561.25,7564.75,,7566,,,,,,,7606.562499999999,7573.09375,7569.15625,7535.687499999999,,,
1784013000,7564.75,7565,7561.5,7563.5,,,,,,,,,7606.562499999999,7573.09375,7569.15625,7535.687499999999,,,
1784013300,7563,7563.75,7560,7560.75,,,,,,,,,7606.562499999999,7573.09375,7569.15625,7535.687499999999,,,
1784013600,7560.5,7562,7557.25,7561,,,,,,,,,7606.562499999999,7573.09375,7569.15625,7535.687499999999,,,
1784013900,7560.75,7563.5,7560,7560.25,,,,,,,,,7606.562499999999,7573.09375,7569.15625,7535.687499999999,,,
1784014200,7560.5,7561.5,7556,7560.5,,,,,,,,,7606.562499999999,7573.09375,7569.15625,7535.687499999999,,,
1784014500,7560.5,7561.75,7558.25,7560,,,,,,,,,7606.562499999999,7573.09375,7569.15625,7535.687499999999,,,
1784014800,7559.75,7560,7555,7555.75,,,,,,,,,7606.562499999999,7573.09375,7569.15625,7535.687499999999,,,
1784015100,7555.5,7560,7552.25,7560,,,7552.25,,,,,,7606.562499999999,7573.09375,7569.15625,7535.687499999999,,,
1784015400,7560,7562.5,7558.75,7561,,7562.5,,,,,,,7606.562499999999,7573.09375,7569.15625,7535.687499999999,,,
1784015700,7561,7561.75,7557.5,7558.75,,,,,,,,,7606.562499999999,7573.09375,7569.15625,7535.687499999999,,,
1784016000,7559,7561.25,7554,7558.25,,,,,,,,,7606.562499999999,7573.09375,7569.15625,7535.687499999999,,,
1784016300,7558.5,7558.75,7552.5,7553.25,,,,7552.5,,,,,7606.562499999999,7573.09375,7569.15625,7535.687499999999,,,
1784016600,7554.25,7558,7553.5,7557.5,,,,,,,,,7606.562499999999,7573.09375,7569.15625,7535.687499999999,,,
1784016900,7557.5,7562.25,7557.25,7561.25,,,,,,,,,7606.562499999999,7573.09375,7569.15625,7535.687499999999,,,
1784017200,7561,7561.75,7559,7559.75,,,,,,,,,7606.562499999999,7573.09375,7569.15625,7535.687499999999,,,
1784017500,7560,7564.5,7560,7562.75,7564.5,,,,,,,,7606.562499999999,7573.09375,7569.15625,7535.687499999999,,,
1784017800,7562.5,7564,7560.25,7562.5,,,,,,,,,7606.562499999999,7573.09375,7569.15625,7535.687499999999,,,
1784018100,7562,7562.75,7559.5,7560.5,,,,,,,,,7606.562499999999,7573.09375,7569.15625,7535.687499999999,,,
1784018400,7560.5,7561.25,7558.5,7559.75,,,,,,,,,7606.562499999999,7573.09375,7569.15625,7535.687499999999,,,
1784018700,7559.75,7560,7554.75,7554.75,,,,,,,,,7606.562499999999,7573.09375,7569.15625,7535.687499999999,,,
1784019000,7555,7557.75,7552.75,7557.25,,,,,,,,,7606.562499999999,7573.09375,7569.15625,7535.687499999999,,,
1784019300,7557.5,7558,7554,7554.5,,,,,,,,,7606.562499999999,7573.09375,7569.15625,7535.687499999999,,,
1784019600,7554.5,7558.5,7551.5,7558.25,,,7551.5,,,,,,7606.562499999999,7573.09375,7569.15625,7535.687499999999,,,
1784019900,7558.5,7561,7555.5,7560.5,,,,,,,,,7606.562499999999,7573.09375,7569.15625,7535.687499999999,,,
1784020200,7560.75,7563.75,7558.5,7563,,,,,,,,,7606.562499999999,7573.09375,7569.15625,7535.687499999999,,,
1784020500,7563,7563.75,7557.75,7559.5,,7563.75,,,,,,,7606.562499999999,7573.09375,7569.15625,7535.687499999999,,,
1784020800,7559.75,7560,7557,7558.25,,,,,,,,,7606.562499999999,7573.09375,7569.15625,7535.687499999999,,,
1784021100,7558,7558.5,7554,7554.25,,,,7554,,,,,7606.562499999999,7573.09375,7569.15625,7535.687499999999,,,
1784021400,7554.5,7557.5,7554.5,7556.25,,,,,,,,,7606.562499999999,7573.09375,7569.15625,7535.687499999999,,,
1784021700,7556.5,7557.75,7556,7557.5,,,,,,,,,7606.562499999999,7573.09375,7569.15625,7535.687499999999,,,
1784022000,7557.5,7559,7557,7557.5,,,,,,,,,7606.562499999999,7573.09375,7569.15625,7535.687499999999,,,
1784022300,7557.25,7561.75,7556.75,7561.25,,7561.75,,,,,,,7606.562499999999,7573.09375,7569.15625,7535.687499999999,,,
1784022600,7561,7561.5,7557.75,7558.75,,,,,,,,,7606.562499999999,7573.09375,7569.15625,7535.687499999999,,,
1784022900,7558.75,7558.75,7557,7557.5,,,,,,,,,7606.562499999999,7573.09375,7569.15625,7535.687499999999,,,
1784023200,7557.75,7559.5,7556.5,7559.5,,,,,,,,,7606.562499999999,7573.09375,7569.15625,7535.687499999999,,,
1784023500,7559.5,7560.5,7557.75,7560.25,,,,,,,,,7606.562499999999,7573.09375,7569.15625,7535.687499999999,,,
1784023800,7560.25,7561,7556.5,7558,,,,,,,,,7606.562499999999,7573.09375,7569.15625,7535.687499999999,,,
1784024100,7557.75,7559,7556.25,7558,,,,,,,,,7606.562499999999,7573.09375,7569.15625,7535.687499999999,,,
1784024400,7558,7558.25,7556.75,7558,,,,,,,,,7606.562499999999,7573.09375,7569.15625,7535.687499999999,,,
1784024700,7557.75,7558.5,7555.5,7558.25,,,,,,,,,7606.562499999999,7573.09375,7569.15625,7535.687499999999,,,
1784025000,7558,7561.25,7554,7557,,,,,,,,,7572.8375,7554.456249999999,7552.293750000001,7533.912499999999,,,
1784025300,7556.5,7565.75,7556,7560.5,,,,,,,,,7572.8375,7554.456249999999,7552.293750000001,7533.912499999999,,,
1784025600,7560.75,7560.75,7556,7556.75,,,,,,,,,7572.8375,7554.456249999999,7552.293750000001,7533.912499999999,,,
1784025900,7556.75,7559.5,7556,7558.75,,,,,,,,,7572.8375,7554.456249999999,7552.293750000001,7533.912499999999,,,
1784026200,7558.25,7560,7555.75,7556.25,,,,,,,,,7572.8375,7554.456249999999,7552.293750000001,7533.912499999999,,,
1784026500,7556,7557.25,7553.5,7557,,,,,,,,,7572.8375,7554.456249999999,7552.293750000001,7533.912499999999,,,
1784026800,7557,7558,7546.25,7547.5,,,,,,,,,7572.8375,7554.456249999999,7552.293750000001,7533.912499999999,,,
1784027100,7547.5,7550.25,7544.5,7545.75,,,,,,,,,7572.8375,7554.456249999999,7552.293750000001,7533.912499999999,,,
1784027400,7545.75,7553.75,7543.5,7553,,,7543.5,,,,,,7572.8375,7554.456249999999,7552.293750000001,7533.912499999999,,,
1784027700,7553,7556.5,7552.25,7556.25,,,,,,,,,7572.8375,7554.456249999999,7552.293750000001,7533.912499999999,,,
1784028000,7556.5,7563,7554,7561.75,,,,,,,,,7572.8375,7554.456249999999,7552.293750000001,7533.912499999999,,,
1784028300,7561.75,7564.25,7557.75,7558.5,7564.25,,,,,,,,7572.8375,7554.456249999999,7552.293750000001,7533.912499999999,,,
1784028600,7558.5,7563,7555.75,7556.75,,,,,,,,,7572.8375,7554.456249999999,7552.293750000001,7533.912499999999,,,
1784028900,7556.75,7557.25,7553.25,7555.75,,,,,,,,,7572.8375,7554.456249999999,7552.293750000001,7533.912499999999,,,
1784029200,7555.75,7556.75,7552.75,7554,,,,,,,,,7572.8375,7554.456249999999,7552.293750000001,7533.912499999999,,,
1784029500,7554,7559.75,7553.5,7557.25,,,,,,,,,7572.8375,7554.456249999999,7552.293750000001,7533.912499999999,,,
1784029800,7557,7558.5,7556.25,7556.25,,,,,,,,,7572.8375,7554.456249999999,7552.293750000001,7533.912499999999,,,
1784030100,7556,7557.25,7553.75,7555.5,,,,,,,,,7572.8375,7554.456249999999,7552.293750000001,7533.912499999999,,,
1784030400,7555.5,7556,7548.25,7549,,,,,,,,,7572.8375,7554.456249999999,7552.293750000001,7533.912499999999,,,
1784030700,7549,7549.75,7546.75,7548,,,,,,,,,7572.8375,7554.456249999999,7552.293750000001,7533.912499999999,,,
1784031000,7548,7549,7544.5,7547.5,,,,7544.5,,,,,7572.8375,7554.456249999999,7552.293750000001,7533.912499999999,,,
1784031300,7547.75,7551,7545.25,7549.5,,,,,,,,,7572.8375,7554.456249999999,7552.293750000001,7533.912499999999,,,
1784031600,7549.5,7557.75,7548.25,7557.25,,,,,,,,,7572.8375,7554.456249999999,7552.293750000001,7533.912499999999,,,
1784031900,7557.5,7561.5,7555.75,7561.5,,,,,,,,,7572.8375,7554.456249999999,7552.293750000001,7533.912499999999,,,
1784032200,7559.25,7613.75,7556.5,7596,7613.75,,,,,,,,7609.65,7574.799999999999,7570.700000000001,7535.849999999999,,,
1784032500,7595.25,7596.25,7582,7586.75,,,,,,,,,7609.65,7574.799999999999,7570.700000000001,7535.849999999999,,,
1784032800,7587,7591,7581.75,7587.75,,,,,,,,,7609.65,7574.799999999999,7570.700000000001,7535.849999999999,,,
1784033100,7588.25,7590,7581,7583.25,,,,,,,,,7609.65,7574.799999999999,7570.700000000001,7535.849999999999,,,
1784033400,7583,7583,7576.75,7579.75,,,,,,,,,7609.65,7574.799999999999,7570.700000000001,7535.849999999999,,,
1784033700,7579.5,7581.5,7575.5,7579.5,,,,,,,,,7609.65,7574.799999999999,7570.700000000001,7535.849999999999,,,
1784034000,7579.75,7584,7577.25,7579.5,,,,,,,,,7609.65,7574.799999999999,7570.700000000001,7535.849999999999,,,
1784034300,7579.75,7583.75,7578.75,7579.75,,,,,,,,,7609.65,7574.799999999999,7570.700000000001,7535.849999999999,,,
1784034600,7579.75,7582.25,7577.5,7579.25,,,,,,,,,7609.65,7574.799999999999,7570.700000000001,7535.849999999999,,,
1784034900,7579.25,7580.5,7574.5,7575,,,,,,,,,7609.65,7574.799999999999,7570.700000000001,7535.849999999999,,,
1784035200,7575,7582,7571,7581.25,,,,,,,,,7609.65,7574.799999999999,7570.700000000001,7535.849999999999,,,
1784035500,7581,7585,7578.25,7579.25,,,,,,,,,7609.65,7574.799999999999,7570.700000000001,7535.849999999999,,,
1784035800,7579.25,7581,7565.25,7566.25,,,,,,,,,7609.65,7574.799999999999,7570.700000000001,7535.849999999999,,,
1784036100,7566.25,7583.75,7564.25,7582,,,,7564.25,,,,,7609.65,7574.799999999999,7570.700000000001,7535.849999999999,,,
1784036400,7582,7585.5,7575.5,7583.25,,,,,,,,,7609.65,7574.799999999999,7570.700000000001,7535.849999999999,,,
1784036700,7583,7588.25,7576,7579.75,,7588.25,,,,,,,7609.65,7574.799999999999,7570.700000000001,7535.849999999999,,,
1784037000,7580,7586.5,7576,7581,,,,,,,,,7609.65,7574.799999999999,7570.700000000001,7535.849999999999,,,
1784037300,7581,7586,7577.25,7583.5,,,,,,,,,7609.65,7574.799999999999,7570.700000000001,7535.849999999999,,,
1784037600,7583.75,7585.25,7572.25,7574.75,,,,,,,,,7609.65,7574.799999999999,7570.700000000001,7535.849999999999,,,
1784037900,7574.5,7577.25,7568.75,7572.75,,,,,,,,,7609.65,7574.799999999999,7570.700000000001,7535.849999999999,,,
1784038200,7572.5,7575.5,7567.75,7574.5,,,,,,,,,7609.65,7574.799999999999,7570.700000000001,7535.849999999999,,,
1784038500,7574.5,7574.5,7556.5,7568.75,,,7556.5,,,,,,7609.65,7574.799999999999,7570.700000000001,7535.849999999999,,,
1784038800,7568.75,7579.25,7568,7571.75,,,,,,,,,7609.65,7574.799999999999,7570.700000000001,7535.849999999999,,,
1784039100,7571.75,7583.5,7570,7577.25,,,,,,,,,7609.65,7574.799999999999,7570.700000000001,7535.849999999999,,,
1784039400,7577.5,7604.25,7575,7591,7604.25,,,,,,,,7609.65,7574.799999999999,7570.700000000001,7535.849999999999,,,
1784039700,7590.75,7592,7585.75,7589.75,,,,,,,,,7609.65,7574.799999999999,7570.700000000001,7535.849999999999,,,
1784040000,7590,7593.75,7580,7581.75,,,,,,,,,7609.65,7574.799999999999,7570.700000000001,7535.849999999999,,,
1784040300,7581.5,7585,7578,7579.25,,,,,,,,,7609.65,7574.799999999999,7570.700000000001,7535.849999999999,,,
1784040600,7579.25,7586.75,7575.25,7586.75,,,,7575.25,,,,,7609.65,7574.799999999999,7570.700000000001,7535.849999999999,,,
1784040900,7586.5,7590.25,7585.75,7587.5,,,,,,,,,7609.65,7574.799999999999,7570.700000000001,7535.849999999999,,,
1784041200,7587.75,7600.25,7583,7594,,,,,,,,,7609.65,7574.799999999999,7570.700000000001,7535.849999999999,,,
1784041500,7593.75,7601.75,7592,7598.75,,7601.75,,,,,,,7609.65,7574.799999999999,7570.700000000001,7535.849999999999,,,
1784041800,7598.75,7601,7594.25,7596,,,,,,,,,7609.65,7574.799999999999,7570.700000000001,7535.849999999999,,,
1784042100,7596.25,7597.5,7587.5,7590,,,,,,,,,7609.65,7574.799999999999,7570.700000000001,7535.849999999999,,,
1784042400,7589.75,7596,7586.75,7595.75,,,,,,,,,7610.2375,7580.38125,7576.86875,7547.0125,,,
1784042700,7595.75,7598,7593.5,7597.5,,,,,,,,,7610.2375,7580.38125,7576.86875,7547.0125,,,
1784043000,7597,7599.75,7589,7590.25,,,,,,,,,7610.2375,7580.38125,7576.86875,7547.0125,,,
1784043300,7590.25,7591.25,7585.5,7589,,,,,,,,,7610.2375,7580.38125,7576.86875,7547.0125,,,
1784043600,7589,7589,7577.75,7586,,,,,,,,,7610.2375,7580.38125,7576.86875,7547.0125,,,
1784043900,7586,7590,7585.5,7586.25,,,,,,,,,7610.2375,7580.38125,7576.86875,7547.0125,,,
1784044200,7586.5,7587.5,7579.25,7580.25,,,,,,,,,7610.2375,7580.38125,7576.86875,7547.0125,,,
1784044500,7580.25,7582.25,7576.25,7580,,,,,,,,,7610.2375,7580.38125,7576.86875,7547.0125,,,
1784044800,7580.25,7580.75,7570.25,7573.25,,,,,,,,,7610.2375,7580.38125,7576.86875,7547.0125,,,
1784045100,7573.5,7577,7570,7574.75,,,,,,,,,7610.2375,7580.38125,7576.86875,7547.0125,,,
1784045400,7574.75,7576.5,7570,7575.5,,,,,,,,,7610.2375,7580.38125,7576.86875,7547.0125,,,
1784045700,7575.5,7576.25,7570,7574.5,,,,,,,,,7610.2375,7580.38125,7576.86875,7547.0125,,,
1784046000,7574.25,7576,7570,7573.25,,,7570,,,,,,7610.2375,7580.38125,7576.86875,7547.0125,,,
1784046300,7573.25,7579.5,7572.5,7578.25,,,,,,,,,7610.2375,7580.38125,7576.86875,7547.0125,,,
1784046600,7578,7581.25,7576.25,7581,,,,,,,,,7610.2375,7580.38125,7576.86875,7547.0125,,,
1784046900,7580.75,7583.75,7579.75,7582.75,,,,,,,,,7610.2375,7580.38125,7576.86875,7547.0125,,,
1784047200,7582.75,7587.75,7581.25,7584.75,,,,,,,,,7610.2375,7580.38125,7576.86875,7547.0125,,,
1784047500,7585.25,7588,7580,7584.5,,,,,,,,,7610.2375,7580.38125,7576.86875,7547.0125,,,
1784047800,7584.5,7587.25,7583.25,7585.25,,,,,,,,,7610.2375,7580.38125,7576.86875,7547.0125,,,
1784048100,7585.5,7589.25,7584.75,7589.25,,,,,,,,,7610.2375,7580.38125,7576.86875,7547.0125,,,
1784048400,7589.25,7591.25,7586.75,7587.5,,,,,,,,,7610.2375,7580.38125,7576.86875,7547.0125,,,
1784048700,7587.5,7592.5,7585.75,7591.75,,,,,,,,,7610.2375,7580.38125,7576.86875,7547.0125,,,
1784049000,7591.75,7592.75,7588.5,7588.5,,,,,,,,,7610.2375,7580.38125,7576.86875,7547.0125,,,
1784049300,7588.75,7592,7584.75,7591.25,,,,,,,,,7610.2375,7580.38125,7576.86875,7547.0125,,,
1784049600,7591.5,7596.75,7591,7595,,7596.75,,,,,,,7610.2375,7580.38125,7576.86875,7547.0125,,,
1784049900,7595,7596.25,7593,7593.75,,,,,,,,,7610.2375,7580.38125,7576.86875,7547.0125,,,
1784050200,7594,7595.5,7590.5,7590.5,,,,,,,,,7610.2375,7580.38125,7576.86875,7547.0125,,,
1784050500,7590.75,7591.75,7588.5,7591.5,,,,,,,,,7610.2375,7580.38125,7576.86875,7547.0125,,,
1784050800,7591.5,7592.25,7589.25,7590.75,,,,,,,,,7610.2375,7580.38125,7576.86875,7547.0125,,,
1784051100,7590.75,7592.75,7587.75,7591.25,,,,7587.75,,,,,7610.2375,7580.38125,7576.86875,7547.0125,,,
1784051400,7591.25,7593.5,7591,7592.5,,,,,,,,,7610.2375,7580.38125,7576.86875,7547.0125,,,
1784051700,7592.75,7593.75,7591.5,7593.25,,,,,,,,,7610.2375,7580.38125,7576.86875,7547.0125,,,
1784052000,7593.5,7595.5,7589.75,7595,,,,,,,,,7610.2375,7580.38125,7576.86875,7547.0125,,,
1784052300,7595,7595.75,7593,7594.75,,,,,,,,,7610.2375,7580.38125,7576.86875,7547.0125,,,
1784052600,7594.75,7596.75,7593.75,7596.5,,,,,,,,,7610.2375,7580.38125,7576.86875,7547.0125,,,
1784052900,7596.5,7598.25,7595,7596.75,7598.25,,,,,,,,7610.2375,7580.38125,7576.86875,7547.0125,,,
1784053200,7596.5,7598,7594.25,7595,,,,,,,,,7610.2375,7580.38125,7576.86875,7547.0125,,,
1784053500,7594.75,7596.5,7593.25,7595.25,,,,,,,,,7610.8875,7586.55625,7583.69375,7559.362499999999,,,
1784053800,7595.25,7596,7593.5,7594.75,,,,,,,,,7610.8875,7586.55625,7583.69375,7559.362499999999,,,
1784054100,7595,7596.25,7590.75,7593.75,,,,,,,,,7610.8875,7586.55625,7583.69375,7559.362499999999,,,
1784054400,7593.5,7593.5,7586.75,7590.5,,,7586.75,,,,,,7601.862499999999,7581.56875,7579.18125,7558.887499999999,,,
1784054700,7590.5,7592,7589,7589.75,,,,,,,,,7601.862499999999,7581.56875,7579.18125,7558.887499999999,,,
1784055000,7590,7593.5,7588.75,7592.25,,7593.5,,,,,,,7601.862499999999,7581.56875,7579.18125,7558.887499999999,,,
1784055300,7592.25,7592.75,7591,7592,,,,,,,,,7601.862499999999,7581.56875,7579.18125,7558.887499999999,,,
1784055600,7592,7593,7588.75,7589.5,,,,,,,,,7601.862499999999,7581.56875,7579.18125,7558.887499999999,,,
1784055900,7589.5,7591,7588.25,7589,,,,,,,,,7601.862499999999,7581.56875,7579.18125,7558.887499999999,,,
1784056200,7589,7591.25,7587.5,7590.25,,,,,,,,,7601.862499999999,7581.56875,7579.18125,7558.887499999999,,,
1784056500,7590.25,7592.5,7588.5,7590.75,,,,,,,,,7601.862499999999,7581.56875,7579.18125,7558.887499999999,,,
1784056800,7590.75,7594.75,7590.25,7594.25,,,,,,,,,7601.862499999999,7581.56875,7579.18125,7558.887499999999,,,
1784057100,7594.25,7594.5,7591.25,7591.5,,,,,,,,,7601.862499999999,7581.56875,7579.18125,7558.887499999999,,,
1784057400,7591.5,7592,7587,7590.25,,,,7587,,,,,7601.862499999999,7581.56875,7579.18125,7558.887499999999,,,
1784057700,7590,7592.75,7589,7589.75,,,,,,,,,7601.862499999999,7581.56875,7579.18125,7558.887499999999,,,
1784058000,7589.75,7594.25,7589.25,7593,,,,,,,,,7601.862499999999,7581.56875,7579.18125,7558.887499999999,,,
1784058300,7593,7595.25,7592.75,7595,,,,,,,,,7601.862499999999,7581.56875,7579.18125,7558.887499999999,,,
1784058600,7595,7595.75,7591.5,7591.5,,,,,,,,,7601.862499999999,7581.56875,7579.18125,7558.887499999999,,,
1784058900,7591.5,7596,7589.25,7590.25,7596,,,,,,,,7601.862499999999,7581.56875,7579.18125,7558.887499999999,,,
1784059200,7590,7591.75,7588.5,7589.5,,,,,,,,,7601.862499999999,7581.56875,7579.18125,7558.887499999999,,,
1784059500,7589.25,7592.5,7589,7589.75,,,,,,,,,7601.862499999999,7581.56875,7579.18125,7558.887499999999,,,
1784059800,7589.75,7590.5,7587.5,7589.25,,,,,,,,,7601.862499999999,7581.56875,7579.18125,7558.887499999999,,,
1784060100,7589.25,7590,7588.5,7589.25,,,,,,,,,7601.862499999999,7581.56875,7579.18125,7558.887499999999,,,
1784060400,7589,7589.25,7585.75,7587.5,,,,,,,,,7601.862499999999,7581.56875,7579.18125,7558.887499999999,,,
1784060700,7587.75,7589,7585.75,7586,,,,,,,,,7601.862499999999,7581.56875,7579.18125,7558.887499999999,,,
1784061000,7586,7587.5,7585.5,7587,,,7585.5,,,,,,7602.537499999999,7587.981250000001,7586.268749999999,7571.7125,,,
1784061300,7587.25,7589.5,7587,7589,,,,,,,,,7602.537499999999,7587.981250000001,7586.268749999999,7571.7125,,,
1784061600,7589.5,7589.5,7588.25,7588.75,,,,,,,,,7602.537499999999,7587.981250000001,7586.268749999999,7571.7125,,,
1784061900,7589,7589.75,7587,7587,,,,,,,,,7602.537499999999,7587.981250000001,7586.268749999999,7571.7125,,,
1784062200,7587.25,7590,7586.75,7589.75,,,,,,,,,7602.537499999999,7587.981250000001,7586.268749999999,7571.7125,,,
1784062500,7589.75,7591.75,7589.5,7590.5,,,,,,,,,7602.537499999999,7587.981250000001,7586.268749999999,7571.7125,,,
1784066400,7590.5,7592,7588.75,7589.25,,,,,,,,,7602.537499999999,7587.981250000001,7586.268749999999,7571.7125,,,
1784066700,7589.5,7590,7587,7587.75,,,,,,,,,7602.537499999999,7587.981250000001,7586.268749999999,7571.7125,,,
1784067000,7588,7588.5,7582.75,7584,,,,,,,,,7602.537499999999,7587.981250000001,7586.268749999999,7571.7125,,,
1784067300,7584.25,7588.75,7583.75,7588.5,,,,,,,,,7602.537499999999,7587.981250000001,7586.268749999999,7571.7125,,,
1784067600,7588.5,7592,7588.25,7591.5,,,,,,,,,7602.537499999999,7587.981250000001,7586.268749999999,7571.7125,,,
1784067900,7591.5,7592,7590,7590.5,,,,,,,,,7602.537499999999,7587.981250000001,7586.268749999999,7571.7125,,,
1784068200,7590.5,7592,7590.25,7590.75,,7592,,,,,,,7602.537499999999,7587.981250000001,7586.268749999999,7571.7125,,,
1784068500,7590.5,7591.25,7590.5,7591.25,,,,,,,,,7602.537499999999,7587.981250000001,7586.268749999999,7571.7125,,,
1784068800,7590.75,7591.5,7590.25,7590.5,,,,,,,,,7602.537499999999,7587.981250000001,7586.268749999999,7571.7125,,,
1784069100,7590.75,7591,7589.25,7590,,,,,,,,,7602.537499999999,7587.981250000001,7586.268749999999,7571.7125,,,
1784069400,7589.5,7590.5,7588.25,7588.75,,,,,,,,,7602.537499999999,7587.981250000001,7586.268749999999,7571.7125,,,
1784069700,7588.75,7589.25,7588,7589,,,,,,,,,7602.537499999999,7587.981250000001,7586.268749999999,7571.7125,,,
1784070000,7589,7590.25,7587.5,7589.75,,,,7587.5,,,,,7602.537499999999,7587.981250000001,7586.268749999999,7571.7125,,,
1784070300,7590.25,7591.5,7589.5,7591.25,,,,,,,,,7602.537499999999,7587.981250000001,7586.268749999999,7571.7125,,,
1784070600,7591.25,7592.5,7590.75,7592.25,,,,,,,,,7602.537499999999,7587.981250000001,7586.268749999999,7571.7125,,,
1784070900,7592,7592.5,7591,7591.75,,,,,,,,,7602.537499999999,7587.981250000001,7586.268749999999,7571.7125,,,
1784071200,7591.75,7593.5,7591.5,7593.25,,,,,,,,,7602.537499999999,7587.981250000001,7586.268749999999,7571.7125,,,
1784071500,7593.25,7600.25,7593,7599.75,,,,,,,,,7602.537499999999,7587.981250000001,7586.268749999999,7571.7125,,,
1784071800,7599.75,7602.5,7599.75,7600.75,,,,,,,,,7602.537499999999,7587.981250000001,7586.268749999999,7571.7125,,,
1784072100,7600.75,7602,7600.25,7600.25,,,,,,,,,7602.537499999999,7587.981250000001,7586.268749999999,7571.7125,,,
1784072400,7600.5,7603.25,7600.25,7601,,,,,,,,,7602.537499999999,7587.981250000001,7586.268749999999,7571.7125,,,
1784072700,7600.75,7603.5,7600.25,7602.75,,,,,,,,,7602.537499999999,7587.981250000001,7586.268749999999,7571.7125,,,
1784073000,7602.5,7604.25,7602,7603.75,,,,,,,,,7602.537499999999,7587.981250000001,7586.268749999999,7571.7125,,,
1784073300,7604,7604.25,7601.25,7602.75,,,,,,,,,7602.537499999999,7587.981250000001,7586.268749999999,7571.7125,,,
1784073600,7602.75,7603.75,7599.5,7600.5,,,,,,,,,7602.537499999999,7587.981250000001,7586.268749999999,7571.7125,,,
1784073900,7600.75,7601,7598,7600.5,,,,,,,,,7602.537499999999,7587.981250000001,7586.268749999999,7571.7125,,,
1784074200,7600.25,7604.5,7600.25,7603.25,,,,,,,,,7602.775,7588.1125,7586.3875,7571.725,,,
1784074500,7603,7603.25,7601,7601.5,,,,,,,,,7602.775,7588.1125,7586.3875,7571.725,,,
1784074800,7601.5,7604.5,7601.5,7602,7604.5,,,,,,,,7602.775,7588.1125,7586.3875,7571.725,,,
1784075100,7602,7603,7600.75,7602.5,,,,,,,,,7602.775,7588.1125,7586.3875,7571.725,,,
1784075400,7602.5,7603,7599.25,7599.5,,,,,,,,,7602.775,7588.1125,7586.3875,7571.725,,,
1784075700,7599.5,7599.5,7595.5,7597.75,,,,,,,,,7602.775,7588.1125,7586.3875,7571.725,,,
1784076000,7597.75,7598.5,7592.5,7594,,,,7592.5,,,,,7602.775,7588.1125,7586.3875,7571.725,,,
1784076300,7594,7597.25,7592.75,7596,,,,,,,,,7602.775,7588.1125,7586.3875,7571.725,,,
1784076600,7596,7600.25,7596,7599.5,,,,,,,,,7602.775,7588.1125,7586.3875,7571.725,,,
1784076900,7599.25,7603.5,7599,7601.75,,7603.5,,,,,,,7602.775,7588.1125,7586.3875,7571.725,,,
1784077200,7602,7603,7596.25,7598.5,,,,,,,,,7602.775,7588.1125,7586.3875,7571.725,,,
1784077500,7598.5,7599.25,7596,7597,,,,,,,,,7602.775,7588.1125,7586.3875,7571.725,,,
1784077800,7597,7599.25,7595.75,7598.5,,,,7595.75,,,,,7602.775,7588.1125,7586.3875,7571.725,,,
1784078100,7598.5,7602.5,7598.25,7600.75,,,,,,,,,7602.775,7588.1125,7586.3875,7571.725,,,
1784078400,7601,7601.75,7599.5,7601,,,,,,,,,7602.775,7588.1125,7586.3875,7571.725,,,
1784078700,7600.5,7603.75,7600.25,7601.5,7603.75,,,,,,,,7602.775,7588.1125,7586.3875,7571.725,,,
1784079000,7601.5,7602.5,7600.5,7601.75,,,,,,,,,7602.775,7588.1125,7586.3875,7571.725,,,
1784079300,7602,7603.5,7600.75,7603,,,,,,,,,7602.775,7588.1125,7586.3875,7571.725,,,
1784079600,7602.75,7602.75,7597.25,7597.75,,,,7597.25,,,,,7602.775,7588.1125,7586.3875,7571.725,,,
1784079900,7597.5,7600.5,7597.5,7600,,,,,,,,,7602.775,7588.1125,7586.3875,7571.725,,,
1784080200,7599.75,7602,7599.25,7602,,,,,,,,,7602.775,7588.1125,7586.3875,7571.725,,,
1784080500,7601.75,7604.5,7601.5,7604.25,,,,,,,,,7602.775,7588.1125,7586.3875,7571.725,,,
1784080800,7604.25,7604.75,7602.5,7603.75,,,,,,,,,7603.0125,7588.24375,7586.50625,7571.7375,,,
1784081100,7603.5,7605.75,7603,7604,,,,,,,,,7603.9625,7588.76875,7586.98125,7571.7875,,,
1784081400,7604.25,7605.5,7603.25,7603.5,,,,,,,,,7603.9625,7588.76875,7586.98125,7571.7875,,,
1784081700,7603.5,7605.5,7603.25,7604.75,,,,,,,,,7603.9625,7588.76875,7586.98125,7571.7875,,,
1784082000,7604.5,7605.75,7603.5,7603.75,,,,,,,,,7603.9625,7588.76875,7586.98125,7571.7875,,,
1784082300,7603.5,7605,7603.5,7604.5,,,,,,,,,7603.9625,7588.76875,7586.98125,7571.7875,,,
1784082600,7604.75,7606.75,7604,7606,,,,,,,,,7604.912499999999,7589.293750000001,7587.456249999999,7571.8375,,,
1784082900,7606.25,7607,7605.5,7606,,,,,,,,,7605.15,7589.425,7587.575,7571.85,,,
1784083200,7606.25,7606.75,7605.75,7606.75,,,,,,,,,7605.15,7589.425,7587.575,7571.85,,,
1784083500,7606.5,7607,7605.5,7606.25,7607,,,,,,,,7605.15,7589.425,7587.575,7571.85,,,
1784083800,7606.25,7606.25,7604,7604.5,,,,,,,,,7605.15,7589.425,7587.575,7571.85,,,
1784084100,7604.25,7605,7603,7603,,,,,,,,,7605.15,7589.425,7587.575,7571.85,,,
1784084400,7603.25,7604,7602.75,7603.5,,,,,,,,,7605.15,7589.425,7587.575,7571.85,,,
1784084700,7603.5,7603.75,7602.5,7602.75,,,,,,,,,7605.15,7589.425,7587.575,7571.85,,,
1784085000,7602.75,7603,7601.25,7602.25,,,,7601.25,,,,,7605.15,7589.425,7587.575,7571.85,,,
1784085300,7602.5,7604.5,7602.25,7604,,,,,,,,,7605.15,7589.425,7587.575,7571.85,,,
1784085600,7604.25,7604.75,7603,7603.5,,,,,,,,,7605.15,7589.425,7587.575,7571.85,,,
1784085900,7603.75,7605.25,7603.5,7604.5,,,,,,,,,7605.15,7589.425,7587.575,7571.85,,,
1784086200,7604.5,7606.25,7604.5,7606,,,,,,,,,7605.15,7589.425,7587.575,7571.85,,,
1784086500,7606,7606.5,7605.5,7605.5,,,,,,,,,7605.15,7589.425,7587.575,7571.85,,,
1784086800,7605.5,7606.75,7604.75,7605,,,,,,,,,7605.15,7589.425,7587.575,7571.85,,,
1784087100,7604.75,7607.5,7604.75,7607.25,,,,,,,,,7605.625,7589.6875,7587.8125,7571.875,,,
1784087400,7607.25,7608.5,7607,7607.75,7608.5,,,,,,,,7606.575,7590.2125,7588.2875,7571.925,,,
1784087700,7607.75,7608,7607,7607,,,,,,,,,7606.575,7590.2125,7588.2875,7571.925,,,
1784088000,7607,7607.75,7606.5,7606.5,,,,,,,,,7606.575,7590.2125,7588.2875,7571.925,,,
1784088300,7606.5,7607,7605.5,7605.75,,,,7605.5,,,,,7606.575,7590.2125,7588.2875,7571.925,,,
1784088600,7605.75,7607,7605.75,7606.5,,,,,,,,,7606.575,7590.2125,7588.2875,7571.925,,,
1784088900,7606.5,7608.25,7606,7607.75,,,,,,,,,7606.575,7590.2125,7588.2875,7571.925,,,
1784089200,7608,7608.25,7607.25,7608,,7608.25,,,,,,,7606.575,7590.2125,7588.2875,7571.925,,,
1784089500,7608,7608,7606.75,7606.75,,,,,,,,,7606.575,7590.2125,7588.2875,7571.925,,,
1784089800,7607,7607.5,7606,7606.5,,,,7606,,,,,7606.575,7590.2125,7588.2875,7571.925,,,
1784090100,7606.75,7608,7606.5,7607.75,,,,,,,,,7606.575,7590.2125,7588.2875,7571.925,,,
1784090400,7607.75,7608,7606.5,7606.75,,,,,,,,,7606.575,7590.2125,7588.2875,7571.925,,,
1784090700,7606.75,7607.75,7606.75,7607,,,,,,,,,7606.575,7590.2125,7588.2875,7571.925,,,
1784091000,7607.25,7608.25,7606.75,7607.5,,,,,,,,,7606.575,7590.2125,7588.2875,7571.925,,,
1784091300,7607.75,7608.25,7607,7608.25,,,,,,,,,7606.575,7590.2125,7588.2875,7571.925,,,
1784091600,7608.5,7613.5,7604.25,7605.25,7613.5,,,,,,,,7611.325,7592.8375,7590.6625,7572.175,,,
1784091900,7605.25,7607.25,7603,7607.25,,,,,,,,,7611.325,7592.8375,7590.6625,7572.175,,,
1784092200,7607.5,7607.75,7603.75,7604.5,,,,,,,,,7611.325,7592.8375,7590.6625,7572.175,,,
1784092500,7605,7607.75,7604.5,7607,,,,,,,,,7611.325,7592.8375,7590.6625,7572.175,,,
1784092800,7607,7608,7604.75,7605,,,,,,,,,7611.325,7592.8375,7590.6625,7572.175,,,
1784093100,7604.75,7604.75,7602.75,7603.75,,,,,,,,,7611.325,7592.8375,7590.6625,7572.175,,,
1784093400,7603.75,7606,7602.5,7605.5,,,7602.5,,,,,,7611.325,7592.8375,7590.6625,7572.175,,,
1784093700,7605.75,7608,7605.5,7608,,,,,,,,,7611.325,7592.8375,7590.6625,7572.175,,,
1784094000,7608,7608,7605.25,7605.75,,,,,,,,,7611.325,7592.8375,7590.6625,7572.175,,,
1784094300,7605.75,7608,7605.25,7607.25,,,,,,,,,7611.325,7592.8375,7590.6625,7572.175,,,
1784094600,7607.25,7608.25,7606.25,7607.75,,,,,,,,,7611.325,7592.8375,7590.6625,7572.175,,,
1784094900,7607.5,7609.25,7607.5,7609.25,,,,,,,,,7611.325,7592.8375,7590.6625,7572.175,,,
1784095200,7609.25,7609.5,7608.25,7609.5,,,,,,,,,7611.325,7592.8375,7590.6625,7572.175,,,
1784095500,7609.5,7609.75,7607.5,7608.25,,,,,,,,,7611.325,7592.8375,7590.6625,7572.175,,,
1784095800,7608.5,7609,7607,7608,,,,,,,,,7611.325,7592.8375,7590.6625,7572.175,,,
1784096100,7608,7608.25,7606.25,7608,,,,,,,,,7611.325,7592.8375,7590.6625,7572.175,,,
1784096400,7608,7608.25,7606.25,7607.75,,,,,,,,,7611.325,7592.8375,7590.6625,7572.175,,,
1784096700,7607.75,7610.25,7607.75,7610,,,,,,,,,7611.325,7592.8375,7590.6625,7572.175,,,
1784097000,7610,7611.25,7606.25,7608.75,,7611.25,,,,,,,7611.325,7592.8375,7590.6625,7572.175,,,
1784097300,7609,7609.25,7607.75,7607.75,,,,,,,,,7611.325,7592.8375,7590.6625,7572.175,,,
1784097600,7607.75,7608,7606.5,7607,,,,,,,,,7611.325,7592.8375,7590.6625,7572.175,,,
1784097900,7607.5,7608.5,7607.25,7608.25,,,,,,,,,7611.325,7592.8375,7590.6625,7572.175,,,
1784098200,7608.25,7608.25,7606.5,7608,,,,,,,,,7611.325,7592.8375,7590.6625,7572.175,,,
1784098500,7608,7608.5,7606.75,7607.75,,,,,,,,,7611.325,7592.8375,7590.6625,7572.175,,,
1784098800,7607.75,7607.75,7604.5,7607.25,,,,,,,,,7611.325,7592.8375,7590.6625,7572.175,,,
1784099100,7607.5,7609,7606.75,7607.25,,,,,,,,,7611.325,7592.8375,7590.6625,7572.175,,,
1784099400,7607.5,7608,7606.75,7607.25,,,,,,,,,7611.325,7592.8375,7590.6625,7572.175,,,
1784099700,7607,7607.5,7605.25,7605.5,,,,,,,,,7611.325,7592.8375,7590.6625,7572.175,,,
1784100000,7605.5,7605.75,7602,7602.25,,,,,,,,,7611.325,7592.8375,7590.6625,7572.175,,,
1784100300,7602.25,7602.5,7593.25,7598.75,,,7593.25,,,,,,7611.325,7592.8375,7590.6625,7572.175,,,
1784100600,7598.75,7600.5,7596.75,7598.5,,,,,,,,,7611.325,7592.8375,7590.6625,7572.175,,,
1784100900,7598.75,7601,7598.5,7600.75,,,,,,,,,7611.325,7592.8375,7590.6625,7572.175,,,
1784101200,7600.5,7602.5,7600.25,7602,,,,,,,,,7611.325,7592.8375,7590.6625,7572.175,,,
1784101500,7602,7604.75,7600.5,7604.5,,,,,,,,,7611.325,7592.8375,7590.6625,7572.175,,,
1784101800,7604.5,7606.25,7603.75,7605,,7606.25,,,,,,,7611.325,7592.8375,7590.6625,7572.175,,,
1784102100,7605,7605,7603.5,7604.25,,,,,,,,,7611.325,7592.8375,7590.6625,7572.175,,,
1784102400,7604.5,7605,7598.25,7599.5,,,,,,,,,7611.325,7592.8375,7590.6625,7572.175,,,
1784102700,7599.5,7600,7597.5,7599,,,,,,,,,7611.325,7592.8375,7590.6625,7572.175,,,
1784103000,7599,7601.5,7597.25,7600.25,,,,,,,,,7611.325,7592.8375,7590.6625,7572.175,,,
1784103300,7600.25,7602.5,7599,7600.75,,,,,,,,,7611.325,7592.8375,7590.6625,7572.175,,,
1784103600,7601,7601.5,7595.75,7597.75,,,,7595.75,,,,,7611.325,7592.8375,7590.6625,7572.175,,,
1784103900,7597.75,7601.5,7597,7601.25,,,,,,,,,7611.325,7592.8375,7590.6625,7572.175,,,
1784104200,7601,7602.5,7600,7601.25,,,,,,,,,7611.325,7592.8375,7590.6625,7572.175,,,
1784104500,7601.5,7604.25,7600.5,7604,,,,,,,,,7611.325,7592.8375,7590.6625,7572.175,,,
1784104800,7604,7604.75,7600.5,7604,,,,,,,,,7611.325,7592.8375,7590.6625,7572.175,,,
1784105100,7604,7607.5,7603.75,7605.75,,,,,,,,,7611.325,7592.8375,7590.6625,7572.175,,,
1784105400,7605.75,7606,7604,7604,,,,,,,,,7611.325,7592.8375,7590.6625,7572.175,,,
1784105700,7603.75,7607,7603.5,7606.75,,,,,,,,,7611.325,7592.8375,7590.6625,7572.175,,,
1784106000,7606.75,7608.25,7606.5,7608.25,,,,,,,,,7611.325,7592.8375,7590.6625,7572.175,,,
1784106300,7608.25,7609.75,7607.75,7609.75,,,,,,,,,7611.325,7592.8375,7590.6625,7572.175,,,
1784106600,7609.5,7610.75,7608.5,7609.5,7610.75,,,,,,,,7611.325,7592.8375,7590.6625,7572.175,,,
1784106900,7609.75,7610.5,7608,7610.25,,,,,,,,,7611.325,7592.8375,7590.6625,7572.175,,,
1784107200,7610.25,7610.25,7609,7609.5,,,,,,,,,7611.325,7592.8375,7590.6625,7572.175,,,
1784107500,7609.5,7609.75,7607.75,7608.25,,,,,,,,,7611.325,7592.8375,7590.6625,7572.175,,,
1784107800,7608,7608.5,7606.75,7608,,,,,,,,,7611.325,7592.8375,7590.6625,7572.175,,,
1784108100,7607.75,7609.75,7607.25,7607.75,,,,,,,,,7611.325,7592.8375,7590.6625,7572.175,,,
1784108400,7608,7610.25,7607.5,7609.75,,,,,,,,,7611.325,7592.8375,7590.6625,7572.175,,,
1784108700,7609.5,7609.75,7606.5,7607.25,,,,,,,,,7611.325,7592.8375,7590.6625,7572.175,,,
1784109000,7607.25,7607.75,7604,7604.75,,,,,,,,,7611.325,7592.8375,7590.6625,7572.175,,,
1784109300,7605,7605.25,7603.75,7604.5,,,,,,,,,7611.325,7592.8375,7590.6625,7572.175,,,
1784109600,7604.75,7606.25,7603.5,7605.25,,,,,,,,,7611.325,7592.8375,7590.6625,7572.175,,,
1784109900,7605,7606.5,7604.25,7604.75,,,,,,,,,7611.325,7592.8375,7590.6625,7572.175,,,
1784110200,7605,7606,7604.25,7605.75,,,,,,,,,7611.325,7592.8375,7590.6625,7572.175,,,
1784110500,7605.75,7606.75,7605.25,7605.25,,,,,,,,,7611.325,7592.8375,7590.6625,7572.175,,,
1784110800,7605,7605.75,7600,7600.5,,,,,,,,,7611.325,7592.8375,7590.6625,7572.175,,,
1784111100,7600.25,7600.75,7597,7598.25,,,,7597,,,,,7611.325,7592.8375,7590.6625,7572.175,,,
1784111400,7598,7600.25,7598,7598.25,,,,,,,,,7611.325,7592.8375,7590.6625,7572.175,,,
1784111700,7599.25,7602.25,7598.25,7601.25,,,,,,,,,7611.325,7592.8375,7590.6625,7572.175,,,
1784112000,7601,7601.25,7599,7599.5,,,,,,,,,7611.325,7592.8375,7590.6625,7572.175,,,
1784112300,7599.5,7602,7599.5,7601.75,,,,,,,,,7611.325,7592.8375,7590.6625,7572.175,,,
1784112600,7601.75,7602,7600.25,7601.25,,,,,,,,,7611.325,7592.8375,7590.6625,7572.175,,,
1784112900,7601.25,7602.25,7600.25,7601.25,,,,,,,,,7611.325,7592.8375,7590.6625,7572.175,,,
1784113200,7601,7603.75,7601,7603,,7603.75,,,,,,,7611.325,7592.8375,7590.6625,7572.175,,,
1784113500,7603,7603.5,7600.25,7602.25,,,,,,,,,7611.325,7592.8375,7590.6625,7572.175,,,
1784113800,7602,7602,7599.25,7599.75,,,,,,,,,7611.325,7592.8375,7590.6625,7572.175,,,
1784114100,7600,7602.5,7599.75,7600.25,,,,,,,,,7611.325,7592.8375,7590.6625,7572.175,,,
1784114400,7600.25,7602,7600.25,7600.5,,,,,,,,,7611.325,7592.8375,7590.6625,7572.175,,,
1784114700,7600.75,7601.75,7600,7600.75,,,,,,,,,7611.325,7592.8375,7590.6625,7572.175,,,
1784115000,7600.75,7601.25,7597.75,7601,,,,7597.75,,,,,7611.325,7592.8375,7590.6625,7572.175,,,
1784115300,7600.75,7602.5,7600,7601.75,,,,,,,,,7612.4875,7603.88125,7602.86875,7594.2625,,,
1784115600,7602,7603.5,7601,7602,,7603.5,,,,,,,7612.4875,7603.88125,7602.86875,7594.2625,,,
1784115900,7601.75,7601.75,7598.25,7599,,,,,,,,,7612.4875,7603.88125,7602.86875,7594.2625,,,
1784116200,7599,7601.5,7598.5,7599.25,,,,,,,,,7612.4875,7603.88125,7602.86875,7594.2625,,,
1784116500,7599,7601.25,7598.5,7600.25,,,,,,,,,7612.4875,7603.88125,7602.86875,7594.2625,,,
1784116800,7600,7600.5,7597.75,7597.75,,,,,,,,,7612.4875,7603.88125,7602.86875,7594.2625,,,
1784117100,7597.75,7597.75,7594.5,7596.5,,,,,,,,,7612.4875,7603.88125,7602.86875,7594.2625,,,
1784117400,7596.5,7597.25,7594.75,7596,,,,,,,,,7612.4875,7603.88125,7602.86875,7594.2625,,,
1784117700,7596,7597.75,7595.75,7596,,,,,,,,,7612.4875,7603.88125,7602.86875,7594.2625,,,
1784118000,7596,7596,7592.25,7594.5,,,7592.25,,,,,,7612.4375,7603.40625,7602.34375,7593.3125,,,
1784118300,7594.5,7595.25,7593.5,7595.25,,,,,,,,,7612.4375,7603.40625,7602.34375,7593.3125,,,
1784118600,7594.5,7606.5,7593.5,7605,,,,,,,,,7612.4375,7603.40625,7602.34375,7593.3125,,,
1784118900,7605,7609.25,7604.75,7607,,,,,,,,,7612.4375,7603.40625,7602.34375,7593.3125,,,
1784119200,7606.75,7613.5,7605.5,7610.75,,,,,,,,,7612.4375,7603.40625,7602.34375,7593.3125,,,
1784119500,7610.75,7613,7607.75,7612.25,,,,,,,,,7612.4375,7603.40625,7602.34375,7593.3125,,,
1784119800,7612,7614.75,7612,7613.5,,,,,,,,,7613.625,7604.0625,7602.9375,7593.375,,,
1784120100,7613.25,7614,7610.75,7611.5,,,,,,,,,7613.625,7604.0625,7602.9375,7593.375,,,
1784120400,7611.25,7614.5,7610.75,7614,,,,,,,,,7613.625,7604.0625,7602.9375,7593.375,,,
1784120700,7613.75,7615.25,7610.75,7610.75,,,,,,,,,7614.099999999999,7604.325000000001,7603.174999999999,7593.4,,,
1784121000,7611,7611,7606.5,7607,,,,,,,,,7614.099999999999,7604.325000000001,7603.174999999999,7593.4,,,
1784121300,7607.25,7610,7606.5,7609.5,,,,,,,,,7614.099999999999,7604.325000000001,7603.174999999999,7593.4,,,
1784121600,7609.5,7609.75,7607.5,7607.75,,,,,,,,,7614.099999999999,7604.325000000001,7603.174999999999,7593.4,,,
1784121900,7608,7612.5,7605.75,7612.5,,,,,,,,,7614.099999999999,7604.325000000001,7603.174999999999,7593.4,,,
1784122200,7612.25,7622.5,7611.75,7621.75,,,,,,,,,7620.9875,7608.13125,7606.61875,7593.7625,,,
1784122500,7622,7626.25,7615.25,7618.75,7626.25,,,,,,,,7624.55,7610.1,7608.4,7593.95,,,
1784122800,7618.75,7618.75,7612.75,7613.5,,,,,,,,,7624.55,7610.1,7608.4,7593.95,,,
1784123100,7613.5,7614.75,7603,7605.5,,,,,,,,,7624.55,7610.1,7608.4,7593.95,,,
1784123400,7605.75,7610.75,7601.25,7610.75,,,,7601.25,,,,,7624.55,7610.1,7608.4,7593.95,,,
1784123700,7610.75,7616.75,7608.75,7614.5,,,,,,,,,7624.55,7610.1,7608.4,7593.95,,,
1784124000,7614.5,7621.75,7614.5,7618,,,,,,,,,7624.55,7610.1,7608.4,7593.95,,,
1784124300,7618,7623.5,7616.25,7620.75,,,,,,,,,7624.55,7610.1,7608.4,7593.95,,,
1784124600,7620.75,7622.5,7615.75,7617.5,,,,,,,,,7624.55,7610.1,7608.4,7593.95,,,
1784124900,7617.75,7626,7617,7623.5,,7626,,,,,,,7624.55,7610.1,7608.4,7593.95,,,
1784125200,7623.25,7624,7603.25,7608,,,,,,,,,7624.55,7610.1,7608.4,7593.95,,,
1784125500,7608,7617.25,7603.5,7616.5,,,,,,,,,7624.55,7610.1,7608.4,7593.95,,,
1784125800,7616.25,7619,7609.25,7616.25,,,,,,,,,7624.55,7610.1,7608.4,7593.95,,,
1784126100,7616.25,7618,7605,7606.75,,,,,,,,,7624.55,7610.1,7608.4,7593.95,,,
1784126400,7606.75,7610,7597.75,7605.25,,,,,,,,,7624.55,7610.1,7608.4,7593.95,,,
1784126700,7605,7608.5,7598.75,7608,,,,,,,,,7624.55,7610.1,7608.4,7593.95,,,
1784127000,7607.75,7608.5,7597,7600.5,,,,,,,,,7624.55,7610.1,7608.4,7593.95,,,
1784127300,7600.5,7605.5,7598.25,7605,,,,,,,,,7624.55,7610.1,7608.4,7593.95,,,
1784127600,7604.75,7607,7600.25,7602,,,,,,,,,7624.55,7610.1,7608.4,7593.95,,,
1784127900,7602,7611.5,7599.25,7610.25,,,,,,,,,7624.55,7610.1,7608.4,7593.95,,,
1784128200,7610,7611.5,7600.5,7601,,,,,,,,,7624.55,7610.1,7608.4,7593.95,,,
1784128500,7601.25,7603.75,7591.75,7602.75,,,7591.75,,,,,,7624.525,7609.862499999999,7608.137500000001,7593.474999999999,,,
1784128800,7602.5,7602.75,7594.25,7599,,,,,,,,,7624.525,7609.862499999999,7608.137500000001,7593.474999999999,,,
1784129100,7599,7606.25,7597.5,7606,,,,,,,,,7624.525,7609.862499999999,7608.137500000001,7593.474999999999,,,
1784129400,7605.75,7608.5,7601.5,7605.75,,7608.5,,,,,,,7624.525,7609.862499999999,7608.137500000001,7593.474999999999,,,
1784129700,7605.5,7607.75,7600.75,7606.75,,,,,,,,,7624.525,7609.862499999999,7608.137500000001,7593.474999999999,,,
1784130000,7606.75,7607.5,7600.25,7601.5,,,,,,,,,7624.525,7609.862499999999,7608.137500000001,7593.474999999999,,,
1784130300,7601.5,7602.5,7597.5,7598,,,,,,,,,7624.525,7609.862499999999,7608.137500000001,7593.474999999999,,,
1784130600,7598,7598.25,7593,7596.75,,,,,,,,,7624.525,7609.862499999999,7608.137500000001,7593.474999999999,,,
1784130900,7597,7597.75,7592.5,7596,,,,,,,,,7624.525,7609.862499999999,7608.137500000001,7593.474999999999,,,
1784131200,7596.25,7598,7587,7590.25,,,,,,,,,7624.2875,7607.60625,7605.64375,7588.9625,,,
1784131500,7590.5,7590.75,7583.25,7588.75,,,,,,,,,7624.1,7605.825,7603.675,7585.4,,,
1784131800,7589,7590.5,7581,7581.75,,,,,,,,,7623.9875,7604.75625,7602.49375,7583.2625,,,
1784132100,7581.75,7583.25,7578.5,7579.75,,,,,,,,,7623.8625,7603.56875,7601.18125,7580.8875,,,
1784132400,7580,7581.25,7573.75,7574.75,,,,,,,,,7623.625,7601.3125,7598.6875,7576.375,,,
1784132700,7574.75,7578.75,7574,7578,,,,,,,,,7623.625,7601.3125,7598.6875,7576.375,,,
1784133000,7578,7581.5,7574,7575.25,,,,,,,,,7623.625,7601.3125,7598.6875,7576.375,,,
1784133300,7575.25,7576,7572.25,7574,,,,,,,,,7623.55,7600.6,7597.9,7574.95,,,
1784133600,7574.25,7579.25,7571.75,7579,,,7571.75,,,,,,7623.525,7600.362499999999,7597.637500000001,7574.474999999999,,,
1784133900,7579,7593.5,7576.75,7583.25,,,,,,,,,7623.525,7600.362499999999,7597.637500000001,7574.474999999999,,,
1784134200,7583.25,7588.5,7582.75,7584,,,,,,,,,7623.525,7600.362499999999,7597.637500000001,7574.474999999999,,,
1784134500,7584,7586.75,7579.5,7586.5,,,,,,,,,7623.525,7600.362499999999,7597.637500000001,7574.474999999999,,,
1784134800,7587,7590.75,7585.75,7589,,,,,,,,,7623.525,7600.362499999999,7597.637500000001,7574.474999999999,,,
1784135100,7589,7594,7588.25,7591.25,,,,,,,,,7623.525,7600.362499999999,7597.637500000001,7574.474999999999,,,
1784135400,7591.25,7592.75,7587.75,7587.75,,,,,,,,,7623.525,7600.362499999999,7597.637500000001,7574.474999999999,,,
1784135700,7588.25,7594.75,7587.5,7594,,,,,,,,,7623.525,7600.362499999999,7597.637500000001,7574.474999999999,,,
1784136000,7594,7596,7592.25,7594.5,,,,,,,,,7623.525,7600.362499999999,7597.637500000001,7574.474999999999,,,
1784136300,7594.5,7598.75,7593.5,7598.25,,,,,,,,,7623.525,7600.362499999999,7597.637500000001,7574.474999999999,,,
1784136600,7598.25,7602.5,7598.25,7601,,,,,,,,,7623.525,7600.362499999999,7597.637500000001,7574.474999999999,,,
1784136900,7601,7605,7600,7604,,,,,,,,,7623.525,7600.362499999999,7597.637500000001,7574.474999999999,,,
1784137200,7604,7604.5,7602.25,7603.5,,,,,,,,,7623.525,7600.362499999999,7597.637500000001,7574.474999999999,,,
1784137500,7603.5,7611,7602.5,7610.5,,,,,,,,,7623.525,7600.362499999999,7597.637500000001,7574.474999999999,,,
1784137800,7610.5,7616,7608.75,7615,,,,,,,,,7623.525,7600.362499999999,7597.637500000001,7574.474999999999,,,
1784138100,7615.25,7615.25,7611.25,7612.5,,,,,,,,,7623.525,7600.362499999999,7597.637500000001,7574.474999999999,,,
1784138400,7612.25,7616,7611.75,7614,,,,,,,,,7623.525,7600.362499999999,7597.637500000001,7574.474999999999,,,
1784138700,7613.75,7617,7613.25,7616.25,,,,,,,,,7623.525,7600.362499999999,7597.637500000001,7574.474999999999,,,
1784139000,7616.25,7618.25,7616,7616,,,,,,,,,7623.525,7600.362499999999,7597.637500000001,7574.474999999999,,,
1784139300,7616.25,7616.25,7612.75,7613.75,,,,,,,,,7623.525,7600.362499999999,7597.637500000001,7574.474999999999,,,
1784139600,7614,7619,7613.5,7617.75,,,,,,,,,7623.525,7600.362499999999,7597.637500000001,7574.474999999999,,,
1784139900,7617.75,7618.25,7616,7616.75,,,,,,,,,7623.525,7600.362499999999,7597.637500000001,7574.474999999999,,,
1784140200,7616.75,7619.75,7615.5,7618.75,7619.75,,,,,,,,7623.525,7600.362499999999,7597.637500000001,7574.474999999999,,,
1784140500,7618.5,7618.75,7614.75,7615.25,,,,,,,,,7623.525,7600.362499999999,7597.637500000001,7574.474999999999,,,
1784140800,7615.25,7616.5,7610.5,7610.5,,,,,,,,,7623.525,7600.362499999999,7597.637500000001,7574.474999999999,,,
1784141100,7610.75,7610.75,7604.75,7606.5,,,,,,,,,7623.525,7600.362499999999,7597.637500000001,7574.474999999999,,,
1784141400,7606.5,7607.5,7601.75,7603.75,,,,,,,,,7623.525,7600.362499999999,7597.637500000001,7574.474999999999,,,
1784141700,7603.75,7605.75,7601,7602,,,,,,,,,7623.525,7600.362499999999,7597.637500000001,7574.474999999999,,,
1784142000,7601.75,7607.5,7600.5,7606.75,,,,7600.5,,,,,7623.525,7600.362499999999,7597.637500000001,7574.474999999999,,,
1784142300,7606.75,7608.5,7605,7605.5,,,,,,,,,7623.525,7600.362499999999,7597.637500000001,7574.474999999999,,,
1784142600,7605.5,7609,7604.75,7608,,,,,,,,,7623.525,7600.362499999999,7597.637500000001,7574.474999999999,,,
1784142900,7608,7608.5,7605.25,7605.5,,,,,,,,,7623.525,7600.362499999999,7597.637500000001,7574.474999999999,,,
1784143200,7605.5,7605.75,7601.5,7603.25,,,,,,,,,7623.525,7600.362499999999,7597.637500000001,7574.474999999999,,,
1784143500,7603.5,7608,7601.75,7606.25,,,,,,,,,7623.525,7600.362499999999,7597.637500000001,7574.474999999999,,,
1784143800,7606.5,7609.5,7601.25,7602.75,,,,,,,,,7623.525,7600.362499999999,7597.637500000001,7574.474999999999,,,
1784144100,7602.75,7609,7601.5,7608.5,,,,,,,,,7623.525,7600.362499999999,7597.637500000001,7574.474999999999,,,
1784144400,7608.5,7612.75,7607.75,7611.5,,,,,,,,,7623.525,7600.362499999999,7597.637500000001,7574.474999999999,,,
1784144700,7611.25,7612,7605.25,7606.75,,,,,,,,,7623.525,7600.362499999999,7597.637500000001,7574.474999999999,,,
1784145000,7606.75,7611.75,7606.75,7611.5,,,,,,,,,7623.525,7600.362499999999,7597.637500000001,7574.474999999999,,,
1784145300,7611.5,7617.75,7611.5,7617.25,,,,,,,,,7623.525,7600.362499999999,7597.637500000001,7574.474999999999,,,
1784145600,7617,7619.5,7613.25,7617.5,,7619.5,,,,,,,7623.525,7600.362499999999,7597.637500000001,7574.474999999999,,,
1784145900,7617.25,7617.5,7608.75,7613,,,,7608.75,,,,,7623.525,7600.362499999999,7597.637500000001,7574.474999999999,,,
1784146200,7613,7615.5,7612.25,7614.5,,,,,,,,,7623.525,7600.362499999999,7597.637500000001,7574.474999999999,,,
1784146500,7614.75,7615.5,7613.25,7615.5,,,,,,,,,7623.525,7600.362499999999,7597.637500000001,7574.474999999999,,,
1784146800,7615.5,7617.75,7615.25,7617.5,,,,,,,,,7623.525,7600.362499999999,7597.637500000001,7574.474999999999,,,
1784147100,7617.5,7618,7616.5,7617,,,,,,,,,7623.525,7600.362499999999,7597.637500000001,7574.474999999999,,,
1784147400,7616.75,7617,7614.75,7615.25,,,,,,,,,7623.525,7600.362499999999,7597.637500000001,7574.474999999999,,,
1784147700,7615,7616.5,7614.75,7616,,,,,,,,,7623.525,7600.362499999999,7597.637500000001,7574.474999999999,,,
1784148000,7616,7617.25,7615.5,7617,,,,,,,,,7623.525,7600.362499999999,7597.637500000001,7574.474999999999,,,
1784148300,7616.75,7618,7616.25,7616.75,,,,,,,,,7623.525,7600.362499999999,7597.637500000001,7574.474999999999,,,
1784148600,7616.5,7617,7615.5,7615.75,,,,,,,,,7623.525,7600.362499999999,7597.637500000001,7574.474999999999,,,
1784148900,7615.75,7617,7615.25,7615.75,,,,,,,,,7623.525,7600.362499999999,7597.637500000001,7574.474999999999,,,
1784152800,7615.75,7621,7614,7620.5,,,,,,,,,7623.525,7600.362499999999,7597.637500000001,7574.474999999999,,,
1784153100,7620.75,7622.25,7620,7620.5,7622.25,,,,,,,,7623.525,7600.362499999999,7597.637500000001,7574.474999999999,,,
1784153400,7620.25,7620.5,7618.5,7619,,,,,,,,,7623.525,7600.362499999999,7597.637500000001,7574.474999999999,,,
1784153700,7618.75,7619,7618,7618.25,,,,,,,,,7623.525,7600.362499999999,7597.637500000001,7574.474999999999,,,
1784154000,7618.25,7619,7616.5,7617,,,,,,,,,7623.525,7600.362499999999,7597.637500000001,7574.474999999999,,,
1784154300,7616.75,7617.25,7616.25,7616.75,,,,,,,,,7623.525,7600.362499999999,7597.637500000001,7574.474999999999,,,
1784154600,7617,7618,7616.25,7616.75,,,,,,,,,7623.525,7600.362499999999,7597.637500000001,7574.474999999999,,,
1784154900,7616.75,7617.25,7615.25,7615.75,,,,,,,,,7623.525,7600.362499999999,7597.637500000001,7574.474999999999,,,
1784155200,7615.5,7616.25,7615.25,7615.75,,,,,,,,,7623.525,7600.362499999999,7597.637500000001,7574.474999999999,,,
1784155500,7615.5,7616.5,7615,7615.25,,,,,,,,,7623.525,7600.362499999999,7597.637500000001,7574.474999999999,,,
1784155800,7615.25,7619.5,7613.25,7616,,,,7613.25,,,,,7623.525,7600.362499999999,7597.637500000001,7574.474999999999,,,
1784156100,7615.75,7619,7614.25,7618.5,,,,,,,,,7623.525,7600.362499999999,7597.637500000001,7574.474999999999,,,
1784156400,7618.25,7619.5,7617.25,7619,,,,,,,,,7623.525,7600.362499999999,7597.637500000001,7574.474999999999,,,
1784156700,7619.25,7619.25,7617.5,7618.5,,,,,,,,,7623.525,7600.362499999999,7597.637500000001,7574.474999999999,,,
1784157000,7618.5,7619.75,7618.25,7618.75,,,,,,,,,7623.525,7600.362499999999,7597.637500000001,7574.474999999999,,,
1784157300,7618.75,7618.75,7617.25,7618.5,,,,,,,,,7623.525,7600.362499999999,7597.637500000001,7574.474999999999,,,
1784157600,7618,7619.25,7617.5,7618.5,,,,,,,,,7623.525,7600.362499999999,7597.637500000001,7574.474999999999,,,
1784157900,7618.5,7620.25,7617.5,7619.5,,,,,,,,,7623.525,7600.362499999999,7597.637500000001,7574.474999999999,,,
1784158200,7619.5,7622,7619.5,7622,,,,,,,,,7623.525,7600.362499999999,7597.637500000001,7574.474999999999,,,
1784158500,7621.75,7622,7619.25,7619.5,,,,,,,,,7623.525,7600.362499999999,7597.637500000001,7574.474999999999,,,
1784158800,7619.75,7620.75,7618.5,7620,,,,,,,,,7623.525,7600.362499999999,7597.637500000001,7574.474999999999,,,
1784159100,7620.25,7621,7617,7617,,,,,,,,,7623.525,7600.362499999999,7597.637500000001,7574.474999999999,,,
1784159400,7617,7619,7616.5,7617,,,,,,,,,7623.525,7600.362499999999,7597.637500000001,7574.474999999999,,,
1784159700,7617.25,7618.25,7615.5,7616.25,,,,,,,,,7623.525,7600.362499999999,7597.637500000001,7574.474999999999,,,
1784160000,7616.25,7624,7615.75,7623.25,,,,,,,,,7623.525,7600.362499999999,7597.637500000001,7574.474999999999,,,
1784160300,7623.25,7624.75,7621.5,7623.5,,,,,,,,,7623.525,7600.362499999999,7597.637500000001,7574.474999999999,,,
1784160600,7624,7626.75,7622.5,7626.5,,,,,,,,,7623.999999999999,7600.625,7597.875,7574.499999999999,,,
1784160900,7626.25,7627.75,7620.75,7621.25,7627.75,,,,,,,,7624.949999999999,7601.15,7598.35,7574.549999999999,,,
1784161200,7621,7622,7619.5,7620,,,,,,,,,7624.949999999999,7601.15,7598.35,7574.549999999999,,,
1784161500,7620.25,7621.75,7618,7619.25,,,,,,,,,7624.949999999999,7601.15,7598.35,7574.549999999999,,,
1784161800,7619.25,7622,7617.5,7621.5,,,,,,,,,7624.949999999999,7601.15,7598.35,7574.549999999999,,,
1784162100,7621.5,7621.5,7616.75,7617,,,,,,,,,7624.949999999999,7601.15,7598.35,7574.549999999999,,,
1784162400,7617.25,7617.25,7615.25,7615.5,,,,,,,,,7624.949999999999,7601.15,7598.35,7574.549999999999,,,
1784162700,7615.5,7617.25,7614.5,7617,,,,,,,,,7624.949999999999,7601.15,7598.35,7574.549999999999,,,
1784163000,7617,7620.5,7615.5,7616.5,,,,,,,,,7624.949999999999,7601.15,7598.35,7574.549999999999,,,
1784163300,7616.25,7617.25,7615.5,7616.25,,,,,,,,,7624.949999999999,7601.15,7598.35,7574.549999999999,,,
1784163600,7616.75,7617.75,7614.75,7617,,,,,,,,,7624.949999999999,7601.15,7598.35,7574.549999999999,,,
1784163900,7616.75,7618.25,7615.5,7617.25,,,,,,,,,7624.949999999999,7601.15,7598.35,7574.549999999999,,,
1784164200,7617.25,7617.75,7613.25,7614.75,,,,,,,,,7624.949999999999,7601.15,7598.35,7574.549999999999,,,
1784164500,7614.75,7615.25,7610.5,7610.75,,,,,,,,,7624.949999999999,7601.15,7598.35,7574.549999999999,,,
1784164800,7610.75,7613.25,7610.25,7612.25,,,7610.25,,,,,,7624.949999999999,7601.15,7598.35,7574.549999999999,,,
1784165100,7612,7613.25,7611.25,7611.25,,,,,,,,,7624.949999999999,7601.15,7598.35,7574.549999999999,,,
1784165400,7611.5,7613.75,7610.75,7612.5,,,,,,,,,7624.949999999999,7601.15,7598.35,7574.549999999999,,,
1784165700,7613,7615,7612.25,7614.75,,,,,,,,,7624.949999999999,7601.15,7598.35,7574.549999999999,,,
1784166000,7614.5,7615.5,7611.5,7612.25,,,,,,,,,7624.949999999999,7601.15,7598.35,7574.549999999999,,,
1784166300,7612.5,7618.5,7612,7618.25,,,,,,,,,7624.949999999999,7601.15,7598.35,7574.549999999999,,,
1784166600,7618.25,7618.5,7615.5,7616.75,,,,,,,,,7624.949999999999,7601.15,7598.35,7574.549999999999,,,
1784166900,7617.25,7618.75,7613.5,7614.5,,,,,,,,,7624.949999999999,7601.15,7598.35,7574.549999999999,,,
1784167200,7614.75,7615.25,7611,7611.75,,,,,,,,,7624.949999999999,7601.15,7598.35,7574.549999999999,,,
1784167500,7611.75,7613.5,7611.25,7611.75,,,,,,,,,7624.949999999999,7601.15,7598.35,7574.549999999999,,,
1784167800,7611.75,7613.75,7611.5,7613.25,,,,,,,,,7624.949999999999,7601.15,7598.35,7574.549999999999,,,
1784168100,7613.5,7616.25,7612.75,7616,,,,,,,,,7624.949999999999,7601.15,7598.35,7574.549999999999,,,
1784168400,7616,7619.75,7615.25,7619.25,,,,,,,,,7624.949999999999,7601.15,7598.35,7574.549999999999,,,
1784168700,7619.25,7620.25,7618.5,7619.75,,,,,,,,,7624.949999999999,7601.15,7598.35,7574.549999999999,,,
1784169000,7619.75,7621,7618.75,7619.75,,,,,,,,,7624.949999999999,7601.15,7598.35,7574.549999999999,,,
1784169300,7619.75,7621,7618.25,7619.25,,,,,,,,,7624.949999999999,7601.15,7598.35,7574.549999999999,,,
1784169600,7619.25,7619.75,7618,7618.75,,,,,,,,,7624.949999999999,7601.15,7598.35,7574.549999999999,,,
1784169900,7618.5,7622,7618.5,7621,,,,,,,,,7624.949999999999,7601.15,7598.35,7574.549999999999,,,
1784170200,7620.5,7622.5,7619.75,7621.75,,,,,,,,,7624.949999999999,7601.15,7598.35,7574.549999999999,,,
1784170500,7621.75,7623.75,7621.5,7622.75,,,,,,,,,7624.949999999999,7601.15,7598.35,7574.549999999999,,,
1784170800,7622.75,7623.25,7621.75,7623,,,,,,,,,7624.949999999999,7601.15,7598.35,7574.549999999999,,,
1784171100,7623,7624.75,7622.75,7624.75,,,,,,,,,7624.949999999999,7601.15,7598.35,7574.549999999999,,,
1784171400,7624.75,7624.75,7623.5,7624,,,,,,,,,7624.949999999999,7601.15,7598.35,7574.549999999999,,,
1784171700,7624,7624,7621.25,7621.75,,,,,,,,,7624.949999999999,7601.15,7598.35,7574.549999999999,,,
1784172000,7621.75,7622.75,7620.75,7621.25,,,,,,,,,7624.949999999999,7601.15,7598.35,7574.549999999999,,,
1784172300,7621.5,7622,7620.75,7621.5,,,,,,,,,7624.949999999999,7601.15,7598.35,7574.549999999999,,,
1784172600,7622,7624.75,7621.5,7624.25,,,,,,,,,7624.949999999999,7601.15,7598.35,7574.549999999999,,,
1784172900,7624.25,7625.25,7622.75,7623,,,,,,,,,7624.949999999999,7601.15,7598.35,7574.549999999999,,,
1784173200,7623,7624.25,7622.5,7622.75,,,,,,,,,7624.949999999999,7601.15,7598.35,7574.549999999999,,,
1784173500,7623,7623.25,7621.75,7622,,,,,,,,,7624.949999999999,7601.15,7598.35,7574.549999999999,,,
1784173800,7622.25,7624.25,7622,7623.75,,,,,,,,,7624.949999999999,7601.15,7598.35,7574.549999999999,,,
1784174100,7623.5,7624.5,7623,7624.5,,,,,,,,,7624.949999999999,7601.15,7598.35,7574.549999999999,,,
1784174400,7624.5,7625.5,7624.25,7624.5,,,,,,,,,7624.949999999999,7601.15,7598.35,7574.549999999999,,,
1784174700,7624.25,7625.5,7623.75,7624,,,,,,,,,7624.949999999999,7601.15,7598.35,7574.549999999999,,,
1784175000,7624,7626.25,7623.75,7626,,,,,,,,,7624.949999999999,7601.15,7598.35,7574.549999999999,,,
1784175300,7626.25,7626.25,7623.5,7623.5,,7626.25,,,,,,,7624.949999999999,7601.15,7598.35,7574.549999999999,,,
1784175600,7623.75,7623.75,7622.25,7623.5,,,,,,,,,7624.949999999999,7601.15,7598.35,7574.549999999999,,,
1784175900,7623.75,7623.75,7622.25,7622.75,,,,,,,,,7624.949999999999,7601.15,7598.35,7574.549999999999,,,
1784176200,7622.5,7623.25,7622,7622.25,,,,,,,,,7624.949999999999,7601.15,7598.35,7574.549999999999,,,
1784176500,7622,7622.25,7621,7621.5,,,,,,,,,7624.949999999999,7601.15,7598.35,7574.549999999999,,,
1784176800,7621.25,7622.5,7620.25,7621.5,,,,7620.25,,,,,7624.949999999999,7601.15,7598.35,7574.549999999999,,,
1784177100,7621.25,7622,7620.5,7621.75,,,,,,,,,7624.949999999999,7601.15,7598.35,7574.549999999999,,,
1784177400,7621.5,7622.5,7621.25,7622.5,,,,,,,,,7624.949999999999,7601.15,7598.35,7574.549999999999,,,
1784177700,7622.25,7623,7621.5,7621.75,,,,,,,,,7624.949999999999,7601.15,7598.35,7574.549999999999,,,
1784178000,7622,7624.25,7621.75,7623.75,,,,,,,,,7624.949999999999,7601.15,7598.35,7574.549999999999,,,
1784178300,7623.75,7624,7622.5,7622.75,,,,,,,,,7624.949999999999,7601.15,7598.35,7574.549999999999,,,
1784178600,7622.5,7627,7621.75,7626.75,,,,,,,,,7624.949999999999,7601.15,7598.35,7574.549999999999,,,
1784178900,7626.75,7629.75,7626,7627,,,,,,,,,7626.849999999999,7602.2,7599.3,7574.65,,,
1784179200,7627.25,7629,7627,7628.25,,,,,,,,,7626.849999999999,7602.2,7599.3,7574.65,,,
1784179500,7628,7629.25,7626.5,7627.75,,,,,,,,,7626.849999999999,7602.2,7599.3,7574.65,,,
1784179800,7627.75,7632,7621.75,7622.25,7632,,,,,,,,7630.912499999999,7621.66875,7620.58125,7611.3375,,,
1784180100,7622.25,7622.25,7617,7618.25,,,,,,,,,7630.912499999999,7621.66875,7620.58125,7611.3375,,,
1784180400,7618,7622,7616.5,7620,,,,,,,,,7630.912499999999,7621.66875,7620.58125,7611.3375,,,
1784180700,7620,7621,7616.75,7617,,,,,,,,,7630.912499999999,7621.66875,7620.58125,7611.3375,,,
1784181000,7617,7617.5,7615.25,7616,,,,,,,,,7630.912499999999,7621.66875,7620.58125,7611.3375,,,
1784181300,7615.75,7618.5,7615.75,7617,,,,,,,,,7630.912499999999,7621.66875,7620.58125,7611.3375,,,
1784181600,7617.25,7621.75,7617.25,7619.25,,,,,,,,,7630.912499999999,7621.66875,7620.58125,7611.3375,,,
1784181900,7619.25,7625,7613.25,7621.25,,,,,,,,,7630.912499999999,7621.66875,7620.58125,7611.3375,,,
1784182200,7621.25,7622,7619,7621.75,,,,,,,,,7630.912499999999,7621.66875,7620.58125,7611.3375,,,
1784182500,7622,7623.5,7621.25,7622,,,,,,,,,7630.912499999999,7621.66875,7620.58125,7611.3375,,,
1784182800,7622.5,7622.75,7617.75,7618.25,,,,,,,,,7630.912499999999,7621.66875,7620.58125,7611.3375,,,
1784183100,7618.5,7619.5,7617,7618,,,,,,,,,7630.912499999999,7621.66875,7620.58125,7611.3375,,,
1784183400,7617.75,7618.5,7614,7614,,,,,,,,,7630.912499999999,7621.66875,7620.58125,7611.3375,,,
1784183700,7614,7614.75,7611,7614.25,,,,,,,,,7630.912499999999,7621.66875,7620.58125,7611.3375,,,
1784184000,7614.5,7616,7614.25,7615,,,,,,,,,7630.912499999999,7621.66875,7620.58125,7611.3375,,,
1784184300,7615.5,7616.25,7613.75,7615.75,,,,,,,,,7630.912499999999,7621.66875,7620.58125,7611.3375,,,
1784184600,7616,7616.5,7615.25,7615.75,,,,,,,,,7630.912499999999,7621.66875,7620.58125,7611.3375,,,
1784184900,7616,7619,7615.75,7618.25,,,,,,,,,7630.912499999999,7621.66875,7620.58125,7611.3375,,,
1784185200,7618.25,7619,7610.25,7615.5,,,,,,,,,7630.912499999999,7621.66875,7620.58125,7611.3375,,,
1784185500,7615.5,7615.75,7612.75,7613.5,,,,,,,,,7630.912499999999,7621.66875,7620.58125,7611.3375,,,
1784185800,7613.5,7614,7610,7610.25,,,,,,,,,7630.9,7621.55,7620.45,7611.1,,,
1784186100,7610.25,7610.75,7608.25,7609.75,,,,,,,,,7630.8125,7620.71875,7619.53125,7609.4375,,,
1784186400,7609.75,7613.25,7609.75,7611.5,,,,,,,,,7630.8125,7620.71875,7619.53125,7609.4375,,,
1784186700,7611.5,7611.75,7609.25,7610.5,,,,,,,,,7630.8125,7620.71875,7619.53125,7609.4375,,,
1784187000,7610.75,7611.75,7607,7609.5,,,,,,,,,7630.75,7620.125,7618.875,7608.25,,,
1784187300,7609.5,7609.75,7606.75,7607.25,,,,,,,,,7630.737499999999,7620.00625,7618.74375,7608.0125,,,
1784187600,7607,7607.75,7605.75,7606.25,,,,,,,,,7630.6875,7619.53125,7618.21875,7607.0625,,,
1784187900,7606.25,7606.5,7604.5,7606,,,,,,,,,7630.625,7618.9375,7617.5625,7605.875,,,
1784188200,7606,7606.25,7602.25,7602.75,,,,,,,,,7630.5125,7617.86875,7616.38125,7603.7375,,,
1784188500,7602.75,7603,7600,7601.75,,,,,,,,,7630.4,7616.8,7615.2,7601.6,,,
1784188800,7601.75,7603,7599,7601.25,,,,,,,,,7630.349999999999,7616.325,7614.675,7600.65,,,
1784189100,7601.5,7602.25,7599,7599.5,,,,,,,,,7630.349999999999,7616.325,7614.675,7600.65,,,
1784189400,7599.25,7599.25,7593.5,7594,,,,,,,,,7630.075,7613.7125,7611.7875,7595.425,,,
1784189700,7594.25,7599.25,7593.5,7598.75,,,7593.5,,,,,,7630.075,7613.7125,7611.7875,7595.425,,,
1784190000,7598.5,7603.75,7598.25,7599.5,,,,,,,,,7630.075,7613.7125,7611.7875,7595.425,,,
1784190300,7599.75,7601.75,7599.25,7601.5,,,,,,,,,7630.075,7613.7125,7611.7875,7595.425,,,
1784190600,7601.5,7604,7600.5,7602.25,,,,,,,,,7630.075,7613.7125,7611.7875,7595.425,,,
1784190900,7602.25,7605.75,7602.25,7604.5,,,,,,,,,7630.075,7613.7125,7611.7875,7595.425,,,
1784191200,7604.5,7606.25,7602.75,7603.75,,,,,,,,,7630.075,7613.7125,7611.7875,7595.425,,,
1784191500,7603.75,7610.25,7603.75,7609.5,,,,,,,,,7630.075,7613.7125,7611.7875,7595.425,,,
1784191800,7609.25,7609.75,7607.75,7608.25,,,,,,,,,7630.075,7613.7125,7611.7875,7595.425,,,
1784192100,7607.75,7610,7607.75,7609.75,,,,,,,,,7630.075,7613.7125,7611.7875,7595.425,,,
1784192400,7609.75,7613.25,7609.75,7611.75,,,,,,,,,7630.075,7613.7125,7611.7875,7595.425,,,
1784192700,7612,7613,7611,7611,,,,,,,,,7630.075,7613.7125,7611.7875,7595.425,,,
1784193000,7611.25,7613.75,7610.25,7613,,,,,,,,,7630.075,7613.7125,7611.7875,7595.425,,,
1784193300,7613,7615.5,7612.25,7612.75,,7615.5,,,,,,,7630.075,7613.7125,7611.7875,7595.425,,,
1784193600,7613,7614.75,7611.75,7611.75,,,,,,,,,7630.075,7613.7125,7611.7875,7595.425,,,
1784193900,7612,7613.75,7610.25,7610.5,,,,,,,,,7630.075,7613.7125,7611.7875,7595.425,,,
1784194200,7610.75,7613.5,7610,7611,,,,,,,,,7630.075,7613.7125,7611.7875,7595.425,,,
1784194500,7611.5,7611.75,7609.25,7609.75,,,,,,,,,7630.075,7613.7125,7611.7875,7595.425,,,
1784194800,7609.75,7611.25,7608.75,7608.75,,,,,,,,,7630.075,7613.7125,7611.7875,7595.425,,,
1784195100,7608.5,7608.75,7605.5,7605.5,,,,,,,,,7630.075,7613.7125,7611.7875,7595.425,,,
1784195400,7605.25,7606.75,7604.75,7606.5,,,,,,,,,7630.075,7613.7125,7611.7875,7595.425,,,
1784195700,7606.75,7610.5,7605,7605.25,,,,,,,,,7630.075,7613.7125,7611.7875,7595.425,,,
1784196000,7605,7606,7602.25,7605.5,,,,,,,,,7630.075,7613.7125,7611.7875,7595.425,,,
1784196300,7605.75,7607.75,7604.75,7607.5,,,,,,,,,7630.075,7613.7125,7611.7875,7595.425,,,
1784196600,7607,7607.5,7605.25,7606,,,,,,,,,7630.075,7613.7125,7611.7875,7595.425,,,
1784196900,7606,7606.25,7604,7604.5,,,,,,,,,7630.075,7613.7125,7611.7875,7595.425,,,
1784197200,7604.25,7604.75,7601,7602,,,,7601,,,,,7630.075,7613.7125,7611.7875,7595.425,,,
1784197500,7602.25,7604.75,7601.5,7604.5,,,,,,,,,7630.075,7613.7125,7611.7875,7595.425,,,
1784197800,7604.5,7607.25,7604.25,7607,,,,,,,,,7630.075,7613.7125,7611.7875,7595.425,,,
1784198100,7607,7607.25,7602,7602.25,,7607.25,,,,,,,7630.075,7613.7125,7611.7875,7595.425,,,
1784198400,7602.25,7604.75,7602,7603.75,,,,,,,,,7630.075,7613.7125,7611.7875,7595.425,,,
1784198700,7603.5,7604.75,7601.5,7602.25,,,,,,,,,7630.075,7613.7125,7611.7875,7595.425,,,
1784199000,7602,7602.5,7601,7601.75,,,,,,,,,7630.075,7613.7125,7611.7875,7595.425,,,
1784199300,7601.5,7604.25,7601.25,7602.75,,,,,,,,,7630.075,7613.7125,7611.7875,7595.425,,,
1784199600,7602.75,7603,7595.75,7599,,,,,,,,,7630.075,7613.7125,7611.7875,7595.425,,,
1784199900,7599,7600.25,7597,7598.25,,,,,,,,,7630.075,7613.7125,7611.7875,7595.425,,,
1784200200,7598.25,7600.75,7596.5,7600.75,,,,,,,,,7630.075,7613.7125,7611.7875,7595.425,,,
1784200500,7600.75,7601.75,7595.5,7597,,,,,,,,,7630.075,7613.7125,7611.7875,7595.425,,,
1784200800,7597,7603.25,7596.75,7603.25,,,,,,,,,7630.075,7613.7125,7611.7875,7595.425,,,
1784201100,7603,7603.5,7598.5,7600,,,,,,,,,7630.075,7613.7125,7611.7875,7595.425,,,
1784201400,7600,7600.25,7594.75,7597,,,,,,,,,7630.075,7613.7125,7611.7875,7595.425,,,
1784201700,7597,7599.25,7595,7597.5,,,,,,,,,7630.075,7613.7125,7611.7875,7595.425,,,
1784202000,7597.25,7598.75,7596,7596.75,,,,,,,,,7630.075,7613.7125,7611.7875,7595.425,,,
1784202300,7596.5,7598.25,7580.5,7584.25,,,7580.5,,,,,,7629.424999999999,7607.5375,7604.9625,7583.075,,,
1784202600,7584,7594.75,7584,7594,,,,,,,,,7629.424999999999,7607.5375,7604.9625,7583.075,,,
1784202900,7594,7597.5,7593.25,7597.25,,,,,,,,,7629.424999999999,7607.5375,7604.9625,7583.075,,,
1784203200,7597,7599,7594.75,7595.25,,7599,,,,,,,7629.424999999999,7607.5375,7604.9625,7583.075,,,
1784203500,7595,7596,7590.5,7592,,,,,,,,,7629.424999999999,7607.5375,7604.9625,7583.075,,,
1784203800,7592,7592,7588.5,7591.25,,,,,,,,,7629.424999999999,7607.5375,7604.9625,7583.075,,,
1784204100,7591.25,7594.5,7589.75,7594.25,,,,,,,,,7629.424999999999,7607.5375,7604.9625,7583.075,,,
1784204400,7594.25,7594.5,7584.75,7585,,,,,,,,,7629.424999999999,7607.5375,7604.9625,7583.075,,,
1784204700,7585,7588,7584,7586.75,,,,,,,,,7629.424999999999,7607.5375,7604.9625,7583.075,,,
1784205000,7587.25,7591.25,7584,7588.25,,,,,,,,,7629.424999999999,7607.5375,7604.9625,7583.075,,,
1784205300,7588.5,7588.75,7580.5,7583.25,,,,7580.5,,,,,7629.424999999999,7607.5375,7604.9625,7583.075,,,
1784205600,7583.25,7585.25,7581.25,7583,,,,,,,,,7629.424999999999,7607.5375,7604.9625,7583.075,,,
1784205900,7582.75,7588.75,7581.75,7585.75,,,,,,,,,7629.424999999999,7607.5375,7604.9625,7583.075,,,
1784206200,7585.75,7589.5,7585,7588.25,,,,,,,,,7629.424999999999,7607.5375,7604.9625,7583.075,,,
1784206500,7588.25,7588.75,7586,7586.5,,,,,,,,,7629.424999999999,7607.5375,7604.9625,7583.075,,,
1784206800,7586.75,7592.75,7585.75,7592,,,,,,,,,7629.424999999999,7607.5375,7604.9625,7583.075,,,
1784207100,7591.75,7595,7591.5,7594,,,,,,,,,7629.424999999999,7607.5375,7604.9625,7583.075,,,
1784207400,7594,7596.25,7592.25,7595.75,,,,,,,,,7629.424999999999,7607.5375,7604.9625,7583.075,,,
1784207700,7595.75,7597.75,7594.5,7595.75,,,,,,,,,7629.424999999999,7607.5375,7604.9625,7583.075,,,
1784208000,7595.5,7597.75,7594.25,7597.25,,,,,,,,,7629.424999999999,7607.5375,7604.9625,7583.075,,,
1784208300,7597,7598,7594.75,7596.75,,,,,,,,,7629.424999999999,7607.5375,7604.9625,7583.075,,,
1784208600,7596.75,7604,7589.75,7590.75,7604,,,,,,,,7629.424999999999,7607.5375,7604.9625,7583.075,,,
1784208900,7591,7594.25,7585.25,7586,,,,,,,,,7629.424999999999,7607.5375,7604.9625,7583.075,,,
1784209200,7586,7592,7579.75,7581.75,,,,,,,,,7629.3875,7607.18125,7604.56875,7582.3625,,,
1784209500,7582,7586.25,7575.25,7579,,,7575.25,,,,,,7629.162499999999,7605.04375,7602.20625,7578.0875,,,
1784209800,7579,7591.5,7578.5,7584,,,,,,,,,7629.162499999999,7605.04375,7602.20625,7578.0875,,,
1784210100,7583.75,7590,7580,7588,,,,,,,,,7629.162499999999,7605.04375,7602.20625,7578.0875,,,
1784210400,7587.75,7597.25,7585.25,7596.5,,,,,,,,,7629.162499999999,7605.04375,7602.20625,7578.0875,,,
1784210700,7596.25,7604.75,7594.75,7603,,,,,,,,,7629.162499999999,7605.04375,7602.20625,7578.0875,,,
1784211000,7603,7605.5,7601,7602.5,,,,,,,,,7629.162499999999,7605.04375,7602.20625,7578.0875,,,
1784211300,7602.5,7608.75,7601,7608,,,,,,,,,7629.162499999999,7605.04375,7602.20625,7578.0875,,,
1784211600,7608,7608.75,7599.75,7605.5,,,,,,,,,7629.162499999999,7605.04375,7602.20625,7578.0875,,,
1784211900,7605.75,7613,7602,7612.5,,,,,,,,,7629.162499999999,7605.04375,7602.20625,7578.0875,,,
1784212200,7612.5,7613.5,7608.75,7610.75,,,,,,,,,7629.162499999999,7605.04375,7602.20625,7578.0875,,,
1784212500,7610.75,7614,7607.25,7608.25,,,,,,,,,7629.162499999999,7605.04375,7602.20625,7578.0875,,,
1784212800,7608.25,7613.5,7606.5,7612.75,,,,,,,,,7629.162499999999,7605.04375,7602.20625,7578.0875,,,
1784213100,7613,7614.75,7610.5,7611,7614.75,,,,,,,,7629.162499999999,7605.04375,7602.20625,7578.0875,,,
1784213400,7610.75,7612,7604.5,7606,,,,,,,,,7629.162499999999,7605.04375,7602.20625,7578.0875,,,
1784213700,7606,7611.25,7602.75,7611,,,,,,,,,7629.162499999999,7605.04375,7602.20625,7578.0875,,,
1784214000,7611,7613.25,7605.25,7605.75,,,,,,,,,7629.162499999999,7605.04375,7602.20625,7578.0875,,,
1784214300,7605.75,7607.5,7600.25,7604.5,,,,,,,,,7629.162499999999,7605.04375,7602.20625,7578.0875,,,
1784214600,7604.5,7606.75,7599.75,7602.5,,,,,,,,,7629.162499999999,7605.04375,7602.20625,7578.0875,,,
1784214900,7602.5,7605.5,7598.5,7605,,,,7598.5,,,,,7629.162499999999,7605.04375,7602.20625,7578.0875,,,
1784215200,7605.25,7605.5,7599,7605.25,,,,,,,,,7629.162499999999,7605.04375,7602.20625,7578.0875,,,
1784215500,7605.25,7613.75,7604.75,7607.25,,7613.75,,,,,,,7629.162499999999,7605.04375,7602.20625,7578.0875,,,
1784215800,7607.25,7611.5,7601.75,7611.25,,,,,,,,,7629.162499999999,7605.04375,7602.20625,7578.0875,,,
1784216100,7611,7613,7607.25,7612.25,,,,,,,,,7629.162499999999,7605.04375,7602.20625,7578.0875,,,
1784216400,7612.25,7613.25,7604,7605.5,,,,,,,,,7629.162499999999,7605.04375,7602.20625,7578.0875,,,
1784216700,7605.75,7605.75,7599,7604.25,,,,,,,,,7629.162499999999,7605.04375,7602.20625,7578.0875,,,
1784217000,7604,7610,7603.75,7606.75,,,,,,,,,7629.162499999999,7605.04375,7602.20625,7578.0875,,,
1784217300,7606.75,7607,7602,7605,,,,,,,,,7629.162499999999,7605.04375,7602.20625,7578.0875,,,
1784217600,7605,7605.5,7596.25,7596.75,,,,,,,,,7629.162499999999,7605.04375,7602.20625,7578.0875,,,
1784217900,7596.75,7599.5,7592.5,7597.75,,,,,,,,,7629.162499999999,7605.04375,7602.20625,7578.0875,,,
1784218200,7597.75,7598,7588.5,7589,,,,,,,,,7629.162499999999,7605.04375,7602.20625,7578.0875,,,
1784218500,7589,7594.25,7587.5,7591,,,,,,,,,7629.162499999999,7605.04375,7602.20625,7578.0875,,,
1784218800,7591,7591,7584,7585,,,,,,,,,7629.162499999999,7605.04375,7602.20625,7578.0875,,,
1784219100,7585,7590.25,7583,7588.25,,,7583,,,,,,7629.162499999999,7605.04375,7602.20625,7578.0875,,,
1784219400,7588.5,7594.25,7588,7590.75,,,,,,,,,7629.162499999999,7605.04375,7602.20625,7578.0875,,,
1784219700,7590.75,7592.75,7587.5,7588,,,,,,,,,7629.162499999999,7605.04375,7602.20625,7578.0875,,,
1784220000,7588,7591.25,7586.75,7588.75,,,,,,,,,7629.162499999999,7605.04375,7602.20625,7578.0875,,,
1784220300,7588.75,7591.5,7585.75,7589.5,,,,,,,,,7629.162499999999,7605.04375,7602.20625,7578.0875,,,
1784220600,7589.5,7595.75,7588,7595.25,,,,,,,,,7629.162499999999,7605.04375,7602.20625,7578.0875,,,
1784220900,7595,7599.25,7595,7598,,7599.25,,,,,,,7629.162499999999,7605.04375,7602.20625,7578.0875,,,
1784221200,7598.25,7598.5,7591.5,7595.25,,,,,,,,,7629.162499999999,7605.04375,7602.20625,7578.0875,,,
1784221500,7595.25,7597.5,7591.25,7596.25,,,,,,,,,7629.162499999999,7605.04375,7602.20625,7578.0875,,,
1784221800,7596,7597.25,7590.25,7591,,,,,,,,,7629.162499999999,7605.04375,7602.20625,7578.0875,,,
1784222100,7591.25,7594.5,7590,7593.25,,,,,,,,,7629.162499999999,7605.04375,7602.20625,7578.0875,,,
1784222400,7593,7594.5,7589.25,7589.5,,,,,,,,,7629.162499999999,7605.04375,7602.20625,7578.0875,,,
1784222700,7589.5,7597.5,7589.25,7596.25,,,,,,,,,7629.162499999999,7605.04375,7602.20625,7578.0875,,,
1784223000,7596.25,7597.25,7589,7589.75,,,,,,,,,7629.162499999999,7605.04375,7602.20625,7578.0875,,,
1784223300,7590,7591.25,7584,7585.25,,,,,,,,,7629.162499999999,7605.04375,7602.20625,7578.0875,,,
1784223600,7585.25,7585.25,7579.5,7583,,,,,,,,,7629.162499999999,7605.04375,7602.20625,7578.0875,,,
1784223900,7583.25,7588,7579.5,7586,,,,,,,,,7629.162499999999,7605.04375,7602.20625,7578.0875,,,
1784224200,7586,7587.75,7582.75,7584.5,,,,,,,,,7629.162499999999,7605.04375,7602.20625,7578.0875,,,
1784224500,7584.75,7585.25,7579.75,7582.25,,,,,,,,,7629.162499999999,7605.04375,7602.20625,7578.0875,,,
1784224800,7582.5,7584,7578,7578,,,,,,,,,7629.162499999999,7605.04375,7602.20625,7578.0875,,,
1784225100,7578.25,7578.75,7573.75,7576.75,,,,,,,,,7629.0875,7604.33125,7601.41875,7576.6625,,,
1784225400,7576.75,7583.75,7576.25,7576.5,,,,,,,,,7629.0875,7604.33125,7601.41875,7576.6625,,,
1784225700,7576.5,7583,7573.75,7581.25,,,,,,,,,7629.0875,7604.33125,7601.41875,7576.6625,,,
1784226000,7581.25,7586.5,7581,7583,,,,,,,,,7629.0875,7604.33125,7601.41875,7576.6625,,,
1784226300,7582.75,7584.5,7577.75,7578.5,,,,,,,,,7629.0875,7604.33125,7601.41875,7576.6625,,,
1784226600,7578.5,7578.5,7574.75,7576.5,,,,,,,,,7629.0875,7604.33125,7601.41875,7576.6625,,,
1784226900,7576.25,7576.25,7572.75,7573.25,,,,,,,,,7629.037499999999,7603.85625,7600.89375,7575.7125,,,
1784227200,7573,7576.5,7568.25,7574.75,,,,,,,,,7628.8125,7601.71875,7598.53125,7571.4375,,,
1784227500,7574.25,7578.25,7572.5,7576.75,,,,,,,,,7628.8125,7601.71875,7598.53125,7571.4375,,,
1784227800,7576.75,7579,7571.5,7571.5,,,,,,,,,7628.8125,7601.71875,7598.53125,7571.4375,,,
1784228100,7571.75,7574,7570.5,7571.5,,,,,,,,,7612.425,7592.6625,7590.3375,7570.575,,,
1784228400,7571.25,7576.25,7570,7574.25,,,,,,,,,7612.425,7592.6625,7590.3375,7570.575,,,
1784228700,7574.25,7576,7566.75,7567,,,,,,,,,7612.349999999999,7591.95,7589.55,7569.15,,,
1784229000,7567,7567.75,7565,7566.75,,,,,,,,,7612.2625,7591.11875,7588.63125,7567.4875,,,
1784229300,7566.5,7568.25,7563,7567,,,,,,,,,7612.162499999999,7590.16875,7587.58125,7565.5875,,,
1784229600,7567,7569.5,7564.25,7565,,,,,,,,,7612.162499999999,7590.16875,7587.58125,7565.5875,,,
1784229900,7564.75,7566,7558,7560.5,,,,,,,,,7611.912499999999,7587.79375,7584.95625,7560.8375,,,
1784230200,7560.5,7561.25,7553.5,7556.5,,,,,,,,,7611.6875,7585.65625,7582.59375,7556.5625,,,
1784230500,7556.25,7561.25,7553.25,7559.75,,,,,,,,,7611.675,7585.5375,7582.4625,7556.325,,,
1784230800,7559.5,7561.25,7554.25,7554.5,,,,,,,,,7611.675,7585.5375,7582.4625,7556.325,,,
1784231100,7554.5,7555.75,7548.25,7551.75,,,7548.25,,,,,,7611.425,7583.1625,7579.8375,7551.575,,,
1784231400,7551.75,7569.5,7551.75,7568.5,,,,,,,,,7611.425,7583.1625,7579.8375,7551.575,,,
1784231700,7568.75,7579.5,7568.75,7577,,7579.5,,,,,,,7611.425,7583.1625,7579.8375,7551.575,,,
1784232000,7577,7577.75,7570.75,7572.75,,,,,,,,,7611.425,7583.1625,7579.8375,7551.575,,,
1784232300,7572.75,7573.25,7569.25,7570.25,,,,,,,,,7611.425,7583.1625,7579.8375,7551.575,,,
1784232600,7570.5,7571,7566.75,7567.25,,,,,,,,,7611.425,7583.1625,7579.8375,7551.575,,,
1784232900,7567.25,7570.75,7566.25,7570,,,,7566.25,,,,,7611.425,7583.1625,7579.8375,7551.575,,,
1784233200,7570,7573.5,7570,7571.75,,7573.5,,,,,,,7611.425,7583.1625,7579.8375,7551.575,,,
1784233500,7572,7572.25,7568.75,7569.25,,,,,,,,,7611.425,7583.1625,7579.8375,7551.575,,,
1784233800,7569,7569.5,7566.75,7569.25,,,,7566.75,,,,,7611.425,7583.1625,7579.8375,7551.575,,,
1784234100,7569.5,7570.5,7569.25,7569.5,,,,,,,,,7611.425,7583.1625,7579.8375,7551.575,,,
1784234400,7569.5,7570.5,7568.5,7569,,,,,,,,,7611.425,7583.1625,7579.8375,7551.575,,,
1784234700,7568.75,7570,7568,7568,,,,,,,,,7611.425,7583.1625,7579.8375,7551.575,,,
1784235000,7568,7570,7567,7569.25,,,,,,,,,7611.425,7583.1625,7579.8375,7551.575,,,
1784235300,7569.25,7569.75,7567.75,7569,,,,,,,,,7611.425,7583.1625,7579.8375,7551.575,,,
1784239200,7571,7574.75,7570.25,7573.75,7574.75,,,,,,,,7611.425,7583.1625,7579.8375,7551.575,,,
1784239500,7573.75,7574,7571.5,7571.75,,,,,,,,,7611.425,7583.1625,7579.8375,7551.575,,,
1784239800,7572,7572.25,7569.5,7570.25,,,,,,,,,7611.425,7583.1625,7579.8375,7551.575,,,
1784240100,7570.25,7570.5,7567.25,7567.25,,,,,,,,,7611.425,7583.1625,7579.8375,7551.575,,,
1784240400,7567.25,7570,7566.25,7569,,,,,,,,,7611.425,7583.1625,7579.8375,7551.575,,,
1784240700,7568.75,7569.5,7567,7567.25,,,,,,,,,7611.425,7583.1625,7579.8375,7551.575,,,
1784241000,7567.25,7568.25,7565.25,7566,,,,,,,,,7611.425,7583.1625,7579.8375,7551.575,,,
1784241300,7566.25,7568.25,7565.75,7567.5,,,,,,,,,7611.425,7583.1625,7579.8375,7551.575,,,
1784241600,7567.75,7567.75,7565,7567.25,,,,,,,,,7611.425,7583.1625,7579.8375,7551.575,,,
1784241900,7567.25,7567.5,7565.25,7565.75,,,,,,,,,7611.425,7583.1625,7579.8375,7551.575,,,
1784242200,7565.25,7566.25,7563.75,7564.5,,,,,,,,,7611.425,7583.1625,7579.8375,7551.575,,,
1784242500,7564.5,7566.5,7563.75,7566,,,,,,,,,7611.425,7583.1625,7579.8375,7551.575,,,
1784242800,7566.25,7567,7563.25,7565.25,,,,,,,,,7611.425,7583.1625,7579.8375,7551.575,,,
1784243100,7565.5,7565.5,7561.5,7562.5,,,,,,,,,7611.425,7583.1625,7579.8375,7551.575,,,
1784243400,7562.5,7565.75,7561.25,7565,,,,,,,,,7611.425,7583.1625,7579.8375,7551.575,,,
1784243700,7565,7565,7562.25,7562.75,,,,,,,,,7611.425,7583.1625,7579.8375,7551.575,,,
1784244000,7562.5,7563,7559.75,7560,,,,,,,,,7611.425,7583.1625,7579.8375,7551.575,,,
1784244300,7560.25,7562.25,7558.5,7561,,,,,,,,,7611.425,7583.1625,7579.8375,7551.575,,,
1784244600,7561,7561.5,7558.25,7559.75,,,,,,,,,7611.425,7583.1625,7579.8375,7551.575,,,
1784244900,7560,7562.25,7556.75,7562,,,7556.75,,,,,,7611.425,7583.1625,7579.8375,7551.575,,,
1784245200,7561.75,7564.25,7561.75,7562,,7564.25,,,,,,,7611.425,7583.1625,7579.8375,7551.575,,,
1784245500,7562.5,7562.5,7559,7560.75,,,,,,,,,7611.425,7583.1625,7579.8375,7551.575,,,
1784245800,7560.25,7563.25,7560,7562.25,,,,,,,,,7611.425,7583.1625,7579.8375,7551.575,,,
1784246100,7562.5,7562.5,7558.5,7560.5,,,,,,,,,7611.425,7583.1625,7579.8375,7551.575,,,
1784246400,7560.5,7563.75,7558.5,7558.75,,,,,,,,,7611.425,7583.1625,7579.8375,7551.575,,,
1784246700,7558.75,7559,7554,7555.5,,,,,,,,,7611.425,7583.1625,7579.8375,7551.575,,,
1784247000,7555.75,7555.75,7552,7553.25,,,,,,,,,7611.425,7583.1625,7579.8375,7551.575,,,
1784247300,7553.25,7557.25,7552.5,7554,,,,,,,,,7611.425,7583.1625,7579.8375,7551.575,,,
1784247600,7553.75,7555.25,7552,7552.25,,,,,,,,,7611.425,7583.1625,7579.8375,7551.575,,,
1784247900,7552.5,7553.25,7549.25,7550,,,,,,,,,7611.425,7583.1625,7579.8375,7551.575,,,
1784248200,7550.25,7551,7547.5,7549.5,,,,,,,,,7611.3875,7582.80625,7579.44375,7550.8625,,,
1784248500,7549.5,7550.5,7547.5,7548.25,,,,,,,,,7611.3875,7582.80625,7579.44375,7550.8625,,,
1784248800,7548.25,7549.25,7546,7548.25,,,7546,,,,,,7611.3125,7582.09375,7578.65625,7549.4375,,,
1784249100,7548.25,7550.5,7547.75,7550.5,,,,,,,,,7611.3125,7582.09375,7578.65625,7549.4375,,,
1784249400,7550,7554,7549.5,7553.75,,,,,,,,,7611.3125,7582.09375,7578.65625,7549.4375,,,
1784249700,7554,7555.5,7552,7552,,,,,,,,,7611.3125,7582.09375,7578.65625,7549.4375,,,
1784250000,7552.25,7556.25,7551.25,7552.75,,7556.25,,,,,,,7611.3125,7582.09375,7578.65625,7549.4375,,,
1784250300,7552.75,7552.75,7546.5,7549.5,,,,,,,,,7611.3125,7582.09375,7578.65625,7549.4375,,,
1784250600,7549.5,7550.25,7545,7545.75,,,,,,,,,7611.2625,7581.61875,7578.13125,7548.4875,,,
1784250900,7546,7548.5,7545.5,7546.5,,,,,,,,,7611.2625,7581.61875,7578.13125,7548.4875,,,
1784251200,7546.5,7547.5,7544.5,7545.5,,,,,,,,,7611.2375,7581.38125,7577.86875,7548.0125,,,
1784251500,7545.5,7548.25,7543.5,7548.25,,,,,,,,,7611.1875,7580.90625,7577.34375,7547.0625,,,
1784251800,7548.25,7548.75,7540.25,7540.75,,,,,,,,,7611.025,7579.362499999999,7575.637500000001,7543.974999999999,,,
1784252100,7540.5,7544,7540,7542.25,,,,,,,,,7611.0125,7579.24375,7575.50625,7543.7375,,,
1784252400,7542.25,7543.25,7537.75,7539,,,,,,,,,7610.9,7578.174999999999,7574.325000000001,7541.599999999999,,,
1784252700,7538.75,7540.5,7535.5,7536.75,,,,,,,,,7610.787499999999,7577.10625,7573.14375,7539.4625,,,
1784253000,7537,7538.25,7535.75,7536.25,,,,,,,,,7610.787499999999,7577.10625,7573.14375,7539.4625,,,
1784253300,7536,7538.75,7535.25,7538.25,,,,,,,,,7610.775,7576.987499999999,7573.012500000001,7539.224999999999,,,
1784253600,7538.25,7539.5,7537,7538.5,,,,,,,,,7610.775,7576.987499999999,7573.012500000001,7539.224999999999,,,
1784253900,7538.5,7539,7534,7534.25,,,,,,,,,7610.7125,7576.393749999999,7572.356250000001,7538.037499999999,,,
1784254200,7534.25,7536.5,7533.75,7535.25,,,,,,,,,7610.7,7576.275,7572.225,7537.8,,,
1784254500,7535,7535.25,7532.75,7533.5,,,,,,,,,7610.65,7575.799999999999,7571.700000000001,7536.849999999999,,,
1784254800,7533.75,7534,7531.25,7532,,,,,,,,,7610.575,7575.0875,7570.9125,7535.425,,,
1784255100,7531.75,7532.5,7530,7531.25,,,,,,,,,7610.5125,7574.49375,7570.25625,7534.2375,,,
1784255400,7531.5,7532.25,7528.5,7529.25,,,,,,,,,7610.4375,7573.78125,7569.46875,7532.8125,,,
1784255700,7529.25,7530.75,7528.5,7530,,,,,,,,,7610.4375,7573.78125,7569.46875,7532.8125,,,
1784256000,7530,7532.5,7529.25,7532.5,,,,,,,,,7610.4375,7573.78125,7569.46875,7532.8125,,,
1784256300,7532.5,7533.25,7529,7529.75,,,,,,,,,7610.4375,7573.78125,7569.46875,7532.8125,,,
1784256600,7529.75,7530.25,7527.25,7527.25,,,,,,,,,7610.375,7573.1875,7568.8125,7531.625,,,
1784256900,7527.25,7530.5,7525.5,7530,,,7525.5,,,,,,7610.287499999999,7572.35625,7567.89375,7529.9625,,,
1784257200,7530.25,7532,7528.5,7531.25,,,,,,,,,7610.287499999999,7572.35625,7567.89375,7529.9625,,,
1784257500,7531.25,7535,7531.25,7534.25,,,,,,,,,7610.287499999999,7572.35625,7567.89375,7529.9625,,,
1784257800,7534,7535.5,7533,7534.25,,,,,,,,,7610.287499999999,7572.35625,7567.89375,7529.9625,,,
1784258100,7534.25,7537.25,7534.25,7537,,,,,,,,,7610.287499999999,7572.35625,7567.89375,7529.9625,,,
1784258400,7537.25,7540.5,7536.75,7538.75,,,,,,,,,7610.287499999999,7572.35625,7567.89375,7529.9625,,,
1784258700,7538.75,7541.25,7538.5,7539.5,,7541.25,,,,,,,7610.287499999999,7572.35625,7567.89375,7529.9625,,,
1784259000,7539.25,7540,7533,7533.75,,,,,,,,,7610.287499999999,7572.35625,7567.89375,7529.9625,,,
1784259300,7533.75,7537,7533.75,7533.75,,,,,,,,,7610.287499999999,7572.35625,7567.89375,7529.9625,,,
1784259600,7534,7534,7528.5,7530.25,,,,,,,,,7610.287499999999,7572.35625,7567.89375,7529.9625,,,
1784259900,7530.5,7530.75,7527.25,7527.25,,,,,,,,,7610.287499999999,7572.35625,7567.89375,7529.9625,,,
1784260200,7527.5,7527.75,7525.25,7526,,,,,,,,,7610.275,7572.237499999999,7567.762500000001,7529.724999999999,,,
1784260500,7526,7526.5,7524.25,7524.25,,,,,,,,,7610.224999999999,7571.7625,7567.2375,7528.775,,,
1784260800,7524.25,7524.75,7519,7519.5,,,,,,,,,7609.9625,7569.268749999999,7564.481250000001,7523.787499999999,,,
1784261100,7519.5,7522,7518.5,7519.75,,,,,,,,,7609.9375,7569.03125,7564.21875,7523.3125,,,
1784261400,7519.75,7520.75,7517.5,7518.5,,,,,,,,,7609.8875,7568.55625,7563.69375,7522.3625,,,
1784261700,7518.75,7519.25,7516.75,7517.75,,,,,,,,,7609.849999999999,7568.2,7563.3,7521.65,,,
1784262000,7517.5,7519.5,7515,7516.25,,,,,,,,,7609.7625,7567.36875,7562.38125,7519.9875,,,
1784262300,7516.25,7516.75,7512.5,7514.25,,,,,,,,,7609.6375,7566.18125,7561.06875,7517.6125,,,
1784262600,7514.25,7516,7509.5,7511.5,,,,,,,,,7609.4875,7564.75625,7559.49375,7514.7625,,,
1784262900,7511.5,7513,7509,7511.75,,,7509,,,,,,7609.4625,7564.518749999999,7559.231250000001,7514.287499999999,,,
1784263200,7511.75,7515.25,7510,7514,,,,,,,,,7609.4625,7564.518749999999,7559.231250000001,7514.287499999999,,,
1784263500,7514.25,7517.75,7513.75,7517,,,,,,,,,7609.4625,7564.518749999999,7559.231250000001,7514.287499999999,,,
1784263800,7517,7519,7516.25,7519,,,,,,,,,7609.4625,7564.518749999999,7559.231250000001,7514.287499999999,,,
1784264100,7519,7519.25,7514,7514,,7519.25,,,,,,,7609.4625,7564.518749999999,7559.231250000001,7514.287499999999,,,
1784264400,7514,7515.75,7511.75,7515.5,,,,,,,,,7609.4625,7564.518749999999,7559.231250000001,7514.287499999999,,,
1784264700,7515.25,7515.5,7511.5,7513,,,,,,,,,7609.4625,7564.518749999999,7559.231250000001,7514.287499999999,,,
1784265000,7513.25,7514.5,7511,7512,,,,,,,,,7609.4625,7564.518749999999,7559.231250000001,7514.287499999999,,,
1784265300,7512.25,7514.75,7509.75,7513.75,,,,,,,,,7609.4625,7564.518749999999,7559.231250000001,7514.287499999999,,,
1784265600,7513.75,7513.75,7511.5,7512,,,,,,,,,7609.4625,7564.518749999999,7559.231250000001,7514.287499999999,,,
1784265900,7511.75,7512.75,7510.75,7511.5,,,,,,,,,7609.4625,7564.518749999999,7559.231250000001,7514.287499999999,,,
1784266200,7511.75,7514.25,7508,7509.25,,,,,,,,,7609.412499999999,7564.04375,7558.70625,7513.3375,,,
1784266500,7509.5,7510.5,7505,7506.5,,,,,,,,,7609.2625,7562.61875,7557.13125,7510.4875,,,
1784266800,7506.75,7508.25,7503.25,7508.25,,,7503.25,,,,,,7609.175,7561.7875,7556.2125,7508.825,,,
1784267100,7508,7511,7505.25,7510,,,,,,,,,7609.175,7561.7875,7556.2125,7508.825,,,
1784267400,7510,7511,7508,7511,,,,,,,,,7609.175,7561.7875,7556.2125,7508.825,,,
1784267700,7511,7511.75,7507.75,7511.25,,,,,,,,,7609.175,7561.7875,7556.2125,7508.825,,,
1784268000,7511.25,7515.25,7510.75,7513.5,,,,,,,,,7609.175,7561.7875,7556.2125,7508.825,,,
1784268300,7513.5,7515.25,7509,7510,,,,,,,,,7609.175,7561.7875,7556.2125,7508.825,,,
1784268600,7510,7515.75,7509,7513.75,,,,,,,,,7609.175,7561.7875,7556.2125,7508.825,,,
1784268900,7513.75,7518,7513,7517.25,,,,,,,,,7609.175,7561.7875,7556.2125,7508.825,,,
1784269200,7517.25,7521,7517.25,7520.75,,,,,,,,,7609.175,7561.7875,7556.2125,7508.825,,,
1784269500,7521,7523.25,7520.75,7521.75,,,,,,,,,7609.175,7561.7875,7556.2125,7508.825,,,
1784269800,7522,7523.5,7521,7522.5,7523.5,,,,,,,,7609.175,7561.7875,7556.2125,7508.825,,,
1784270100,7522.75,7523,7517.25,7517.5,,,,,,,,,7609.175,7561.7875,7556.2125,7508.825,,,
1784270400,7517.5,7518.25,7514.25,7515.75,,,,,,,,,7609.175,7561.7875,7556.2125,7508.825,,,
1784270700,7515.5,7515.75,7510.75,7511.75,,,,,,,,,7609.175,7561.7875,7556.2125,7508.825,,,
1784271000,7511.5,7512.25,7508.75,7511,,,,7508.75,,,,,7609.175,7561.7875,7556.2125,7508.825,,,
1784271300,7511.25,7513,7510.5,7512,,,,,,,,,7609.175,7561.7875,7556.2125,7508.825,,,
1784271600,7512.25,7516.25,7510.25,7516.25,,,,,,,,,7609.175,7561.7875,7556.2125,7508.825,,,
1784271900,7516,7516.25,7511.25,7511.75,,,,,,,,,7609.175,7561.7875,7556.2125,7508.825,,,
1784272200,7512,7514.75,7510,7514.5,,,,,,,,,7609.175,7561.7875,7556.2125,7508.825,,,
1784272500,7514.75,7517,7514,7516.25,,,,,,,,,7609.175,7561.7875,7556.2125,7508.825,,,
1784272800,7516,7516.25,7510.75,7511.75,,,,,,,,,7609.175,7561.7875,7556.2125,7508.825,,,
1784273100,7511.75,7517.25,7510.25,7516.75,,,,,,,,,7609.175,7561.7875,7556.2125,7508.825,,,
1784273400,7517,7519,7514.75,7515,,7519,,,,,,,7609.175,7561.7875,7556.2125,7508.825,,,
1784273700,7514.75,7516,7512.75,7516,,,,,,,,,7609.175,7561.7875,7556.2125,7508.825,,,
1784274000,7516,7517.25,7513,7515.5,,,,,,,,,7609.175,7561.7875,7556.2125,7508.825,,,
1784274300,7515.25,7515.25,7511,7513.75,,,,,,,,,7609.175,7561.7875,7556.2125,7508.825,,,
1784274600,7514,7515.5,7512.75,7513.25,,,,,,,,,7609.175,7561.7875,7556.2125,7508.825,,,
1784274900,7513.25,7516.25,7510.5,7511.75,,,,,,,,,7609.175,7561.7875,7556.2125,7508.825,,,
1784275200,7511.75,7515.5,7511,7514.5,,,,,,,,,7609.175,7561.7875,7556.2125,7508.825,,,
1784275500,7514.75,7517,7509.75,7512.5,,,,,,,,,7609.175,7561.7875,7556.2125,7508.825,,,
1784275800,7512.25,7512.25,7506.25,7507.5,,,,,,,,,7609.175,7561.7875,7556.2125,7508.825,,,
1784276100,7507.5,7508.25,7495.5,7497.25,,,,,,,,,7608.787499999999,7558.10625,7552.14375,7501.4625,,,
1784276400,7497.5,7501.25,7495,7498.25,,,,,,,,,7608.7625,7557.86875,7551.88125,7500.9875,,,
1784276700,7498,7503.5,7495.25,7500.25,,,,,,,,,7608.7625,7557.86875,7551.88125,7500.9875,,,
1784277000,7500.5,7502.25,7494.75,7495.5,,,,,,,,,7608.75,7557.75,7551.75,7500.75,,,
1784277300,7495.5,7496.75,7491.5,7493,,,,,,,,,7608.5875,7556.206249999999,7550.043750000001,7497.662499999999,,,
1784277600,7493,7495.5,7491.25,7495.25,,,7491.25,,,,,,7608.575,7556.0875,7549.9125,7497.425,,,
1784277900,7494.75,7498.5,7494.5,7496,,,,,,,,,7608.575,7556.0875,7549.9125,7497.425,,,
1784278200,7496,7500.25,7493.75,7499.25,,,,,,,,,7608.575,7556.0875,7549.9125,7497.425,,,
1784278500,7499.25,7504.25,7498.75,7499.5,,,,,,,,,7608.575,7556.0875,7549.9125,7497.425,,,
1784278800,7499.5,7501,7496.75,7500.75,,,,,,,,,7608.575,7556.0875,7549.9125,7497.425,,,
1784279100,7501,7501,7498,7500,,,,,,,,,7608.575,7556.0875,7549.9125,7497.425,,,
1784279400,7500,7506,7499,7505.5,,,,,,,,,7608.575,7556.0875,7549.9125,7497.425,,,
1784279700,7505.5,7505.75,7502,7503.75,,,,,,,,,7608.575,7556.0875,7549.9125,7497.425,,,
1784280000,7504,7507.75,7503,7507.75,,,,,,,,,7608.575,7556.0875,7549.9125,7497.425,,,
1784280300,7507.75,7510.5,7507.75,7510.25,,,,,,,,,7608.575,7556.0875,7549.9125,7497.425,,,
1784280600,7510.5,7510.5,7505,7505.25,,,,,,,,,7608.575,7556.0875,7549.9125,7497.425,,,
1784280900,7505.25,7508,7504,7507,,,,,,,,,7608.575,7556.0875,7549.9125,7497.425,,,
1784281200,7507,7507.25,7502.75,7503.75,,,,,,,,,7608.575,7556.0875,7549.9125,7497.425,,,
1784281500,7503.5,7507.5,7503.5,7504.75,,,,,,,,,7608.575,7556.0875,7549.9125,7497.425,,,
1784281800,7504.75,7510,7504.75,7509,,,,,,,,,7608.575,7556.0875,7549.9125,7497.425,,,
1784282100,7509,7510.75,7507.5,7510,,,,,,,,,7608.575,7556.0875,7549.9125,7497.425,,,
1784282400,7510.25,7511.75,7507,7509.5,,,,,,,,,7608.575,7556.0875,7549.9125,7497.425,,,
1784282700,7509.25,7513.25,7509.25,7512.75,,,,,,,,,7608.575,7556.0875,7549.9125,7497.425,,,
1784283000,7512.5,7517.25,7511.25,7516.5,,,,,,,,,7608.575,7556.0875,7549.9125,7497.425,,,
1784283300,7516.5,7518,7513.75,7515,,,,,,,,,7608.575,7556.0875,7549.9125,7497.425,,,
1784283600,7514.5,7516,7511,7513.5,,,,,,,,,7608.575,7556.0875,7549.9125,7497.425,,,
1784283900,7513.25,7516.25,7512,7515.75,,,,,,,,,7608.575,7556.0875,7549.9125,7497.425,,,
1784284200,7515.5,7519.25,7515.5,7519,,,,,,,,,7608.575,7556.0875,7549.9125,7497.425,,,
1784284500,7518.75,7520.75,7517.75,7520.5,,,,,,,,,7608.575,7556.0875,7549.9125,7497.425,,,
1784284800,7520.25,7522,7518.25,7519,7522,,,,,,,,7608.575,7556.0875,7549.9125,7497.425,,,
1784285100,7519,7520.25,7517.75,7518.25,,,,,,,,,7608.575,7556.0875,7549.9125,7497.425,,,
1784285400,7518.25,7518.5,7516.25,7517.75,,,,,,,,,7608.575,7556.0875,7549.9125,7497.425,,,
1784285700,7517.5,7520.25,7516.5,7517.75,,,,,,,,,7608.575,7556.0875,7549.9125,7497.425,,,
1784286000,7518.25,7521.75,7516.75,7517,,,,,,,,,7608.575,7556.0875,7549.9125,7497.425,,,
1784286300,7517,7519,7514,7514,,,,,,,,,7608.575,7556.0875,7549.9125,7497.425,,,
1784286600,7514,7515.75,7512,7512.75,,,,,,,,,7608.575,7556.0875,7549.9125,7497.425,,,
1784286900,7513,7514,7511.25,7512,,,,,,,,,7608.575,7556.0875,7549.9125,7497.425,,,
1784287200,7512,7513.75,7509.5,7512.25,,,,7509.5,,,,,7608.575,7556.0875,7549.9125,7497.425,,,
1784287500,7512.25,7517,7511.75,7517,,,,,,,,,7608.575,7556.0875,7549.9125,7497.425,,,
1784287800,7517.25,7517.75,7514,7515.5,,,,,,,,,7608.575,7556.0875,7549.9125,7497.425,,,
1784288100,7515.75,7518.75,7515.75,7516.75,,,,,,,,,7608.575,7556.0875,7549.9125,7497.425,,,
1784288400,7516.75,7518,7513,7514,,,,,,,,,7608.575,7556.0875,7549.9125,7497.425,,,
1784288700,7514,7517.25,7512.5,7516,,,,,,,,,7608.575,7556.0875,7549.9125,7497.425,,,
1784289000,7516,7520.5,7513.25,7519.75,,,,,,,,,7608.575,7556.0875,7549.9125,7497.425,,,
1784289300,7519.75,7520.5,7517.5,7519,,7520.5,,,,,,,7608.575,7556.0875,7549.9125,7497.425,,,
1784289600,7518.75,7519.5,7512.75,7513.5,,,,,,,,,7608.575,7556.0875,7549.9125,7497.425,,,
1784289900,7513.25,7513.75,7510.25,7511,,,,,,,,,7608.575,7556.0875,7549.9125,7497.425,,,
1784290200,7511,7512.5,7509.5,7510.5,,,,,,,,,7608.575,7556.0875,7549.9125,7497.425,,,
1784290500,7510.5,7511.25,7508.5,7508.5,,,,,,,,,7608.575,7556.0875,7549.9125,7497.425,,,
1784290800,7508.5,7512.25,7507.5,7510.75,,,,,,,,,7608.575,7556.0875,7549.9125,7497.425,,,
1784291100,7510.75,7511.5,7508,7509.25,,,,,,,,,7608.575,7556.0875,7549.9125,7497.425,,,
1784291400,7509.25,7510.5,7507,7508.5,,,,,,,,,7608.575,7556.0875,7549.9125,7497.425,,,
1784291700,7508,7509.75,7506.25,7508.75,,,,,,,,,7608.575,7556.0875,7549.9125,7497.425,,,
1784292000,7509,7510.25,7505,7508,,,,,,,,,7608.575,7556.0875,7549.9125,7497.425,,,
1784292300,7507.75,7510,7503.75,7503.75,,,,,,,,,7608.575,7556.0875,7549.9125,7497.425,,,
1784292600,7503.75,7506.5,7502.5,7506.25,,,,,,,,,7608.575,7556.0875,7549.9125,7497.425,,,
1784292900,7506,7508.5,7503.5,7504.25,,,,,,,,,7608.575,7556.0875,7549.9125,7497.425,,,
1784293200,7504.25,7504.75,7498.25,7499,,,,,,,,,7608.575,7556.0875,7549.9125,7497.425,,,
1784293500,7499.25,7500.25,7493.75,7494.5,,,,,,,,,7608.575,7556.0875,7549.9125,7497.425,,,
1784293800,7494.5,7495.75,7492.75,7493.25,,,,,,,,,7608.575,7556.0875,7549.9125,7497.425,,,
1784294100,7493.5,7496.5,7490.25,7491.5,,,,,,,,,7608.525,7555.612499999999,7549.387500000001,7496.474999999999,,,
1784294400,7491.75,7492.75,7486.75,7487.25,,,,,,,,,7608.349999999999,7553.95,7547.55,7493.15,,,
1784294700,7487.25,7493.75,7483,7485,,,,,,,,,7608.162499999999,7552.16875,7545.58125,7489.5875,,,
1784295000,7485,7491.25,7475,7475.25,,,,,,,,,7607.7625,7548.36875,7541.38125,7481.9875,,,
1784295300,7475.25,7482,7473,7480.75,,,7473,,,,,,7607.662499999999,7547.41875,7540.33125,7480.0875,,,
1784295600,7480.75,7492.25,7473.5,7475.75,,,,,,,,,7607.662499999999,7547.41875,7540.33125,7480.0875,,,
1784295900,7475.75,7497,7474.75,7496,,,,,,,,,7607.662499999999,7547.41875,7540.33125,7480.0875,,,
1784296200,7495.75,7508,7495.5,7504.25,,,,,,,,,7607.662499999999,7547.41875,7540.33125,7480.0875,,,
1784296500,7504.25,7514,7501.25,7514,,,,,,,,,7607.662499999999,7547.41875,7540.33125,7480.0875,,,
1784296800,7514,7523.75,7512.25,7518.5,,,,,,,,,7607.662499999999,7547.41875,7540.33125,7480.0875,,,
1784297100,7518.75,7530.5,7518.5,7529,,,,,,,,,7607.662499999999,7547.41875,7540.33125,7480.0875,,,
1784297400,7529,7534.25,7524.75,7528.75,,,,,,,,,7607.662499999999,7547.41875,7540.33125,7480.0875,,,
1784297700,7528.5,7539,7527.5,7531.5,7539,,,,,,,,7607.662499999999,7547.41875,7540.33125,7480.0875,,,
1784298000,7531.5,7536.75,7528,7534.5,,,,,,,,,7607.662499999999,7547.41875,7540.33125,7480.0875,,,
1784298300,7534.25,7538,7527.5,7529.25,,,,,,,,,7607.662499999999,7547.41875,7540.33125,7480.0875,,,
1784298600,7529.5,7532.25,7521.75,7526,,,,,,,,,7607.662499999999,7547.41875,7540.33125,7480.0875,,,
1784298900,7526,7533.75,7523,7533,,,,,,,,,7607.662499999999,7547.41875,7540.33125,7480.0875,,,
1784299200,7532.75,7533.75,7523,7524.5,,,,,,,,,7607.662499999999,7547.41875,7540.33125,7480.0875,,,
1784299500,7524.5,7531.75,7518.5,7522.25,,,,,,,,,7607.662499999999,7547.41875,7540.33125,7480.0875,,,
1784299800,7522.5,7524.25,7517.25,7519.75,,,,,,,,,7607.662499999999,7547.41875,7540.33125,7480.0875,,,
1784300100,7519.75,7527.75,7514.25,7516,,,,,,,,,7607.662499999999,7547.41875,7540.33125,7480.0875,,,
1784300400,7516.25,7518,7506.75,7508,,,,,,,,,7607.662499999999,7547.41875,7540.33125,7480.0875,,,
1784300700,7507.75,7516,7506.75,7514.25,,,,,,,,,7607.662499999999,7547.41875,7540.33125,7480.0875,,,
1784301000,7514.25,7517.75,7506.5,7509,,,,,,,,,7607.662499999999,7547.41875,7540.33125,7480.0875,,,
1784301300,7509,7514.25,7505.25,7511.25,,,,,,,,,7607.662499999999,7547.41875,7540.33125,7480.0875,,,
1784301600,7511,7514.75,7504.75,7508.75,,,,7504.75,,,,,7607.662499999999,7547.41875,7540.33125,7480.0875,,,
1784301900,7508.75,7521.5,7508.25,7520.25,,,,,,,,,7607.662499999999,7547.41875,7540.33125,7480.0875,,,
1784302200,7520,7525,7514,7515.75,,,,,,,,,7607.662499999999,7547.41875,7540.33125,7480.0875,,,
1784302500,7515.75,7523.25,7510,7522.25,,,,,,,,,7607.662499999999,7547.41875,7540.33125,7480.0875,,,
1784302800,7522,7524.5,7515.25,7520.5,,,,,,,,,7607.662499999999,7547.41875,7540.33125,7480.0875,,,
1784303100,7520.75,7521.75,7514.25,7521.25,,,,,,,,,7607.662499999999,7547.41875,7540.33125,7480.0875,,,
1784303400,7521,7526.5,7517.25,7526.25,,,,,,,,,7607.662499999999,7547.41875,7540.33125,7480.0875,,,
1784303700,7526.5,7536.5,7525.25,7534,,,,,,,,,7607.662499999999,7547.41875,7540.33125,7480.0875,,,
1784304000,7534.5,7537,7517.25,7521,,7537,,,,,,,7607.662499999999,7547.41875,7540.33125,7480.0875,,,
1784304300,7520.75,7525,7513.75,7525,,,,7513.75,,,,,7607.662499999999,7547.41875,7540.33125,7480.0875,,,
1784304600,7525,7529,7522.25,7528.25,,,,,,,,,7607.662499999999,7547.41875,7540.33125,7480.0875,,,
1784304900,7528.5,7531,7525.25,7529,,7531,,,,,,,7607.662499999999,7547.41875,7540.33125,7480.0875,,,
1784305200,7528.75,7530.5,7517.5,7517.75,,,,,,,,,7607.662499999999,7547.41875,7540.33125,7480.0875,,,
1784305500,7517.75,7529.75,7516.5,7524.75,,,,7516.5,,,,,7607.662499999999,7547.41875,7540.33125,7480.0875,,,
1784305800,7525,7527.25,7520.75,7521,,,,,,,,,7607.662499999999,7547.41875,7540.33125,7480.0875,,,
1784306100,7521,7526.25,7520.75,7524.5,,,,,,,,,7607.662499999999,7547.41875,7540.33125,7480.0875,,,
1784306400,7524.5,7530.25,7521.25,7529.5,,,,,,,,,7607.662499999999,7547.41875,7540.33125,7480.0875,,,
1784306700,7530,7536,7528,7534.25,,,,,,,,,7607.662499999999,7547.41875,7540.33125,7480.0875,,,
1784307000,7534.5,7539,7531.5,7534.5,7539,,,,,,,,7607.662499999999,7547.41875,7540.33125,7480.0875,,,
1784307300,7534.5,7535.25,7527,7529.25,,,,,,,,,7607.662499999999,7547.41875,7540.33125,7480.0875,,,
1784307600,7529.25,7537.75,7527.75,7532.25,,,,,,,,,7607.662499999999,7547.41875,7540.33125,7480.0875,,,
1784307900,7532.25,7535.75,7530.25,7535.5,,,,,,,,,7607.662499999999,7547.41875,7540.33125,7480.0875,,,
1784308200,7535.25,7537,7529.5,7529.75,,,,,,,,,7607.662499999999,7547.41875,7540.33125,7480.0875,,,
1784308500,7529.75,7535.75,7528.25,7528.75,,,,,,,,,7607.662499999999,7547.41875,7540.33125,7480.0875,,,
1784308800,7528.75,7530,7525.25,7528.75,,,,,,,,,7607.662499999999,7547.41875,7540.33125,7480.0875,,,
1784309100,7528.5,7536,7528.25,7534.25,,,,,,,,,7607.662499999999,7547.41875,7540.33125,7480.0875,,,
1784309400,7534.5,7535.5,7530.75,7531.5,,,,,,,,,7607.662499999999,7547.41875,7540.33125,7480.0875,,,
1784309700,7531.5,7532.5,7524.25,7525.5,,,,,,,,,7607.662499999999,7547.41875,7540.33125,7480.0875,,,
1784310000,7525.5,7526,7520.25,7521.25,,,,,,,,,7607.662499999999,7547.41875,7540.33125,7480.0875,,,
1784310300,7521.25,7524.25,7519.25,7521,,,,,,,,,7607.662499999999,7547.41875,7540.33125,7480.0875,,,
1784310600,7521,7521.5,7513,7514,,,,,,,,,7607.662499999999,7547.41875,7540.33125,7480.0875,,,
1784310900,7514.25,7515.25,7508.75,7511,,,,,,,,,7607.662499999999,7547.41875,7540.33125,7480.0875,,,
1784311200,7511,7516.5,7509,7511.5,,,,,,,,,7607.662499999999,7547.41875,7540.33125,7480.0875,,,
1784311500,7511.5,7511.5,7506.5,7508.25,,,,,,,,,7607.662499999999,7547.41875,7540.33125,7480.0875,,,
1784311800,7508.25,7510.25,7506,7506.25,,,,,,,,,7607.662499999999,7547.41875,7540.33125,7480.0875,,,
1784312100,7506.25,7507.5,7500.75,7503.5,,,,,,,,,7607.662499999999,7547.41875,7540.33125,7480.0875,,,
1784312400,7503.5,7506.75,7500.5,7502.25,,,,,,,,,7607.662499999999,7547.41875,7540.33125,7480.0875,,,
1784312700,7502.25,7502.75,7497.75,7502.25,,,,,,,,,7607.662499999999,7547.41875,7540.33125,7480.0875,,,
1784313000,7502,7508.75,7499,7501.75,,,,,,,,,7607.662499999999,7547.41875,7540.33125,7480.0875,,,
1784313300,7501.75,7504.75,7500.25,7502.5,,,,,,,,,7607.662499999999,7547.41875,7540.33125,7480.0875,,,
1784313600,7502.75,7503.5,7495.75,7497.25,,,,,,,,,7607.662499999999,7547.41875,7540.33125,7480.0875,,,
1784313900,7497.25,7507.25,7495,7504,,,,,,,,,7607.662499999999,7547.41875,7540.33125,7480.0875,,,
1784314200,7504,7511,7501.75,7510.75,,,,,,,,,7607.662499999999,7547.41875,7540.33125,7480.0875,,,
1784314500,7511,7512,7506.5,7508.5,,,,,,,,,7607.662499999999,7547.41875,7540.33125,7480.0875,,,
1784314800,7508.75,7510,7502.25,7503.75,,,,,,,,,7607.662499999999,7547.41875,7540.33125,7480.0875,,,
1784315100,7504,7505.25,7499,7499.25,,,,,,,,,7607.662499999999,7547.41875,7540.33125,7480.0875,,,
1784315400,7499.25,7500,7492.25,7492.5,,,,,,,,,7607.662499999999,7547.41875,7540.33125,7480.0875,,,
1784315700,7492.25,7495.25,7490.75,7494.5,,,,,,,,,7607.662499999999,7547.41875,7540.33125,7480.0875,,,
1784316000,7494.25,7494.25,7488.5,7488.5,,,,,,,,,7607.662499999999,7547.41875,7540.33125,7480.0875,,,
1784316300,7488.5,7498,7486.25,7496.75,,,7486.25,,,,,,7607.662499999999,7547.41875,7540.33125,7480.0875,,,
1784316600,7497,7501.25,7492.5,7495.25,,,,,,,,,7607.662499999999,7547.41875,7540.33125,7480.0875,,,
1784316900,7495.25,7500.5,7492.5,7493.5,,,,,,,,,7607.662499999999,7547.41875,7540.33125,7480.0875,,,
1784317200,7493.5,7501.5,7491.25,7500,,,,,,,,,7607.662499999999,7547.41875,7540.33125,7480.0875,,,
1784317500,7500,7505.75,7498.5,7505.25,,,,,,,,,7607.662499999999,7547.41875,7540.33125,7480.0875,,,
1784317800,7505,7508.25,7499.75,7504.75,,,,,,,,,7607.662499999999,7547.41875,7540.33125,7480.0875,,,
1784318100,7504.5,7509.25,7494.25,7496.5,,7509.25,,,,,,,7607.662499999999,7547.41875,7540.33125,7480.0875,,,
1784318400,7496.75,7497.5,7487,7490,,,,,,,,,7607.662499999999,7547.41875,7540.33125,7480.0875,,,
1784318700,7489.75,7491,7487,7489.25,,,,,,,,,7607.662499999999,7547.41875,7540.33125,7480.0875,,,
1784319000,7489.25,7490,7484.5,7488.5,,,7484.5,,,,,,7607.662499999999,7547.41875,7540.33125,7480.0875,,,
1784319300,7488.75,7490.25,7487.25,7489.25,,,,,,,,,7607.662499999999,7547.41875,7540.33125,7480.0875,,,
1784319600,7489.25,7492.75,7489.25,7492.25,,,,,,,,,7607.662499999999,7547.41875,7540.33125,7480.0875,,,
1784319900,7492.5,7494,7492.25,7493,,,,,,,,,7607.662499999999,7547.41875,7540.33125,7480.0875,,,
1784320200,7492.75,7495.75,7492.5,7494.75,,,,,,,,,7607.662499999999,7547.41875,7540.33125,7480.0875,,,
1784320500,7494.75,7495.75,7493,7494.75,,,,,,,,,7607.662499999999,7547.41875,7540.33125,7480.0875,,,
1784320800,7494.5,7496.5,7494.25,7496,,,,,,,,,7607.662499999999,7547.41875,7540.33125,7480.0875,,,
1784321100,7496.25,7496.75,7494,7494.5,,,,,,,,,7607.662499999999,7547.41875,7540.33125,7480.0875,,,
1784321400,7494.25,7497.5,7493.5,7497,,,,,,,,,7607.662499999999,7547.41875,7540.33125,7480.0875,,,
1784321700,7496.75,7498,7494.75,7495,,7498,,,,,,,7607.662499999999,7547.41875,7540.33125,7480.0875,,,
1784498400,7484.5,7497.25,7484,7487.75,,,,,,,,,7535.699999999999,7507.65,7504.35,7476.299999999999,,,
1784498700,7487.5,7488.75,7482,7487.25,,,7482,,,,,,7535.699999999999,7507.65,7504.35,7476.299999999999,,,
1784499000,7487,7487.75,7482.25,7483.5,,,,,,,,,7535.699999999999,7507.65,7504.35,7476.299999999999,,,
1784499300,7483.75,7492.75,7483.75,7492.5,,,,,,,,,7535.699999999999,7507.65,7504.35,7476.299999999999,,,
1784499600,7492.5,7496.5,7490.75,7490.75,,,,,,,,,7535.699999999999,7507.65,7504.35,7476.299999999999,,,
1784499900,7491,7491.25,7487,7487.5,,,,,,,,,7535.699999999999,7507.65,7504.35,7476.299999999999,,,
1784500200,7487,7497,7485.75,7496.75,,,,,,,,,7535.699999999999,7507.65,7504.35,7476.299999999999,,,
1784500500,7496.5,7497.5,7494,7495.5,,,,,,,,,7535.699999999999,7507.65,7504.35,7476.299999999999,,,
1784500800,7495.5,7502.5,7495.5,7500.75,7502.5,,,,,,,,7535.699999999999,7507.65,7504.35,7476.299999999999,,,
1784501100,7500.5,7502.25,7496.5,7499,,,,,,,,,7535.699999999999,7507.65,7504.35,7476.299999999999,,,
1784501400,7499,7499.5,7494.5,7496,,,,,,,,,7535.699999999999,7507.65,7504.35,7476.299999999999,,,
1784501700,7496,7497.5,7494.75,7495.75,,,,,,,,,7535.699999999999,7507.65,7504.35,7476.299999999999,,,
1784502000,7496,7496.5,7492,7494.25,,,,,,,,,7535.699999999999,7507.65,7504.35,7476.299999999999,,,
1784502300,7494.25,7497.5,7493.25,7497,,,,,,,,,7535.699999999999,7507.65,7504.35,7476.299999999999,,,
1784502600,7497.25,7498.5,7495.25,7495.5,,,,,,,,,7535.699999999999,7507.65,7504.35,7476.299999999999,,,
1784502900,7495.75,7496.25,7493.5,7495.25,,,,,,,,,7535.699999999999,7507.65,7504.35,7476.299999999999,,,
1784503200,7495.25,7497,7492.5,7496.75,,,,,,,,,7535.699999999999,7507.65,7504.35,7476.299999999999,,,
1784503500,7496.75,7498.5,7491.75,7493.25,,,,,,,,,7535.699999999999,7507.65,7504.35,7476.299999999999,,,
1784503800,7493.5,7496.75,7490.75,7496.75,,,,7490.75,,,,,7535.699999999999,7507.65,7504.35,7476.299999999999,,,
1784504100,7496.75,7498.5,7494.25,7497,,,,,,,,,7535.699999999999,7507.65,7504.35,7476.299999999999,,,
1784504400,7497,7502,7496,7502,,,,,,,,,7535.699999999999,7507.65,7504.35,7476.299999999999,,,
1784504700,7502,7502,7494.75,7495.75,,,,,,,,,7535.699999999999,7507.65,7504.35,7476.299999999999,,,
1784505000,7495.75,7502.75,7495.5,7500.5,,,,,,,,,7535.699999999999,7507.65,7504.35,7476.299999999999,,,
1784505300,7500.25,7505.25,7499.25,7504.25,,,,,,,,,7535.699999999999,7507.65,7504.35,7476.299999999999,,,
1784505600,7504.25,7505,7496.5,7504.75,,,,,,,,,7535.699999999999,7507.65,7504.35,7476.299999999999,,,
1784505900,7504.25,7514.75,7504,7512.5,,,,,,,,,7535.699999999999,7507.65,7504.35,7476.299999999999,,,
1784506200,7512.5,7517.5,7511.75,7514.75,7517.5,,,,,,,,7535.699999999999,7507.65,7504.35,7476.299999999999,,,
1784506500,7514.75,7517.25,7513.75,7516.25,,,,,,,,,7535.699999999999,7507.65,7504.35,7476.299999999999,,,
1784506800,7515.75,7516.75,7511.5,7512.75,,,,,,,,,7535.699999999999,7507.65,7504.35,7476.299999999999,,,
1784507100,7512.5,7513,7510.25,7511.75,,,,,,,,,7535.699999999999,7507.65,7504.35,7476.299999999999,,,
1784507400,7511.5,7512,7503.75,7504,,,,,,,,,7535.699999999999,7507.65,7504.35,7476.299999999999,,,
1784507700,7503.75,7509.75,7503.5,7506.25,,,,,,,,,7535.699999999999,7507.65,7504.35,7476.299999999999,,,
1784508000,7506,7510.25,7504.25,7504.5,,,,,,,,,7535.699999999999,7507.65,7504.35,7476.299999999999,,,
1784508300,7504.5,7506.25,7502.25,7505,,,,,,,,,7535.699999999999,7507.65,7504.35,7476.299999999999,,,
1784508600,7505,7506.75,7503,7503.5,,,,,,,,,7535.699999999999,7507.65,7504.35,7476.299999999999,,,
1784508900,7503.5,7506.5,7502,7503.75,,,,,,,,,7535.699999999999,7507.65,7504.35,7476.299999999999,,,
1784509200,7503.5,7508.25,7503.25,7505.5,,,,,,,,,7535.699999999999,7507.65,7504.35,7476.299999999999,,,
1784509500,7505.25,7510.75,7504.25,7510,,,,,,,,,7535.699999999999,7507.65,7504.35,7476.299999999999,,,
1784509800,7510,7511.75,7502.75,7503.5,,,,,,,,,7535.699999999999,7507.65,7504.35,7476.299999999999,,,
1784510100,7503.75,7505.75,7501.25,7502.25,,,,,,,,,7535.699999999999,7507.65,7504.35,7476.299999999999,,,
1784510400,7502.25,7507.5,7500,7505,,,,,,,,,7535.699999999999,7507.65,7504.35,7476.299999999999,,,
1784510700,7505,7507.25,7498.5,7499,,,,,,,,,7535.699999999999,7507.65,7504.35,7476.299999999999,,,
1784511000,7499,7500.5,7498,7499.25,,,,,,,,,7535.699999999999,7507.65,7504.35,7476.299999999999,,,
1784511300,7499.25,7501,7497.25,7499.75,,,,,,,,,7535.699999999999,7507.65,7504.35,7476.299999999999,,,
1784511600,7499.5,7500.75,7492.75,7495.25,,,,,,,,,7535.699999999999,7507.65,7504.35,7476.299999999999,,,
1784511900,7495.25,7498.5,7493.75,7497.5,,,,,,,,,7535.699999999999,7507.65,7504.35,7476.299999999999,,,
1784512200,7497.25,7497.75,7490,7490.5,,,,,,,,,7535.699999999999,7507.65,7504.35,7476.299999999999,,,
1784512500,7490.5,7496,7490,7494.75,,,7490,,,,,,7535.699999999999,7507.65,7504.35,7476.299999999999,,,
1784512800,7494.75,7505.25,7494.5,7504.5,,,,,,,,,7535.699999999999,7507.65,7504.35,7476.299999999999,,,
1784513100,7504.5,7506.5,7502.75,7503.75,,7506.5,,,,,,,7535.699999999999,7507.65,7504.35,7476.299999999999,,,
1784513400,7503.75,7503.75,7499,7499.5,,,,,,,,,7535.699999999999,7507.65,7504.35,7476.299999999999,,,
1784513700,7499.75,7500,7494.5,7495,,,,,,,,,7536.15,7511.925,7509.075,7484.849999999999,,,
1784514000,7495.25,7496.5,7494,7495,,,,,,,,,7536.15,7511.925,7509.075,7484.849999999999,,,
1784514300,7495.25,7498,7493.5,7496.5,,,,7493.5,,,,,7536.15,7511.925,7509.075,7484.849999999999,,,
1784514600,7496.25,7504.5,7496,7502,,,,,,,,,7536.15,7511.925,7509.075,7484.849999999999,,,
1784514900,7502.25,7505.5,7500.75,7502.25,,,,,,,,,7536.15,7511.925,7509.075,7484.849999999999,,,
1784515200,7502.5,7509.25,7501.75,7506.75,,,,,,,,,7536.15,7511.925,7509.075,7484.849999999999,,,
1784515500,7506.75,7510.5,7506.25,7510.25,,,,,,,,,7536.15,7511.925,7509.075,7484.849999999999,,,
1784515800,7510.25,7511,7507,7507.25,7511,,,,,,,,7536.15,7511.925,7509.075,7484.849999999999,,,
1784516100,7507.25,7508.25,7505.25,7505.5,,,,,,,,,7536.15,7511.925,7509.075,7484.849999999999,,,
1784516400,7505.5,7508,7505,7505.25,,,,,,,,,7536.15,7511.925,7509.075,7484.849999999999,,,
1784516700,7505,7505.5,7501,7502,,,,7501,,,,,7536.15,7511.925,7509.075,7484.849999999999,,,
1784517000,7502.5,7504,7501.5,7503.5,,,,,,,,,7536.15,7511.925,7509.075,7484.849999999999,,,
1784517300,7503.5,7507.75,7502.5,7505.75,,,,,,,,,7536.15,7511.925,7509.075,7484.849999999999,,,
1784517600,7505.5,7507,7503.25,7506.25,,,,,,,,,7536.15,7511.925,7509.075,7484.849999999999,,,
1784517900,7506.5,7506.75,7503.5,7504.25,,,,,,,,,7536.15,7511.925,7509.075,7484.849999999999,,,
1784518200,7504,7507.5,7503,7504.75,,,,,,,,,7536.15,7511.925,7509.075,7484.849999999999,,,
1784518500,7504.5,7506.75,7502,7506,,,,,,,,,7536.15,7511.925,7509.075,7484.849999999999,,,
1784518800,7505.75,7508.25,7504,7507.5,,,,,,,,,7536.15,7511.925,7509.075,7484.849999999999,,,
1784519100,7507.5,7508.25,7506,7507.5,,,,,,,,,7536.15,7511.925,7509.075,7484.849999999999,,,
1784519400,7507.5,7510.25,7507,7509.5,,7510.25,,,,,,,7536.15,7511.925,7509.075,7484.849999999999,,,
1784519700,7509.75,7510,7504,7505.75,,,,,,,,,7536.15,7511.925,7509.075,7484.849999999999,,,
1784520000,7505.75,7507.75,7505,7506,,,,,,,,,7536.15,7511.925,7509.075,7484.849999999999,,,
1784520300,7506,7506.25,7502.5,7504,,,,,,,,,7536.15,7511.925,7509.075,7484.849999999999,,,
1784520600,7504,7504.75,7501.25,7502,,,,,,,,,7536.15,7511.925,7509.075,7484.849999999999,,,
1784520900,7501.75,7502,7499,7501.25,,,7499,,,,,,7536.15,7511.925,7509.075,7484.849999999999,,,
1784521200,7501.25,7503.5,7500,7502.75,,,,,,,,,7515.725,7500.6375,7498.8625,7483.775,,,
1784521500,7502.75,7508.25,7502.75,7507.75,,,,,,,,,7515.725,7500.6375,7498.8625,7483.775,,,
1784521800,7507.75,7512.25,7506.25,7508.5,,,,,,,,,7515.725,7500.6375,7498.8625,7483.775,,,
1784522100,7508.75,7512,7507.5,7510.5,,,,,,,,,7515.725,7500.6375,7498.8625,7483.775,,,
1784522400,7510.5,7513.5,7509.75,7512.25,,,,,,,,,7515.725,7500.6375,7498.8625,7483.775,,,
1784522700,7512.25,7514.25,7511.25,7514,,,,,,,,,7515.725,7500.6375,7498.8625,7483.775,,,
1784523000,7514.25,7515,7511.5,7511.5,7515,,,,,,,,7515.725,7500.6375,7498.8625,7483.775,,,
1784523300,7511.75,7512.5,7508.75,7509.25,,,,,,,,,7515.725,7500.6375,7498.8625,7483.775,,,
1784523600,7509.25,7510.25,7506.5,7507.25,,,,,,,,,7515.725,7500.6375,7498.8625,7483.775,,,
1784523900,7507.25,7507.25,7502.75,7503.5,,,,,,,,,7515.725,7500.6375,7498.8625,7483.775,,,
1784524200,7503.75,7504.25,7497.75,7503.5,,,,,,,,,7515.725,7500.6375,7498.8625,7483.775,,,
1784524500,7503.25,7503.25,7500,7502.5,,,,,,,,,7515.725,7500.6375,7498.8625,7483.775,,,
1784524800,7502.5,7503.25,7499,7501.25,,,,,,,,,7515.725,7500.6375,7498.8625,7483.775,,,
1784525100,7500.5,7502,7499.25,7500.25,,,,,,,,,7515.725,7500.6375,7498.8625,7483.775,,,
1784525400,7500.25,7500.5,7497.5,7498.75,,,,,,,,,7515.725,7500.6375,7498.8625,7483.775,,,
1784525700,7498.75,7500.5,7498,7498.25,,,,,,,,,7515.725,7500.6375,7498.8625,7483.775,,,
1784526000,7498.5,7500,7497.25,7497.5,,,,,,,,,7515.725,7500.6375,7498.8625,7483.775,,,
1784526300,7497.5,7499.75,7496,7498,,,,,,,,,7515.725,7500.6375,7498.8625,7483.775,,,
1784526600,7497.75,7498.25,7494.5,7495,,,,,,,,,7515.725,7500.6375,7498.8625,7483.775,,,
1784526900,7495,7498.75,7494,7496.25,,,,,,,,,7515.725,7500.6375,7498.8625,7483.775,,,
1784527200,7496.25,7498.75,7495.5,7498,,,,,,,,,7515.725,7500.6375,7498.8625,7483.775,,,
1784527500,7498,7499.75,7495,7497.5,,,,,,,,,7516.125,7504.4375,7503.0625,7491.375,,,
1784527800,7497.25,7497.25,7494.5,7495.25,,,,,,,,,7516.125,7504.4375,7503.0625,7491.375,,,
1784528100,7495.25,7497.75,7493.75,7496,,,,,,,,,7516.125,7504.4375,7503.0625,7491.375,,,
1784528400,7496.25,7498.25,7493,7493,,,,,,,,,7516.125,7504.4375,7503.0625,7491.375,,,
1784528700,7493,7496,7493,7495,,,,,,,,,7516.125,7504.4375,7503.0625,7491.375,,,
1784529000,7494.75,7496,7492.25,7493,,,,,,,,,7516.125,7504.4375,7503.0625,7491.375,,,
1784529300,7493,7494,7490.75,7492.5,,,7490.75,,,,,,7516.125,7504.4375,7503.0625,7491.375,,,
1784529600,7492.25,7498.5,7492.25,7496.5,,,,,,,,,7516.125,7504.4375,7503.0625,7491.375,,,
1784529900,7496.5,7497,7493.5,7494.75,,,,,,,,,7516.125,7504.4375,7503.0625,7491.375,,,
1784530200,7494.75,7497.5,7494.75,7496.5,,,,,,,,,7516.125,7504.4375,7503.0625,7491.375,,,
1784530500,7496.5,7497.25,7494.25,7497.25,,,,,,,,,7516.125,7504.4375,7503.0625,7491.375,,,
1784530800,7497.25,7502.75,7497.25,7500.5,,,,,,,,,7516.125,7504.4375,7503.0625,7491.375,,,
1784531100,7500.5,7501.5,7498.75,7500.25,,,,,,,,,7516.125,7504.4375,7503.0625,7491.375,,,
1784531400,7500.75,7501,7498.75,7499.75,,,,,,,,,7516.125,7504.4375,7503.0625,7491.375,,,
1784531700,7499.5,7500,7496.5,7498.75,,,,,,,,,7516.125,7504.4375,7503.0625,7491.375,,,
1784532000,7499,7506.25,7498.25,7504.5,,,,,,,,,7516.125,7504.4375,7503.0625,7491.375,,,
1784532300,7504.25,7510,7504,7509.5,,,,,,,,,7516.125,7504.4375,7503.0625,7491.375,,,
1784532600,7509.5,7517.5,7509.5,7515.75,,,,,,,,,7516.125,7504.4375,7503.0625,7491.375,,,
1784532900,7515.5,7518,7514.5,7516.5,,,,,,,,,7516.599999999999,7504.700000000001,7503.299999999999,7491.4,,,
1784533200,7516.5,7519.5,7514.5,7517.25,,,,,,,,,7518.025,7505.4875,7504.0125,7491.475,,,
1784533500,7517.25,7518.75,7513,7513.5,,,,,,,,,7518.025,7505.4875,7504.0125,7491.475,,,
1784533800,7513.25,7514.5,7511.75,7513,,,,,,,,,7518.025,7505.4875,7504.0125,7491.475,,,
1784534100,7513,7517.75,7513,7516,,,,,,,,,7518.025,7505.4875,7504.0125,7491.475,,,
1784534400,7516,7521,7515.75,7518.5,,,,,,,,,7519.45,7506.275,7504.725,7491.55,,,
1784534700,7518.5,7519.5,7514,7515.5,,,,,,,,,7519.45,7506.275,7504.725,7491.55,,,
1784535000,7515.75,7520.25,7514.75,7520,,,,,,,,,7519.45,7506.275,7504.725,7491.55,,,
1784535300,7520,7522,7518.75,7519,7522,,,,,,,,7520.4,7506.8,7505.2,7491.6,,,
1784535600,7519,7519.5,7517,7518.5,,,,,,,,,7520.4,7506.8,7505.2,7491.6,,,
1784535900,7518.25,7519.5,7517.25,7518,,,,,,,,,7520.4,7506.8,7505.2,7491.6,,,
1784536200,7517.75,7518.25,7512.75,7514.75,,,,,,,,,7520.4,7506.8,7505.2,7491.6,,,
1784536500,7515,7516,7512.75,7515.25,,,,,,,,,7520.4,7506.8,7505.2,7491.6,,,
1784536800,7515,7516.5,7512,7512.75,,,,,,,,,7520.4,7506.8,7505.2,7491.6,,,
1784537100,7513,7515.75,7512,7515.75,,,,,,,,,7520.4,7506.8,7505.2,7491.6,,,
1784537400,7515.5,7515.75,7512.5,7513,,,,,,,,,7520.4,7506.8,7505.2,7491.6,,,
1784537700,7513,7515.25,7512.5,7514.25,,,,,,,,,7520.4,7506.8,7505.2,7491.6,,,
1784538000,7514.25,7515.75,7512.75,7512.75,,,,,,,,,7520.4,7506.8,7505.2,7491.6,,,
1784538300,7512.75,7514.25,7510.5,7512.5,,,,7510.5,,,,,7520.4,7506.8,7505.2,7491.6,,,
1784538600,7512.5,7514.5,7511.75,7513.25,,,,,,,,,7520.4,7506.8,7505.2,7491.6,,,
1784538900,7513,7517,7513,7513,,,,,,,,,7520.4,7506.8,7505.2,7491.6,,,
1784539200,7512.75,7518.5,7512.75,7517.25,,,,,,,,,7520.4,7506.8,7505.2,7491.6,,,
1784539500,7517,7517.75,7516.5,7517,,,,,,,,,7520.4,7506.8,7505.2,7491.6,,,
1784539800,7517,7519.25,7515.5,7517.5,,,,,,,,,7520.4,7506.8,7505.2,7491.6,,,
1784540100,7517.25,7519,7517.25,7518.5,,,,,,,,,7520.4,7506.8,7505.2,7491.6,,,
1784540400,7518.5,7521.25,7518,7520.5,,,,,,,,,7520.4,7506.8,7505.2,7491.6,,,
1784540700,7520.5,7524,7520.25,7523.75,,,,,,,,,7522.299999999999,7507.85,7506.15,7491.7,,,
1784541000,7523.5,7529,7523,7523.5,7529,,,,,,,,7527.049999999999,7510.475,7508.525,7491.95,,,
1784541300,7523.5,7523.5,7520.5,7521.5,,,,,,,,,7527.049999999999,7510.475,7508.525,7491.95,,,
1784541600,7521.5,7523,7519.75,7520.5,,,,,,,,,7527.049999999999,7510.475,7508.525,7491.95,,,
1784541900,7520.5,7521.25,7518.5,7519.25,,,,,,,,,7527.049999999999,7510.475,7508.525,7491.95,,,
1784542200,7519.25,7521.25,7517.75,7518.25,,,,,,,,,7527.049999999999,7510.475,7508.525,7491.95,,,
1784542500,7518.5,7518.75,7516,7517.5,,,,7516,,,,,7527.049999999999,7510.475,7508.525,7491.95,,,
1784542800,7517.75,7521,7517.25,7519.75,,,,,,,,,7527.049999999999,7510.475,7508.525,7491.95,,,
1784543100,7520,7520.75,7518,7520,,,,,,,,,7527.049999999999,7510.475,7508.525,7491.95,,,
1784543400,7519.75,7523,7518.75,7520.5,,,,,,,,,7527.049999999999,7510.475,7508.525,7491.95,,,
1784543700,7520.25,7520.25,7517.25,7518.75,,,,,,,,,7527.049999999999,7510.475,7508.525,7491.95,,,
1784544000,7518.5,7520.25,7517.25,7519.5,,,,,,,,,7527.049999999999,7510.475,7508.525,7491.95,,,
1784544300,7519.25,7522.5,7518.5,7521.25,,,,,,,,,7527.049999999999,7510.475,7508.525,7491.95,,,
1784544600,7521.25,7524.25,7520.5,7524,,,,,,,,,7527.049999999999,7510.475,7508.525,7491.95,,,
1784544900,7524,7524.25,7521.25,7522,,,,,,,,,7527.049999999999,7510.475,7508.525,7491.95,,,
1784545200,7522,7526.25,7520.75,7525.75,,,,,,,,,7527.049999999999,7510.475,7508.525,7491.95,,,
1784545500,7525.75,7527.75,7525.25,7527,,,,,,,,,7527.049999999999,7510.475,7508.525,7491.95,,,
1784545800,7527,7529.75,7526.25,7527.5,,,,,,,,,7527.7625,7510.86875,7508.88125,7491.9875,,,
1784546100,7527.25,7528.5,7525,7525.25,,,,,,,,,7527.7625,7510.86875,7508.88125,7491.9875,,,
1784546400,7525.5,7526.25,7523.75,7523.75,,,,,,,,,7527.7625,7510.86875,7508.88125,7491.9875,,,
1784546700,7523.75,7524.25,7522.75,7523.5,,,,,,,,,7527.7625,7510.86875,7508.88125,7491.9875,,,
1784547000,7523.5,7545.5,7523.25,7540.75,,,,,,,,,7542.724999999999,7519.137500000001,7516.362499999999,7492.775,,,
1784547300,7540.75,7544,7538,7538.75,,,,,,,,,7542.724999999999,7519.137500000001,7516.362499999999,7492.775,,,
1784547600,7538.5,7543.5,7535.75,7539,,,,,,,,,7542.724999999999,7519.137500000001,7516.362499999999,7492.775,,,
1784547900,7539.25,7541,7533.75,7534.75,,,,,,,,,7542.724999999999,7519.137500000001,7516.362499999999,7492.775,,,
1784548200,7534.75,7537.5,7532,7536,,,,,,,,,7542.724999999999,7519.137500000001,7516.362499999999,7492.775,,,
